Age,dAge,S2,S5ESP,dS5ESP,S6r1,S6r2,S6r3,S6r4,S6r5,S6r6,S6r7,dRecodeCredit,dBrand,dCreditProvider,S10,S10r7oe,NPS,Reason,CSAT,CES,Brand-Opinion,Q6ar1,Q6ar2,Q6ar3,Q6ar4,Q6br1,Q6br2,Q6br3,Q6br4,Q6br5,Q6br6,Q7r1,Q7r2,Q7r3,Q7b,Q8r1,Q8r2,Q8r3,Q8r4,Q8r5,cluster_final
18,2,2,1,6,1,1,0,0,0,0,0,5,53.0,2.0,1.0,,9.0,Buena atención al cliente,9.0,7.0,9.0,11.0,10.0,10.0,11.0,9.0,10.0,10.0,10.0,9.0,10.0,9.0,10.0,10.0,9.0,1.0,1.0,1.0,1.0,1.0,5
18,2,1,5,7,1,0,0,0,0,0,0,4,76.0,1.0,4.0,,10.0,Fácil retiro e ingreso del dinero,10.0,7.0,10.0,11.0,8.0,11.0,11.0,11.0,11.0,11.0,10.0,10.0,11.0,9.0,10.0,11.0,10.0,1.0,1.0,1.0,2.0,1.0,5
18,2,2,12,3,0,0,0,0,1,0,0,4,76.0,1.0,,,7.0,Me parece bastante completp,5.0,7.0,8.0,11.0,9.0,9.0,7.0,10.0,9.0,8.0,8.0,7.0,8.0,9.0,8.0,10.0,6.0,1.0,2.0,3.0,2.0,3.0,4
18,2,2,14,2,0,0,0,0,1,0,0,4,76.0,1.0,,,7.0,Rapidez,7.0,5.0,8.0,9.0,7.0,10.0,9.0,8.0,8.0,9.0,6.0,7.0,8.0,8.0,7.0,8.0,7.0,3.0,3.0,2.0,3.0,2.0,4
18,2,2,1,6,0,0,0,0,1,0,0,4,52.0,1.0,,,7.0,en muchas cosas,4.0,5.0,3.0,4.0,7.0,8.0,9.0,10.0,8.0,3.0,4.0,7.0,10.0,6.0,10.0,8.0,6.0,1.0,3.0,3.0,2.0,4.0,2
18,2,2,12,3,0,1,0,0,0,0,0,5,76.0,1.0,4.0,,10.0,El dinero en tarjeta,9.0,5.0,10.0,11.0,11.0,9.0,8.0,9.0,10.0,9.0,9.0,8.0,7.0,10.0,7.0,8.0,10.0,3.0,3.0,1.0,2.0,3.0,4
18,2,2,9,5,0,0,0,0,1,0,0,4,346.0,1.0,,,10.0,Es una empresa fiable,10.0,7.0,10.0,11.0,12.0,8.0,8.0,11.0,7.0,6.0,6.0,11.0,11.0,11.0,8.0,11.0,5.0,2.0,3.0,1.0,3.0,1.0,4
18,2,2,12,3,0,1,0,0,0,0,0,4,52.0,1.0,3.0,,7.0,creo q mas q nada en la atencion a cada cliente,6.0,6.0,8.0,8.0,6.0,6.0,6.0,8.0,8.0,8.0,7.0,8.0,7.0,8.0,9.0,9.0,7.0,3.0,3.0,1.0,3.0,2.0,4
18,2,1,1,6,0,0,1,1,0,0,0,5,78.0,5.0,2.0,,6.0,Es de fiar,8.0,2.0,7.0,10.0,7.0,3.0,9.0,9.0,2.0,8.0,8.0,4.0,4.0,7.0,9.0,6.0,7.0,2.0,1.0,3.0,2.0,4.0,2
18,2,2,1,6,0,0,0,1,1,0,0,5,397.0,1.0,,,6.0,Lento,7.0,4.0,7.0,9.0,9.0,9.0,9.0,8.0,9.0,8.0,7.0,6.0,8.0,3.0,6.0,5.0,7.0,3.0,3.0,3.0,2.0,2.0,2
18,2,1,1,6,0,0,0,1,0,0,0,4,995.0,5.0,1.0,,10.0,"Pues son bastante buenos, te dejan préstamos, no te quitan ni un euro,etc...",10.0,7.0,10.0,11.0,6.0,11.0,9.0,11.0,11.0,10.0,10.0,9.0,11.0,11.0,11.0,4.0,10.0,1.0,2.0,1.0,3.0,1.0,5
18,2,2,1,6,0,1,0,0,0,1,0,5,52.0,5.0,1.0,,10.0,No hay comisión por un manejo de cuenta   Hay cajeros por todas partes   Una app práctica y fácil,10.0,7.0,10.0,11.0,11.0,10.0,7.0,7.0,6.0,11.0,10.0,11.0,11.0,11.0,11.0,9.0,10.0,1.0,3.0,1.0,2.0,1.0,5
18,2,2,12,3,0,0,1,0,0,0,0,4,283.0,3.0,3.0,,9.0,buen servicio y buenos productos,9.0,7.0,10.0,10.0,4.0,8.0,10.0,11.0,10.0,9.0,8.0,8.0,8.0,5.0,8.0,10.0,10.0,2.0,3.0,2.0,2.0,3.0,4
18,2,1,11,1,1,1,0,1,0,0,0,5,52.0,5.0,2.0,,9.0,"Su aplicación móvil es muy fácil de usar, ofrecen grandes facilidades para la obtención de prestamos o créditos.",10.0,6.0,9.0,9.0,5.0,12.0,11.0,9.0,7.0,10.0,10.0,11.0,9.0,7.0,8.0,6.0,9.0,3.0,2.0,1.0,3.0,2.0,4
18,2,1,2,2,1,1,1,1,1,1,0,5,52.0,5.0,1.0,,6.0,Puta mierda,6.0,5.0,7.0,7.0,3.0,2.0,6.0,1.0,1.0,6.0,2.0,3.0,5.0,2.0,3.0,5.0,6.0,2.0,1.0,3.0,2.0,4.0,1
18,2,2,2,2,0,1,0,0,0,0,0,4,52.0,1.0,4.0,,8.0,La rapidez del trabajo y el servicio de algunos trabajadores,7.0,6.0,9.0,8.0,4.0,8.0,6.0,8.0,9.0,10.0,9.0,9.0,9.0,8.0,8.0,9.0,8.0,2.0,2.0,1.0,2.0,2.0,4
18,2,2,1,6,1,0,0,0,0,1,0,5,353.0,5.0,2.0,,9.0,La velocidad de gestión,10.0,7.0,8.0,5.0,5.0,8.0,2.0,9.0,8.0,4.0,7.0,7.0,5.0,6.0,9.0,7.0,9.0,1.0,2.0,2.0,1.0,1.0,2
18,2,1,9,5,1,0,0,0,0,0,0,5,475.0,4.0,1.0,,9.0,no,8.0,6.0,9.0,8.0,10.0,10.0,7.0,8.0,10.0,7.0,4.0,8.0,2.0,7.0,10.0,5.0,7.0,3.0,2.0,3.0,3.0,3.0,2
18,2,1,1,6,0,1,0,0,0,0,0,4,13.0,3.0,3.0,,10.0,Muy buen trato,10.0,7.0,10.0,12.0,11.0,11.0,11.0,11.0,11.0,11.0,11.0,10.0,10.0,11.0,11.0,11.0,10.0,4.0,4.0,4.0,4.0,4.0,5
18,2,1,12,3,1,0,0,0,0,0,0,4,52.0,1.0,1.0,,10.0,ninguno en concreto,10.0,7.0,10.0,11.0,11.0,11.0,11.0,11.0,11.0,11.0,11.0,11.0,11.0,11.0,11.0,11.0,10.0,1.0,1.0,1.0,1.0,1.0,4
18,2,1,1,6,0,0,0,0,0,1,0,4,78.0,5.0,1.0,,9.0,Muy cercanos y bajos intereses principalmente,8.0,6.0,9.0,8.0,7.0,11.0,8.0,7.0,9.0,6.0,6.0,9.0,10.0,11.0,10.0,11.0,8.0,1.0,2.0,1.0,1.0,2.0,5
18,2,2,1,6,0,1,0,0,0,0,0,5,78.0,2.0,4.0,,6.0,Confianza,6.0,7.0,5.0,10.0,8.0,9.0,8.0,11.0,10.0,11.0,10.0,9.0,11.0,6.0,7.0,6.0,7.0,2.0,1.0,3.0,1.0,1.0,2
18,2,2,1,6,1,0,0,0,0,0,0,4,52.0,1.0,2.0,,6.0,Porque al no ser un banco muy reconocido hay muy poco en las ciudades o por lo menos en mi cuidad,5.0,4.0,8.0,8.0,6.0,6.0,7.0,10.0,9.0,8.0,8.0,9.0,8.0,7.0,8.0,7.0,7.0,2.0,3.0,3.0,2.0,3.0,2
18,2,2,1,6,1,0,0,0,0,0,0,4,52.0,1.0,4.0,,10.0,Buena atención al cliente,10.0,5.0,10.0,9.0,9.0,10.0,9.0,11.0,10.0,7.0,4.0,11.0,9.0,9.0,9.0,11.0,9.0,2.0,2.0,2.0,1.0,1.0,5
18,2,1,1,6,0,0,0,0,0,1,0,4,78.0,5.0,1.0,,10.0,Muy segura,10.0,7.0,10.0,11.0,11.0,11.0,11.0,11.0,11.0,11.0,10.0,11.0,11.0,11.0,11.0,11.0,10.0,1.0,1.0,1.0,1.0,1.0,5
18,2,1,12,3,0,1,1,0,0,0,0,5,264.0,3.0,3.0,,8.0,Podría mejorar en cuanto a ofertas más útiles y una mayor importancia de la tarjeta eleclerc,8.0,6.0,8.0,8.0,7.0,9.0,8.0,9.0,8.0,9.0,7.0,9.0,8.0,7.0,7.0,6.0,7.0,3.0,3.0,2.0,4.0,3.0,4
18,2,1,1,6,1,1,1,0,1,0,0,5,10.0,3.0,3.0,,10.0,La facilidad para todos los procesos y la amabildD de la asistencia. Valenanena para los principiantes,10.0,7.0,5.0,6.0,6.0,6.0,6.0,6.0,6.0,6.0,6.0,6.0,6.0,7.0,6.0,6.0,7.0,1.0,1.0,2.0,1.0,2.0,2
18,2,2,7,4,0,0,1,0,0,0,0,4,407.0,3.0,3.0,,10.0,la calidad,10.0,7.0,10.0,9.0,7.0,9.0,6.0,9.0,9.0,9.0,10.0,11.0,11.0,9.0,9.0,7.0,10.0,3.0,3.0,2.0,2.0,2.0,4
18,2,2,12,3,0,0,0,0,1,0,0,5,348.0,1.0,,,9.0,Buena gestión,8.0,6.0,8.0,9.0,8.0,9.0,9.0,9.0,8.0,9.0,9.0,8.0,9.0,6.0,7.0,7.0,8.0,3.0,2.0,2.0,3.0,2.0,4
18,2,1,17,5,0,1,0,0,0,1,0,5,475.0,4.0,1.0,,6.0,A veces tardan en responder llamadas,6.0,5.0,6.0,6.0,6.0,8.0,9.0,7.0,4.0,8.0,5.0,5.0,8.0,4.0,4.0,7.0,4.0,2.0,1.0,1.0,3.0,2.0,2
18,2,1,2,2,0,1,0,0,0,0,0,4,378.0,3.0,3.0,,5.0,Me costó cogerla,6.0,4.0,6.0,5.0,6.0,7.0,8.0,6.0,5.0,8.0,7.0,7.0,7.0,8.0,5.0,7.0,5.0,2.0,3.0,1.0,3.0,3.0,1
18,2,1,10,4,1,0,0,0,0,1,0,5,467.0,5.0,1.0,,5.0,Es muy lento el servicio y no es tan bueno como otras opciones,8.0,5.0,3.0,8.0,4.0,9.0,2.0,7.0,10.0,9.0,6.0,6.0,10.0,7.0,10.0,7.0,6.0,3.0,2.0,1.0,3.0,2.0,0
18,2,1,8,4,0,0,0,0,1,0,0,4,348.0,1.0,,,6.0,Por qué tiene mal servicio en las oficinas,6.0,5.0,7.0,7.0,7.0,7.0,8.0,7.0,8.0,9.0,9.0,7.0,9.0,8.0,7.0,7.0,8.0,2.0,3.0,2.0,2.0,2.0,2
18,2,1,12,3,0,1,0,0,0,1,0,5,223.0,3.0,3.0,,7.0,En el servicio de la tarjeta podria ser mas baratos los intereses.,7.0,6.0,7.0,9.0,6.0,7.0,8.0,9.0,8.0,9.0,8.0,10.0,10.0,9.0,9.0,8.0,7.0,2.0,3.0,2.0,3.0,2.0,4
18,2,1,17,5,0,1,0,0,0,0,0,5,348.0,1.0,3.0,,10.0,Sencillez y confianza,10.0,7.0,10.0,11.0,11.0,11.0,11.0,11.0,10.0,11.0,10.0,10.0,11.0,7.0,8.0,7.0,10.0,1.0,1.0,1.0,1.0,1.0,5
18,2,1,9,5,1,1,1,1,1,1,0,5,337.0,4.0,1.0,,8.0,en casi nada,8.0,5.0,7.0,10.0,9.0,8.0,6.0,9.0,10.0,10.0,9.0,9.0,10.0,9.0,10.0,10.0,9.0,2.0,1.0,1.0,2.0,2.0,4
18,2,1,1,6,0,1,0,0,0,0,0,5,381.0,3.0,3.0,,8.0,"Cumple su función, lo único que puede mejorar es que sea aún más ganga",9.0,6.0,8.0,10.0,10.0,11.0,11.0,10.0,9.0,10.0,6.0,8.0,10.0,8.0,8.0,9.0,8.0,2.0,2.0,2.0,1.0,2.0,5
18,2,2,15,2,1,1,1,0,0,0,0,5,369.0,3.0,5.0,,4.0,Dos,5.0,4.0,6.0,6.0,5.0,3.0,4.0,4.0,3.0,3.0,1.0,2.0,1.0,4.0,2.0,3.0,6.0,3.0,4.0,2.0,2.0,3.0,1
18,2,2,1,6,0,0,0,1,0,0,0,4,79.0,2.0,1.0,,5.0,Puede que se te haga cuesta arriba y si te retrasas en el pago puede tener consecuencias,8.0,4.0,7.0,6.0,7.0,7.0,6.0,7.0,8.0,8.0,6.0,5.0,8.0,7.0,8.0,6.0,6.0,3.0,2.0,2.0,2.0,2.0,2
19,2,2,7,4,1,0,0,0,0,0,0,5,52.0,5.0,1.0,,9.0,Una tarjeta de de débito,9.0,2.0,8.0,5.0,8.0,9.0,10.0,9.0,11.0,10.0,10.0,7.0,9.0,10.0,10.0,9.0,9.0,2.0,1.0,1.0,1.0,1.0,4
19,2,2,1,6,1,0,0,0,0,0,0,4,397.0,1.0,4.0,,5.0,muchos intereses y poca dedicación,6.0,5.0,5.0,6.0,3.0,9.0,9.0,8.0,7.0,7.0,3.0,5.0,9.0,5.0,8.0,9.0,6.0,3.0,3.0,3.0,2.0,3.0,2
19,2,2,7,4,0,0,0,0,0,1,0,4,78.0,5.0,2.0,,4.0,klk,5.0,3.0,6.0,2.0,4.0,3.0,8.0,6.0,7.0,6.0,6.0,7.0,8.0,9.0,6.0,7.0,7.0,3.0,3.0,3.0,2.0,3.0,1
19,2,2,11,1,0,0,0,1,0,0,0,4,52.0,5.0,2.0,,7.0,Ahora mismo no puedo pensar,7.0,6.0,7.0,8.0,4.0,6.0,5.0,10.0,8.0,7.0,8.0,8.0,9.0,9.0,7.0,8.0,6.0,2.0,2.0,2.0,3.0,3.0,1
19,2,2,12,3,0,0,0,0,1,0,0,5,348.0,1.0,,,8.0,no cobrar tantas comisiones,7.0,5.0,7.0,9.0,10.0,10.0,9.0,9.0,8.0,3.0,7.0,10.0,9.0,10.0,7.0,10.0,7.0,2.0,1.0,2.0,3.0,2.0,4
19,2,2,7,4,0,0,0,0,1,0,0,4,21.0,1.0,,,7.0,Intereses altos,6.0,7.0,8.0,8.0,6.0,8.0,8.0,7.0,5.0,6.0,1.0,11.0,11.0,6.0,6.0,6.0,0.0,3.0,4.0,3.0,4.0,4.0,0
19,2,2,12,3,0,0,0,0,0,1,0,4,52.0,5.0,1.0,,9.0,La facilidad para realizar la operación y la amabilidad de sus clientes,9.0,7.0,10.0,11.0,11.0,10.0,11.0,11.0,11.0,11.0,9.0,11.0,10.0,11.0,10.0,9.0,10.0,2.0,1.0,1.0,2.0,1.0,4
19,2,1,1,6,0,0,0,0,0,1,0,4,78.0,5.0,1.0,,7.0,solo mejoraria la velocidad de gestion,7.0,6.0,7.0,9.0,7.0,6.0,8.0,7.0,9.0,6.0,5.0,6.0,7.0,6.0,7.0,8.0,8.0,2.0,2.0,3.0,3.0,2.0,2
19,2,1,12,3,1,0,0,0,0,0,0,4,991.0,1.0,6.0,,10.0,"Los servicios gratuitos,y la gestion rapida",9.0,7.0,9.0,11.0,11.0,8.0,10.0,11.0,11.0,10.0,11.0,11.0,11.0,10.0,11.0,6.0,10.0,2.0,3.0,2.0,2.0,2.0,4
19,2,1,1,6,1,0,0,0,0,0,0,4,348.0,1.0,6.0,,8.0,En unos cuantos,8.0,5.0,7.0,7.0,7.0,7.0,7.0,7.0,8.0,8.0,8.0,7.0,7.0,7.0,8.0,7.0,6.0,3.0,3.0,2.0,3.0,3.0,2
19,2,1,13,6,0,0,1,0,1,0,0,5,378.0,3.0,4.0,,10.0,La comodidad,10.0,6.0,10.0,4.0,4.0,8.0,1.0,2.0,10.0,10.0,7.0,2.0,5.0,1.0,7.0,11.0,10.0,1.0,2.0,4.0,3.0,1.0,2
19,2,1,12,3,0,1,0,1,1,1,0,5,52.0,1.0,,,8.0,"de momento, me ha ofrecido todos los recursos existentes, pero lo unico que pediria es algo mas de seguridad porque una vez me realizaron una compra desde mi cuenta",8.0,6.0,8.0,9.0,5.0,5.0,10.0,8.0,10.0,7.0,10.0,8.0,9.0,9.0,8.0,11.0,9.0,2.0,3.0,2.0,1.0,2.0,4
19,2,2,12,3,0,1,0,0,0,0,0,4,52.0,1.0,7.0,No sé qué poner,5.0,No sé qué poner,5.0,5.0,5.0,6.0,6.0,6.0,6.0,6.0,6.0,6.0,6.0,6.0,6.0,4.0,6.0,5.0,5.0,3.0,3.0,3.0,3.0,3.0,1
19,2,1,12,3,0,1,0,0,0,0,0,4,52.0,1.0,3.0,,8.0,Que siga mas veloz,7.0,6.0,9.0,12.0,5.0,5.0,8.0,9.0,10.0,8.0,9.0,8.0,8.0,6.0,9.0,9.0,8.0,2.0,1.0,3.0,2.0,3.0,4
19,2,2,1,6,0,0,0,0,1,0,0,5,52.0,1.0,,,5.0,No recomendaria BBVA por las comisiones y los intereses.,7.0,5.0,7.0,9.0,8.0,5.0,7.0,9.0,7.0,5.0,6.0,9.0,8.0,9.0,6.0,2.0,7.0,1.0,4.0,2.0,3.0,2.0,2
19,2,2,17,5,0,0,1,0,0,0,0,5,407.0,3.0,4.0,,7.0,En algunas cosas,6.0,3.0,7.0,4.0,4.0,3.0,5.0,7.0,9.0,4.0,3.0,2.0,5.0,7.0,4.0,5.0,7.0,2.0,2.0,2.0,2.0,3.0,2
19,2,1,1,6,0,1,0,0,0,0,0,5,346.0,1.0,6.0,,7.0,"Su aplicación, su personal",7.0,5.0,7.0,8.0,8.0,9.0,9.0,7.0,9.0,8.0,8.0,8.0,9.0,9.0,9.0,8.0,7.0,3.0,3.0,2.0,2.0,2.0,2
19,2,2,9,5,0,1,0,1,0,0,0,5,44.0,2.0,1.0,,10.0,Fue un excelente servicio,10.0,7.0,10.0,11.0,11.0,11.0,11.0,11.0,11.0,11.0,11.0,11.0,11.0,11.0,11.0,11.0,10.0,1.0,1.0,1.0,1.0,1.0,5
19,2,2,9,5,0,1,0,1,0,0,0,5,469.0,5.0,1.0,,7.0,Pues no lo se la verdad,7.0,6.0,7.0,6.0,6.0,6.0,6.0,6.0,6.0,6.0,6.0,6.0,6.0,6.0,6.0,6.0,5.0,2.0,2.0,2.0,3.0,2.0,2
19,2,1,17,5,1,1,0,0,0,0,0,5,348.0,1.0,3.0,,9.0,Es mi banco principal,8.0,7.0,8.0,8.0,7.0,9.0,10.0,9.0,9.0,11.0,5.0,7.0,8.0,7.0,10.0,9.0,8.0,1.0,2.0,3.0,1.0,2.0,4
19,2,2,8,4,0,1,0,0,0,0,0,5,376.0,3.0,4.0,,6.0,Por las comisiones,5.0,4.0,4.0,5.0,9.0,2.0,3.0,9.0,9.0,3.0,3.0,6.0,4.0,5.0,4.0,2.0,6.0,3.0,4.0,2.0,3.0,3.0,1
19,2,1,1,6,0,1,0,1,0,1,0,5,392.0,4.0,2.0,,9.0,Son muy atentos y se nota que saben lo que hacen,10.0,6.0,9.0,9.0,3.0,10.0,9.0,9.0,8.0,10.0,7.0,9.0,9.0,8.0,9.0,9.0,6.0,2.0,2.0,2.0,3.0,3.0,2
20,2,2,17,5,1,0,0,0,0,0,0,4,126.0,2.0,4.0,,10.0,su capacidad de resolver,10.0,5.0,10.0,11.0,11.0,6.0,11.0,10.0,11.0,7.0,8.0,8.0,8.0,10.0,9.0,10.0,6.0,3.0,1.0,1.0,1.0,1.0,4
20,2,2,1,6,1,0,0,0,0,0,0,4,52.0,1.0,4.0,,10.0,La cercania,10.0,7.0,10.0,11.0,11.0,10.0,11.0,11.0,10.0,10.0,11.0,11.0,11.0,9.0,9.0,10.0,8.0,1.0,2.0,2.0,2.0,3.0,5
20,2,2,17,5,0,0,0,0,0,1,0,5,412.0,4.0,1.0,,7.0,Atencion y precios,6.0,5.0,5.0,6.0,6.0,6.0,8.0,5.0,5.0,6.0,5.0,4.0,6.0,7.0,9.0,8.0,7.0,3.0,2.0,3.0,1.0,2.0,2
20,2,1,12,3,1,0,1,0,0,1,0,5,467.0,5.0,2.0,,9.0,Fueron muy educqdos,9.0,7.0,9.0,12.0,12.0,12.0,12.0,11.0,9.0,8.0,6.0,9.0,9.0,11.0,11.0,10.0,9.0,2.0,2.0,2.0,2.0,2.0,4
20,2,2,12,3,1,1,0,0,1,0,0,5,52.0,5.0,1.0,,9.0,Innovador,9.0,6.0,9.0,8.0,6.0,9.0,7.0,7.0,7.0,6.0,5.0,5.0,7.0,8.0,7.0,6.0,9.0,3.0,2.0,4.0,4.0,3.0,4
20,2,2,12,3,1,1,0,0,0,0,0,5,76.0,1.0,6.0,,10.0,"Genial atención al cliente, buena asistencia virtual y genial aplicación de banco",10.0,7.0,10.0,11.0,11.0,11.0,11.0,11.0,11.0,10.0,11.0,11.0,11.0,11.0,3.0,11.0,9.0,1.0,1.0,1.0,1.0,1.0,4
20,2,1,12,3,1,0,0,0,0,0,0,4,52.0,5.0,1.0,,10.0,calidad,9.0,7.0,9.0,10.0,10.0,9.0,10.0,10.0,9.0,9.0,9.0,9.0,10.0,9.0,10.0,9.0,9.0,2.0,2.0,2.0,3.0,3.0,4
20,2,2,1,6,0,0,0,1,0,0,0,4,52.0,1.0,2.0,,9.0,Buena atención y xomprendimiento,9.0,6.0,9.0,8.0,6.0,8.0,9.0,9.0,9.0,10.0,9.0,9.0,9.0,9.0,9.0,10.0,9.0,2.0,2.0,1.0,2.0,2.0,5
20,2,2,12,3,0,0,0,1,0,0,0,4,52.0,1.0,1.0,,9.0,La asistencia que recibí.,9.0,6.0,8.0,11.0,9.0,10.0,7.0,9.0,8.0,9.0,9.0,9.0,10.0,5.0,9.0,9.0,7.0,1.0,2.0,1.0,2.0,3.0,4
20,2,2,1,6,1,0,0,0,0,0,0,4,52.0,1.0,3.0,,10.0,La cercanía y la facilidad de todo,10.0,7.0,10.0,11.0,9.0,9.0,10.0,10.0,9.0,9.0,9.0,11.0,11.0,9.0,10.0,10.0,10.0,1.0,3.0,3.0,1.0,3.0,5
20,2,1,11,1,1,1,0,0,0,0,0,5,5.0,1.0,4.0,,10.0,Tienen un muy buen trato al cliente junto con unas clausulas justas,10.0,6.0,7.0,9.0,9.0,9.0,11.0,7.0,8.0,7.0,8.0,9.0,9.0,8.0,7.0,6.0,10.0,1.0,1.0,1.0,2.0,2.0,4
20,2,2,12,3,0,1,0,1,0,0,0,5,76.0,1.0,1.0,,10.0,Ahorrar,10.0,6.0,8.0,9.0,12.0,9.0,8.0,7.0,10.0,6.0,8.0,10.0,11.0,9.0,8.0,7.0,7.0,3.0,2.0,1.0,3.0,2.0,4
20,2,1,12,3,0,0,0,0,0,1,0,5,78.0,5.0,2.0,,6.0,No da toda la confianza que se espera,3.0,5.0,7.0,10.0,7.0,10.0,6.0,8.0,11.0,9.0,3.0,2.0,7.0,4.0,4.0,9.0,8.0,2.0,1.0,1.0,2.0,3.0,0
20,2,1,1,6,0,0,0,0,0,1,0,5,52.0,5.0,1.0,,5.0,Yyyyh,5.0,5.0,7.0,8.0,8.0,7.0,10.0,4.0,5.0,4.0,2.0,2.0,2.0,5.0,4.0,5.0,6.0,3.0,1.0,2.0,2.0,3.0,2
20,2,2,12,3,0,1,0,0,0,0,0,5,11.0,1.0,1.0,,1.0,Simplemente no es de mi gusto,9.0,5.0,6.0,6.0,2.0,9.0,9.0,3.0,6.0,7.0,4.0,7.0,6.0,8.0,7.0,8.0,8.0,3.0,3.0,2.0,3.0,4.0,1
20,2,2,12,3,0,0,0,1,0,0,0,4,44.0,2.0,7.0,,9.0,sus tarjetas no presentan gastos de mantenimiento y al ser crédito revolving es mucho más sencillo,9.0,7.0,9.0,11.0,4.0,10.0,10.0,9.0,10.0,10.0,5.0,10.0,10.0,8.0,11.0,10.0,7.0,3.0,2.0,2.0,1.0,2.0,4
20,2,2,1,6,0,0,0,1,0,0,0,4,230.0,1.0,1.0,,10.0,Facilidad con el préstamo,10.0,6.0,9.0,9.0,10.0,9.0,10.0,9.0,9.0,10.0,7.0,8.0,10.0,9.0,8.0,8.0,8.0,2.0,2.0,2.0,2.0,2.0,5
20,2,1,12,3,0,1,0,0,0,0,0,5,85.0,2.0,1.0,,10.0,Los plazos de devolver dinero,10.0,7.0,10.0,12.0,11.0,11.0,9.0,11.0,11.0,11.0,9.0,11.0,10.0,11.0,11.0,10.0,10.0,1.0,1.0,1.0,1.0,1.0,4
20,2,1,10,4,0,1,0,0,0,0,0,5,171.0,3.0,4.0,,5.0,Se compra bien,8.0,4.0,7.0,9.0,6.0,3.0,7.0,7.0,8.0,7.0,8.0,8.0,9.0,7.0,8.0,8.0,8.0,3.0,2.0,2.0,2.0,2.0,2
20,2,1,10,4,0,1,0,0,0,0,0,5,171.0,3.0,3.0,,7.0,ninguno,7.0,5.0,7.0,5.0,6.0,6.0,6.0,9.0,8.0,8.0,8.0,7.0,10.0,8.0,9.0,6.0,7.0,2.0,3.0,4.0,2.0,3.0,2
20,2,1,9,5,0,0,0,1,0,0,0,5,337.0,4.0,2.0,,7.0,Fdjdhhyssjxhhshashshq,6.0,6.0,4.0,7.0,6.0,6.0,7.0,7.0,3.0,1.0,2.0,3.0,7.0,11.0,8.0,10.0,3.0,3.0,1.0,3.0,2.0,1.0,2
21,2,1,1,6,0,1,0,0,0,0,0,5,21.0,1.0,1.0,,10.0,Eficacia y eficiencia en todo momento antes de la adquisición del vehículo nuevo,10.0,7.0,10.0,11.0,11.0,11.0,11.0,11.0,10.0,10.0,10.0,10.0,10.0,11.0,11.0,11.0,10.0,1.0,1.0,1.0,1.0,1.0,5
21,2,2,5,7,0,1,0,1,0,0,0,5,76.0,1.0,7.0,,7.0,"Atención al cliente y resolución de incidencias: Hay quejas sobre tiempos de espera largos, especialmente cuando los clientes reclaman o quieren cancelar algo.  comisiones y costes para el cliente",6.0,5.0,7.0,12.0,6.0,12.0,9.0,9.0,9.0,9.0,9.0,9.0,9.0,8.0,8.0,8.0,6.0,2.0,3.0,2.0,2.0,2.0,2
21,2,1,12,3,1,0,0,0,0,0,0,5,378.0,3.0,3.0,,7.0,varios,8.0,6.0,7.0,12.0,12.0,12.0,12.0,8.0,7.0,9.0,9.0,3.0,6.0,7.0,7.0,6.0,7.0,2.0,2.0,2.0,2.0,2.0,1
21,2,2,9,5,0,1,0,1,0,0,0,5,76.0,1.0,3.0,,8.0,No lo se,7.0,6.0,7.0,6.0,7.0,9.0,7.0,6.0,8.0,8.0,4.0,6.0,7.0,8.0,7.0,8.0,7.0,3.0,3.0,3.0,2.0,3.0,2
21,2,2,12,3,0,1,0,0,0,0,0,4,13.0,3.0,4.0,,7.0,Calidad,7.0,6.0,8.0,5.0,6.0,3.0,4.0,10.0,10.0,10.0,8.0,5.0,6.0,10.0,2.0,9.0,7.0,1.0,1.0,1.0,1.0,1.0,4
21,2,2,12,3,1,0,0,1,0,0,0,5,52.0,1.0,1.0,,9.0,Gente muy amable,9.0,7.0,10.0,10.0,7.0,10.0,8.0,11.0,10.0,11.0,10.0,10.0,10.0,9.0,10.0,9.0,9.0,1.0,1.0,1.0,1.0,1.0,4
21,2,1,12,3,0,0,0,1,0,0,0,5,78.0,5.0,2.0,,10.0,Propósito: La encuesta busca identificar elementos positivos específicos de la experiencia del cliente.  Entidad: CaixaBank Payment & Consumer.  Instrucción: Se solicita al usuario que sea lo más específico posible en su respuesta.,10.0,5.0,8.0,5.0,6.0,4.0,6.0,9.0,11.0,10.0,5.0,9.0,8.0,10.0,10.0,9.0,9.0,1.0,2.0,1.0,2.0,1.0,4
21,2,1,1,6,1,0,0,0,0,0,0,4,135.0,2.0,3.0,,10.0,Buen atrncion al cleinte y respeto,10.0,7.0,10.0,11.0,11.0,11.0,11.0,11.0,11.0,11.0,9.0,11.0,11.0,11.0,11.0,11.0,10.0,1.0,1.0,1.0,1.0,1.0,5
21,2,1,12,3,1,1,0,0,0,0,0,5,344.0,1.0,3.0,,8.0,"que sea más accesible, me colocaron muchos  peros  para conseguiral",8.0,6.0,8.0,9.0,9.0,9.0,9.0,9.0,9.0,9.0,9.0,9.0,9.0,9.0,9.0,9.0,8.0,2.0,1.0,1.0,2.0,1.0,4
21,2,1,1,6,0,0,0,0,1,0,0,4,52.0,1.0,,,1.0,Bba,6.0,3.0,10.0,3.0,3.0,2.0,1.0,11.0,11.0,4.0,11.0,1.0,1.0,2.0,10.0,10.0,9.0,1.0,2.0,4.0,1.0,2.0,2
21,2,2,13,6,0,0,0,1,0,0,0,5,78.0,5.0,1.0,,6.0,Dinero en caixabank,8.0,2.0,8.0,6.0,4.0,5.0,9.0,6.0,10.0,10.0,6.0,3.0,8.0,4.0,3.0,6.0,8.0,1.0,3.0,2.0,1.0,4.0,2
21,2,2,11,1,0,1,0,1,0,0,0,5,5.0,1.0,5.0,,8.0,Rapidez en los trámites,7.0,5.0,8.0,8.0,7.0,9.0,8.0,7.0,8.0,6.0,6.0,10.0,9.0,9.0,8.0,10.0,6.0,1.0,3.0,3.0,2.0,2.0,4
21,2,1,5,7,1,0,1,0,0,0,0,5,52.0,5.0,2.0,,10.0,El trato que tienen al cliente además de la rápida respuesta,10.0,7.0,10.0,10.0,7.0,1.0,10.0,10.0,7.0,9.0,9.0,10.0,10.0,9.0,10.0,10.0,10.0,1.0,2.0,1.0,3.0,2.0,5
21,2,1,13,6,0,0,0,1,0,0,0,5,79.0,2.0,2.0,,7.0,,8.0,7.0,7.0,6.0,10.0,10.0,4.0,5.0,9.0,8.0,6.0,8.0,7.0,8.0,9.0,9.0,5.0,2.0,3.0,1.0,2.0,2.0,2
21,2,1,2,2,0,1,1,0,0,1,0,5,222.0,1.0,1.0,,6.0,Facilidad,7.0,5.0,6.0,9.0,8.0,7.0,8.0,8.0,8.0,7.0,8.0,8.0,8.0,8.0,6.0,9.0,6.0,2.0,2.0,2.0,2.0,2.0,4
21,2,2,15,2,0,1,0,0,0,0,0,4,991.0,1.0,3.0,,6.0,Porque es muy familiar y cercano,8.0,5.0,8.0,9.0,9.0,8.0,9.0,9.0,8.0,8.0,10.0,8.0,7.0,8.0,8.0,7.0,6.0,2.0,2.0,2.0,2.0,2.0,4
21,2,2,15,2,1,0,0,0,0,0,0,5,258.0,1.0,1.0,,7.0,Mejor atención al cliente,8.0,5.0,8.0,9.0,7.0,9.0,9.0,8.0,8.0,9.0,8.0,9.0,9.0,8.0,8.0,8.0,7.0,2.0,2.0,2.0,2.0,2.0,4
21,2,2,7,4,0,1,0,0,0,0,0,5,266.0,3.0,6.0,,8.0,En la rapidez,8.0,6.0,7.0,9.0,5.0,10.0,9.0,8.0,8.0,9.0,10.0,10.0,10.0,11.0,9.0,10.0,8.0,2.0,3.0,2.0,3.0,2.0,4
21,2,1,15,2,1,1,0,0,0,0,0,5,76.0,1.0,5.0,,8.0,Atención al cliente,9.0,6.0,9.0,11.0,10.0,9.0,9.0,11.0,8.0,11.0,9.0,9.0,10.0,10.0,10.0,10.0,9.0,2.0,1.0,1.0,2.0,1.0,4
21,2,2,7,4,0,1,1,1,1,0,0,5,133.0,3.0,3.0,,7.0,Nada,8.0,6.0,8.0,8.0,9.0,9.0,8.0,9.0,9.0,9.0,9.0,9.0,8.0,9.0,8.0,9.0,8.0,1.0,1.0,2.0,2.0,2.0,4
21,2,2,11,1,0,0,1,0,0,0,0,4,370.0,3.0,5.0,,4.0,Porque los intereses son muchos,4.0,4.0,5.0,6.0,6.0,6.0,5.0,6.0,6.0,8.0,8.0,7.0,8.0,5.0,8.0,6.0,3.0,3.0,4.0,3.0,3.0,3.0,1
21,2,1,12,3,0,0,1,0,0,0,0,5,386.0,3.0,3.0,,8.0,Garantía de vulnerabilidad compartida y transcripción en en periplo recibido exponencialmente.,9.0,6.0,5.0,8.0,8.0,6.0,5.0,9.0,9.0,8.0,3.0,6.0,7.0,2.0,4.0,5.0,6.0,2.0,3.0,2.0,4.0,3.0,1
21,2,1,12,3,1,0,1,0,1,0,0,5,374.0,3.0,3.0,,9.0,Facilidad,9.0,7.0,10.0,8.0,5.0,9.0,10.0,11.0,11.0,9.0,10.0,8.0,7.0,11.0,9.0,11.0,9.0,1.0,3.0,2.0,1.0,2.0,4
21,2,1,12,3,1,1,1,1,1,1,0,5,171.0,3.0,5.0,,6.0,Está guapísima tt pero bueno es lo que hay,6.0,6.0,6.0,8.0,4.0,9.0,3.0,3.0,8.0,4.0,9.0,8.0,3.0,4.0,5.0,9.0,6.0,2.0,2.0,1.0,2.0,1.0,1
21,2,1,17,5,0,0,1,0,0,0,0,5,372.0,3.0,5.0,,8.0,Pues fijate que estuve pensando eso decatlón me perdono deudas incluso asique que sigan tratando de mejorar,10.0,7.0,9.0,3.0,12.0,12.0,10.0,11.0,11.0,11.0,10.0,10.0,11.0,11.0,11.0,11.0,10.0,1.0,3.0,3.0,2.0,3.0,4
21,2,1,2,2,1,0,0,0,0,0,0,4,135.0,2.0,3.0,,7.0,No cobrar muchos intereses,7.0,5.0,7.0,7.0,6.0,7.0,8.0,10.0,7.0,9.0,10.0,9.0,10.0,7.0,7.0,7.0,7.0,3.0,3.0,3.0,3.0,3.0,4
21,2,2,7,4,1,1,0,0,0,0,0,5,381.0,3.0,5.0,,6.0,No recomendaría una tarjeta de crédito de Leroy Merlin porque al final los intereses son bastante altos si no pagas a tiempo y además tiene comisiones que a veces ni te esperas también te puedes endeudar sin querer si empiezas a financiar compras pequ,4.0,5.0,4.0,5.0,8.0,7.0,7.0,6.0,5.0,6.0,7.0,8.0,8.0,6.0,4.0,7.0,7.0,2.0,3.0,3.0,3.0,3.0,2
22,2,1,1,6,0,0,1,0,0,0,0,5,70.0,3.0,3.0,,10.0,Iphone,10.0,7.0,10.0,11.0,11.0,10.0,11.0,11.0,11.0,11.0,11.0,10.0,11.0,11.0,11.0,11.0,10.0,1.0,2.0,1.0,1.0,1.0,5
22,2,2,1,6,1,0,0,0,0,0,0,4,397.0,1.0,1.0,,7.0,app mejor,8.0,6.0,6.0,8.0,7.0,5.0,7.0,8.0,8.0,8.0,8.0,7.0,5.0,8.0,7.0,10.0,8.0,3.0,2.0,2.0,2.0,2.0,2
22,2,2,5,7,0,0,1,0,0,0,0,5,146.0,3.0,4.0,,7.0,NADA,8.0,6.0,7.0,10.0,9.0,8.0,9.0,10.0,10.0,10.0,10.0,10.0,9.0,9.0,9.0,8.0,9.0,3.0,2.0,2.0,2.0,3.0,2
22,2,2,5,7,0,0,1,1,1,0,0,5,33.0,1.0,,,8.0,En muchos,8.0,6.0,9.0,8.0,4.0,7.0,8.0,9.0,8.0,6.0,5.0,7.0,8.0,5.0,7.0,7.0,5.0,1.0,3.0,2.0,3.0,2.0,2
22,2,2,1,6,0,1,0,0,1,0,0,5,378.0,3.0,4.0,,7.0,Más ofertas,8.0,6.0,7.0,9.0,10.0,9.0,9.0,10.0,8.0,9.0,9.0,9.0,8.0,7.0,8.0,8.0,7.0,2.0,2.0,3.0,1.0,2.0,2
22,2,1,7,4,0,1,0,0,0,0,0,4,76.0,1.0,3.0,,9.0,Su Calidad,8.0,6.0,8.0,11.0,9.0,10.0,10.0,10.0,9.0,9.0,10.0,7.0,9.0,8.0,8.0,9.0,8.0,2.0,2.0,1.0,2.0,3.0,4
22,2,1,12,3,0,0,0,0,0,1,0,4,469.0,5.0,1.0,,6.0,Siu,7.0,6.0,6.0,5.0,9.0,7.0,5.0,9.0,3.0,5.0,3.0,7.0,6.0,3.0,5.0,5.0,6.0,3.0,3.0,3.0,2.0,3.0,0
22,2,1,12,3,0,1,0,0,0,0,0,4,52.0,1.0,6.0,,9.0,Majos,7.0,6.0,8.0,7.0,7.0,5.0,8.0,9.0,8.0,8.0,4.0,8.0,4.0,6.0,5.0,7.0,8.0,1.0,2.0,3.0,3.0,1.0,4
22,2,2,1,6,0,1,0,0,0,0,0,4,52.0,1.0,1.0,,9.0,son leales,8.0,6.0,9.0,10.0,10.0,9.0,10.0,9.0,10.0,9.0,9.0,9.0,10.0,10.0,9.0,10.0,9.0,2.0,2.0,2.0,2.0,1.0,5
22,2,1,2,2,0,1,0,0,0,0,0,5,53.0,2.0,3.0,,9.0,Rapidez y transparencia,9.0,7.0,9.0,9.0,11.0,11.0,10.0,10.0,9.0,10.0,11.0,11.0,10.0,10.0,10.0,9.0,8.0,2.0,2.0,1.0,2.0,1.0,4
22,2,2,10,4,1,1,0,1,0,0,0,5,222.0,1.0,2.0,,8.0,Podría mejorar en sus servicios,7.0,5.0,7.0,8.0,6.0,6.0,7.0,6.0,7.0,5.0,6.0,7.0,7.0,6.0,5.0,5.0,6.0,3.0,2.0,2.0,3.0,3.0,2
22,2,2,12,3,1,0,0,1,0,0,0,5,76.0,1.0,1.0,,10.0,Muy amables y muchas posibilidades.,10.0,6.0,10.0,10.0,9.0,9.0,10.0,11.0,10.0,9.0,11.0,11.0,11.0,9.0,10.0,8.0,10.0,1.0,2.0,1.0,1.0,2.0,4
22,2,2,15,2,1,1,0,0,0,0,0,5,171.0,3.0,6.0,,7.0,Los precios cada vez son más y más altos y en muchos no hay la misma cantidad ni calidad que en otros,7.0,6.0,8.0,7.0,3.0,7.0,5.0,9.0,8.0,8.0,7.0,9.0,11.0,6.0,6.0,6.0,6.0,2.0,2.0,2.0,3.0,2.0,1
22,2,2,5,7,0,0,0,1,0,0,0,5,337.0,4.0,2.0,,6.0,si,6.0,5.0,7.0,8.0,6.0,6.0,8.0,9.0,7.0,8.0,3.0,7.0,5.0,5.0,10.0,2.0,8.0,3.0,3.0,4.0,1.0,2.0,2
22,2,2,12,3,1,1,0,0,0,0,0,5,275.0,3.0,3.0,,6.0,Creo que son más las desventajas que las ventajas que tiene,6.0,4.0,6.0,10.0,5.0,10.0,8.0,8.0,10.0,10.0,5.0,8.0,11.0,5.0,10.0,6.0,4.0,2.0,2.0,2.0,1.0,2.0,1
22,2,1,17,5,1,0,0,0,0,0,0,4,78.0,2.0,6.0,,5.0,Porque ya tienes q estar pagando durante 2 3 años una cuota,8.0,6.0,8.0,6.0,7.0,10.0,9.0,7.0,6.0,8.0,5.0,9.0,9.0,7.0,7.0,9.0,7.0,3.0,4.0,4.0,4.0,4.0,2
22,2,2,17,5,0,0,0,1,0,0,0,4,412.0,4.0,1.0,,7.0,No lo sé,7.0,5.0,6.0,6.0,6.0,8.0,8.0,6.0,5.0,6.0,8.0,7.0,7.0,7.0,7.0,7.0,6.0,2.0,2.0,3.0,3.0,3.0,2
22,2,2,12,3,0,0,1,0,0,0,0,5,384.0,3.0,4.0,,7.0,a,4.0,2.0,1.0,9.0,7.0,5.0,7.0,6.0,8.0,4.0,3.0,9.0,8.0,5.0,3.0,8.0,8.0,3.0,2.0,2.0,3.0,3.0,1
22,2,2,3,1,0,0,0,0,0,1,0,5,392.0,4.0,2.0,,7.0,"A la hora de vender, puede tener más marketing",7.0,5.0,7.0,9.0,7.0,8.0,9.0,8.0,8.0,8.0,9.0,9.0,9.0,8.0,8.0,7.0,7.0,2.0,1.0,2.0,2.0,2.0,4
22,2,2,17,5,1,0,0,0,0,0,0,4,348.0,1.0,6.0,,10.0,"Buen trato al cliente, atentos y dispuestos siempre a ayudarte",10.0,7.0,10.0,11.0,11.0,11.0,11.0,11.0,11.0,11.0,11.0,11.0,11.0,11.0,11.0,11.0,10.0,1.0,1.0,1.0,1.0,1.0,5
22,2,2,12,3,0,1,1,1,0,0,0,5,337.0,4.0,1.0,,6.0,Pues complicado el método,6.0,3.0,4.0,4.0,7.0,5.0,7.0,6.0,5.0,7.0,5.0,6.0,7.0,5.0,6.0,7.0,6.0,3.0,3.0,2.0,2.0,3.0,1
22,2,1,9,5,1,1,0,0,0,1,0,5,412.0,4.0,1.0,,7.0,Más agilidad,7.0,5.0,7.0,8.0,7.0,9.0,9.0,9.0,9.0,9.0,7.0,7.0,8.0,8.0,8.0,8.0,6.0,2.0,2.0,2.0,2.0,2.0,2
22,2,2,5,7,0,1,0,0,0,1,0,5,392.0,4.0,1.0,,8.0,Todo va bien,8.0,6.0,7.0,7.0,11.0,9.0,9.0,6.0,9.0,8.0,7.0,7.0,8.0,9.0,9.0,7.0,8.0,3.0,2.0,2.0,1.0,3.0,2
23,2,2,8,4,0,1,0,0,0,0,0,5,346.0,1.0,3.0,,7.0,atencion al cliente,8.0,5.0,7.0,8.0,12.0,12.0,8.0,8.0,8.0,6.0,6.0,10.0,10.0,9.0,9.0,8.0,5.0,2.0,2.0,1.0,1.0,2.0,2
23,2,2,2,2,0,0,0,0,1,0,0,5,135.0,2.0,,,5.0,Porque tardan mucho en responder,6.0,4.0,4.0,3.0,4.0,4.0,5.0,4.0,5.0,4.0,3.0,3.0,4.0,2.0,5.0,4.0,4.0,3.0,3.0,3.0,3.0,3.0,1
23,2,2,12,3,1,0,0,0,0,0,0,4,52.0,1.0,1.0,,9.0,transparencia y confianza,9.0,6.0,9.0,9.0,9.0,9.0,9.0,9.0,9.0,10.0,8.0,7.0,9.0,10.0,10.0,10.0,9.0,2.0,2.0,1.0,2.0,2.0,4
23,2,2,12,3,0,1,1,0,1,0,0,5,386.0,3.0,3.0,,7.0,Podría ser más personalizado,8.0,6.0,7.0,6.0,8.0,9.0,8.0,8.0,8.0,6.0,5.0,8.0,9.0,9.0,10.0,7.0,8.0,2.0,2.0,2.0,2.0,3.0,4
23,2,2,11,1,1,0,0,0,0,0,0,4,353.0,5.0,2.0,,0.0,Nolose,1.0,4.0,0.0,2.0,12.0,7.0,10.0,9.0,3.0,5.0,3.0,5.0,6.0,2.0,4.0,5.0,1.0,3.0,3.0,3.0,2.0,2.0,0
23,2,1,9,5,0,0,1,0,0,0,0,4,146.0,3.0,3.0,,5.0,Mucho interes,8.0,6.0,8.0,8.0,10.0,7.0,10.0,9.0,8.0,7.0,9.0,7.0,7.0,5.0,9.0,5.0,7.0,2.0,2.0,2.0,2.0,2.0,2
23,2,2,11,1,0,1,0,0,0,0,0,4,223.0,3.0,4.0,,9.0,2,9.0,2.0,9.0,8.0,10.0,10.0,10.0,9.0,8.0,9.0,7.0,9.0,9.0,8.0,10.0,10.0,9.0,2.0,1.0,1.0,1.0,1.0,4
23,2,2,12,3,1,0,0,0,0,0,0,5,52.0,1.0,1.0,,10.0,Son confiables y responsables,10.0,7.0,10.0,11.0,10.0,7.0,11.0,10.0,11.0,10.0,9.0,7.0,8.0,9.0,10.0,9.0,10.0,1.0,1.0,1.0,1.0,1.0,4
23,2,2,13,6,0,1,0,0,0,0,0,5,344.0,1.0,7.0,Por probar,10.0,Poder controlar la app,10.0,5.0,10.0,9.0,11.0,11.0,8.0,9.0,8.0,8.0,4.0,11.0,11.0,7.0,11.0,10.0,10.0,1.0,1.0,1.0,1.0,1.0,5
23,2,2,1,6,0,1,0,1,0,0,0,5,78.0,5.0,2.0,,8.0,En la transparencia de las condiciones,7.0,5.0,8.0,8.0,9.0,7.0,9.0,10.0,9.0,9.0,9.0,8.0,5.0,7.0,7.0,8.0,8.0,2.0,3.0,3.0,2.0,2.0,2
23,2,2,11,1,0,0,0,0,0,1,0,4,348.0,1.0,1.0,,8.0,En la rapidez de respuesta al cliente,8.0,6.0,8.0,11.0,12.0,10.0,12.0,10.0,7.0,10.0,10.0,11.0,10.0,9.0,11.0,11.0,8.0,3.0,3.0,3.0,4.0,4.0,4
23,2,2,4,5,1,0,0,0,0,0,0,4,992.0,2.0,6.0,,5.0,Rápido y aceptable,5.0,5.0,5.0,6.0,6.0,6.0,6.0,6.0,6.0,6.0,6.0,6.0,6.0,6.0,6.0,6.0,5.0,4.0,4.0,4.0,4.0,4.0,2
23,2,2,12,3,0,1,0,0,0,0,0,5,344.0,1.0,4.0,,7.0,de momento creo q no necesita mejorar,9.0,4.0,8.0,5.0,8.0,9.0,9.0,8.0,9.0,7.0,7.0,7.0,6.0,6.0,9.0,7.0,8.0,2.0,2.0,2.0,2.0,2.0,4
23,2,1,12,3,1,0,0,0,0,0,0,4,52.0,1.0,1.0,,9.0,Fueron súper rápidos y los intereses no son tan altos,9.0,6.0,9.0,8.0,8.0,9.0,10.0,9.0,9.0,8.0,10.0,9.0,10.0,8.0,9.0,9.0,8.0,2.0,2.0,1.0,2.0,2.0,4
23,2,1,12,3,0,0,0,0,1,0,0,4,53.0,2.0,,,6.0,Por los réditos tan altos,8.0,2.0,5.0,5.0,5.0,3.0,7.0,8.0,4.0,5.0,5.0,7.0,5.0,7.0,7.0,4.0,7.0,3.0,2.0,3.0,3.0,3.0,1
23,2,2,6,1,1,0,0,0,0,0,0,4,52.0,1.0,3.0,,0.0,Robo. Usureros,1.0,1.0,1.0,2.0,2.0,2.0,10.0,1.0,2.0,3.0,2.0,2.0,2.0,1.0,1.0,1.0,0.0,4.0,4.0,4.0,4.0,4.0,0
23,2,1,1,6,1,0,0,0,0,0,0,4,348.0,1.0,6.0,,5.0,Poco asesoramiento,6.0,5.0,7.0,7.0,10.0,9.0,8.0,8.0,8.0,8.0,10.0,10.0,10.0,8.0,6.0,6.0,7.0,3.0,2.0,3.0,3.0,4.0,2
23,2,1,12,3,0,1,1,0,0,0,0,5,370.0,3.0,4.0,,8.0,Intereses más bajos,8.0,5.0,9.0,9.0,4.0,6.0,9.0,8.0,7.0,8.0,9.0,9.0,9.0,2.0,7.0,9.0,8.0,2.0,2.0,2.0,2.0,3.0,4
23,2,1,17,5,0,1,0,0,0,0,0,5,384.0,3.0,5.0,,6.0,No me gusta,10.0,7.0,7.0,9.0,11.0,9.0,10.0,8.0,10.0,6.0,7.0,7.0,7.0,9.0,10.0,10.0,7.0,2.0,2.0,2.0,3.0,3.0,4
23,2,2,6,1,0,1,0,0,0,0,0,5,348.0,1.0,4.0,,9.0,Confianza,9.0,6.0,8.0,10.0,7.0,9.0,9.0,9.0,8.0,10.0,9.0,8.0,10.0,10.0,9.0,9.0,8.0,2.0,2.0,2.0,2.0,2.0,4
23,2,2,17,5,1,1,0,0,0,0,0,5,469.0,5.0,1.0,,8.0,mejor comunicación y ofertas,7.0,5.0,7.0,9.0,10.0,10.0,9.0,10.0,9.0,8.0,9.0,9.0,8.0,9.0,9.0,8.0,8.0,3.0,3.0,2.0,2.0,3.0,4
23,2,2,12,3,0,0,1,0,1,1,0,5,392.0,4.0,1.0,,10.0,el servicio al cliente es muy eficiente,10.0,6.0,9.0,10.0,11.0,11.0,11.0,10.0,10.0,10.0,9.0,9.0,9.0,9.0,10.0,10.0,8.0,2.0,2.0,2.0,2.0,2.0,4
23,2,1,12,3,1,0,1,0,0,0,0,5,227.0,3.0,3.0,,10.0,La atencion,10.0,7.0,9.0,10.0,9.0,10.0,10.0,10.0,10.0,9.0,10.0,11.0,11.0,10.0,11.0,11.0,9.0,1.0,2.0,2.0,2.0,4.0,4
23,2,2,9,5,1,0,0,1,0,0,0,5,337.0,4.0,1.0,,10.0,"cercano, claro, consistente, atento",10.0,6.0,9.0,10.0,9.0,10.0,10.0,10.0,10.0,10.0,10.0,10.0,10.0,11.0,9.0,8.0,8.0,2.0,2.0,1.0,2.0,2.0,5
23,2,2,1,6,1,0,0,1,0,0,0,5,412.0,4.0,1.0,,8.0,Agilización del proceso,9.0,6.0,9.0,10.0,10.0,11.0,10.0,11.0,10.0,9.0,8.0,11.0,10.0,10.0,9.0,11.0,8.0,2.0,1.0,1.0,2.0,2.0,5
23,2,1,7,4,1,0,0,0,0,0,0,4,135.0,2.0,3.0,,10.0,Rapidez del credito,10.0,7.0,10.0,11.0,7.0,11.0,11.0,6.0,2.0,6.0,3.0,3.0,2.0,1.0,7.0,5.0,10.0,2.0,2.0,3.0,2.0,1.0,4
24,2,2,12,3,1,0,0,0,0,0,0,4,76.0,1.0,5.0,,8.0,Mejor atencion,7.0,3.0,6.0,9.0,10.0,11.0,8.0,10.0,9.0,7.0,9.0,4.0,5.0,7.0,6.0,6.0,8.0,3.0,2.0,3.0,3.0,2.0,4
24,2,2,6,1,0,0,0,0,0,1,0,5,469.0,5.0,2.0,,7.0,esta bastante bien en general pero a lo mejor los servicios telefonicos,6.0,5.0,5.0,8.0,6.0,9.0,8.0,11.0,9.0,9.0,4.0,2.0,8.0,6.0,8.0,8.0,7.0,1.0,3.0,2.0,1.0,3.0,1
24,2,1,11,1,0,1,1,0,0,0,0,5,382.0,3.0,3.0,,8.0,"Si aplazas el pago a varios meses, los intereses se diaparan",8.0,7.0,10.0,9.0,6.0,10.0,4.0,6.0,11.0,10.0,10.0,10.0,10.0,10.0,10.0,9.0,8.0,1.0,2.0,1.0,1.0,1.0,4
24,2,1,1,6,0,1,1,0,0,1,0,5,467.0,5.0,1.0,,8.0,Mejor amabilidad con el cliente,8.0,6.0,8.0,9.0,9.0,9.0,9.0,9.0,9.0,9.0,9.0,9.0,9.0,9.0,9.0,9.0,8.0,1.0,2.0,1.0,2.0,2.0,3
24,2,1,1,6,1,0,0,0,0,0,0,4,76.0,1.0,1.0,,6.0,Alto interés,7.0,6.0,7.0,8.0,6.0,7.0,10.0,6.0,2.0,6.0,7.0,7.0,6.0,8.0,7.0,6.0,6.0,2.0,4.0,3.0,2.0,3.0,2
24,2,1,6,1,0,1,0,1,0,1,0,5,52.0,1.0,7.0,,8.0,Dar mas facilidades tal vez,9.0,6.0,8.0,9.0,10.0,9.0,10.0,9.0,9.0,10.0,8.0,9.0,8.0,9.0,10.0,8.0,8.0,2.0,2.0,2.0,1.0,2.0,4
24,2,1,12,3,1,1,0,0,0,1,0,5,126.0,5.0,1.0,,8.0,En las comisiones que ofrece,8.0,6.0,9.0,9.0,8.0,9.0,9.0,6.0,5.0,8.0,8.0,7.0,8.0,9.0,10.0,9.0,8.0,3.0,3.0,2.0,2.0,2.0,4
24,2,1,12,3,1,0,0,0,0,0,0,4,348.0,1.0,1.0,,9.0,Rapidez,9.0,6.0,8.0,4.0,6.0,9.0,8.0,11.0,4.0,6.0,7.0,5.0,9.0,7.0,9.0,10.0,7.0,2.0,3.0,4.0,2.0,3.0,4
24,2,2,10,4,1,1,0,0,1,0,0,5,44.0,2.0,3.0,,10.0,Baja la cuota,10.0,7.0,10.0,11.0,6.0,11.0,6.0,11.0,11.0,11.0,1.0,11.0,11.0,11.0,11.0,11.0,10.0,1.0,4.0,3.0,4.0,1.0,4
24,2,2,12,3,1,1,0,0,0,0,0,5,43.0,1.0,1.0,,6.0,Mucho formulario,6.0,5.0,6.0,8.0,9.0,6.0,9.0,10.0,10.0,9.0,8.0,7.0,7.0,6.0,9.0,8.0,7.0,3.0,3.0,3.0,2.0,4.0,4
24,2,2,7,4,0,0,0,1,0,0,0,4,52.0,1.0,2.0,,10.0,puedo pagar a plazos mi préstamos,10.0,7.0,10.0,11.0,9.0,11.0,11.0,11.0,11.0,11.0,11.0,11.0,11.0,11.0,11.0,11.0,10.0,1.0,1.0,1.0,1.0,1.0,4
24,2,2,1,6,0,1,0,1,0,0,0,5,348.0,1.0,1.0,,7.0,Más rapidez,7.0,5.0,7.0,5.0,4.0,8.0,7.0,8.0,5.0,9.0,8.0,10.0,11.0,8.0,7.0,6.0,6.0,2.0,3.0,2.0,3.0,2.0,2
24,2,2,9,5,0,1,0,1,0,0,0,5,53.0,2.0,1.0,,10.0,Que son seguros y muy recomendado,10.0,7.0,10.0,11.0,11.0,11.0,11.0,11.0,11.0,11.0,11.0,11.0,11.0,11.0,11.0,11.0,10.0,1.0,1.0,1.0,1.0,1.0,5
24,2,1,1,6,1,1,1,1,0,0,0,5,379.0,3.0,3.0,,7.0,"Porque te da mucha confianza, buen pago a plazos",9.0,7.0,7.0,11.0,8.0,7.0,10.0,9.0,11.0,11.0,10.0,9.0,9.0,10.0,9.0,8.0,8.0,3.0,1.0,2.0,2.0,2.0,5
24,2,2,2,2,0,1,0,0,0,0,0,4,283.0,3.0,4.0,,8.0,Es un buen establecimiento,10.0,2.0,10.0,10.0,9.0,11.0,11.0,10.0,11.0,10.0,10.0,10.0,9.0,11.0,11.0,11.0,10.0,1.0,1.0,1.0,1.0,1.0,4
24,2,1,12,3,0,0,1,1,0,1,0,5,370.0,3.0,3.0,,6.0,Porque las consecuencias pueden ser graves,5.0,4.0,5.0,4.0,4.0,4.0,3.0,4.0,6.0,5.0,4.0,3.0,4.0,4.0,5.0,5.0,6.0,2.0,2.0,2.0,2.0,2.0,1
24,2,1,8,4,1,1,0,1,0,0,0,5,412.0,4.0,1.0,,7.0,en mas claridad en los trámites,8.0,5.0,7.0,8.0,8.0,9.0,8.0,10.0,11.0,11.0,9.0,8.0,10.0,8.0,7.0,11.0,8.0,2.0,2.0,2.0,3.0,1.0,4
24,2,1,1,6,0,1,1,0,1,0,0,5,275.0,3.0,3.0,,8.0,El personal,8.0,6.0,9.0,8.0,5.0,6.0,10.0,7.0,8.0,9.0,5.0,9.0,8.0,6.0,7.0,9.0,8.0,2.0,1.0,2.0,1.0,1.0,2
24,2,2,13,6,0,1,1,0,0,0,0,5,374.0,3.0,3.0,,10.0,"Rápido y fácil de usar, sin trampas ni problemas a la hora de hacer los trámites",10.0,7.0,10.0,11.0,11.0,11.0,11.0,10.0,11.0,11.0,11.0,11.0,11.0,11.0,11.0,11.0,10.0,1.0,1.0,1.0,1.0,1.0,5
24,2,1,1,6,0,1,0,1,0,0,0,5,412.0,4.0,1.0,,7.0,Intereses,6.0,5.0,6.0,8.0,7.0,8.0,7.0,8.0,7.0,6.0,5.0,9.0,7.0,9.0,8.0,7.0,6.0,1.0,2.0,2.0,2.0,3.0,2
24,2,1,5,7,1,1,1,0,0,0,0,5,407.0,3.0,3.0,,7.0,Los horarios,5.0,4.0,6.0,8.0,6.0,8.0,5.0,7.0,2.0,2.0,3.0,6.0,7.0,6.0,7.0,6.0,6.0,2.0,3.0,2.0,3.0,2.0,2
24,2,1,9,5,0,1,0,1,0,0,0,5,392.0,4.0,1.0,,6.0,si lo recomiendo,6.0,5.0,7.0,4.0,5.0,6.0,10.0,5.0,8.0,7.0,7.0,5.0,8.0,8.0,4.0,6.0,4.0,2.0,2.0,2.0,3.0,2.0,2
24,2,1,13,6,1,0,0,0,1,0,0,5,171.0,3.0,3.0,,4.0,Los vi algo antipáticos,5.0,4.0,4.0,5.0,7.0,4.0,7.0,6.0,5.0,6.0,6.0,6.0,6.0,5.0,7.0,5.0,5.0,3.0,3.0,4.0,3.0,4.0,2
24,2,1,11,1,0,1,0,0,0,0,0,4,171.0,3.0,3.0,,6.0,mas ofertas y buenos precios,6.0,6.0,7.0,10.0,8.0,10.0,9.0,10.0,9.0,11.0,8.0,9.0,9.0,10.0,10.0,10.0,8.0,1.0,2.0,1.0,2.0,1.0,4
25,3,2,1,6,0,1,0,0,0,0,0,4,76.0,1.0,3.0,,10.0,Todo,10.0,7.0,10.0,11.0,11.0,11.0,11.0,11.0,11.0,11.0,11.0,11.0,11.0,10.0,11.0,11.0,10.0,1.0,1.0,1.0,1.0,1.0,5
25,3,2,9,5,0,0,0,0,0,1,0,4,76.0,1.0,1.0,,9.0,Amabilidad,9.0,6.0,9.0,10.0,8.0,10.0,11.0,10.0,10.0,10.0,10.0,10.0,10.0,10.0,10.0,10.0,8.0,2.0,1.0,1.0,1.0,1.0,5
25,3,2,12,3,0,0,0,0,0,1,0,4,78.0,5.0,1.0,,9.0,La atención al cliente,10.0,5.0,10.0,11.0,4.0,10.0,5.0,8.0,8.0,7.0,8.0,10.0,10.0,10.0,9.0,10.0,8.0,1.0,1.0,2.0,3.0,2.0,4
25,3,2,9,5,1,0,0,1,0,0,0,5,230.0,1.0,1.0,,9.0,el trato que teinen con el clitent e,10.0,7.0,8.0,11.0,8.0,9.0,10.0,10.0,10.0,9.0,7.0,11.0,11.0,7.0,9.0,10.0,6.0,1.0,1.0,1.0,1.0,1.0,5
25,3,1,1,6,0,1,1,0,1,0,0,5,283.0,3.0,4.0,,9.0,Genial,8.0,5.0,8.0,6.0,4.0,4.0,4.0,7.0,10.0,8.0,8.0,4.0,9.0,6.0,10.0,8.0,8.0,3.0,2.0,2.0,1.0,3.0,2
25,3,1,12,3,0,0,1,0,0,0,0,5,10.0,3.0,3.0,,6.0,"No recomendaría la Affinity Card principalmente porque su modalidad revolving aplica un TIN alto (21 %) y una TAE de hasta ~23 %, lo que puede generar una deuda que se descompone muy lentamente si solo se paga la cuota mínima.",7.0,5.0,6.0,8.0,8.0,9.0,8.0,9.0,8.0,9.0,8.0,10.0,9.0,10.0,8.0,9.0,7.0,2.0,2.0,1.0,4.0,3.0,4
25,3,1,12,3,0,1,0,1,0,0,0,5,314.0,1.0,1.0,,9.0,La rapidez,10.0,7.0,10.0,11.0,10.0,9.0,10.0,10.0,10.0,10.0,8.0,10.0,9.0,9.0,11.0,10.0,9.0,1.0,1.0,2.0,1.0,1.0,4
25,3,2,1,6,0,1,0,0,0,0,0,5,76.0,1.0,3.0,,7.0,En el ambiente laboral,5.0,4.0,7.0,4.0,6.0,7.0,8.0,5.0,5.0,4.0,9.0,5.0,7.0,6.0,5.0,7.0,6.0,2.0,2.0,1.0,2.0,3.0,2
25,3,2,1,6,0,0,1,0,0,0,0,4,385.0,3.0,5.0,,5.0,Porque es mejor asi,6.0,6.0,6.0,5.0,5.0,5.0,4.0,4.0,5.0,4.0,5.0,4.0,4.0,5.0,5.0,6.0,6.0,2.0,2.0,3.0,2.0,2.0,2
25,3,2,12,3,0,1,0,0,0,0,0,5,164.0,3.0,5.0,,6.0,es complicado de entender,7.0,5.0,8.0,7.0,6.0,5.0,6.0,8.0,7.0,8.0,6.0,2.0,7.0,8.0,6.0,9.0,7.0,3.0,3.0,3.0,3.0,3.0,1
25,3,2,12,3,1,0,0,1,0,0,0,5,230.0,1.0,7.0,,5.0,son muy listos,6.0,5.0,5.0,5.0,4.0,3.0,4.0,6.0,6.0,4.0,4.0,3.0,5.0,5.0,7.0,5.0,5.0,3.0,3.0,3.0,3.0,3.0,1
25,3,2,7,4,1,1,1,1,0,0,0,5,353.0,5.0,2.0,,5.0,Ni lo recomendaría ni no lo recomendaría,6.0,5.0,5.0,8.0,9.0,8.0,7.0,8.0,9.0,7.0,8.0,8.0,8.0,7.0,8.0,9.0,6.0,3.0,3.0,3.0,3.0,3.0,0
25,3,1,12,3,0,1,0,0,0,0,0,4,52.0,1.0,1.0,,7.0,No en mucho,8.0,5.0,8.0,8.0,7.0,10.0,9.0,7.0,10.0,8.0,5.0,8.0,8.0,8.0,10.0,9.0,8.0,3.0,2.0,2.0,1.0,2.0,4
25,3,1,12,3,0,1,0,0,0,0,0,5,344.0,1.0,3.0,,9.0,Gran rapidez e eficacia,9.0,6.0,8.0,10.0,10.0,7.0,10.0,9.0,9.0,7.0,9.0,6.0,9.0,9.0,7.0,10.0,9.0,1.0,1.0,2.0,3.0,1.0,4
25,3,2,13,6,0,0,1,0,0,0,0,5,377.0,3.0,4.0,,6.0,Un ejei,9.0,5.0,9.0,5.0,4.0,4.0,5.0,9.0,6.0,5.0,6.0,6.0,5.0,6.0,8.0,7.0,8.0,2.0,3.0,4.0,2.0,3.0,2
25,3,1,1,6,0,0,0,0,0,1,0,4,52.0,5.0,1.0,,9.0,Profesionalidad y calidad,9.0,6.0,9.0,10.0,8.0,9.0,11.0,10.0,9.0,9.0,10.0,9.0,9.0,8.0,9.0,8.0,9.0,1.0,2.0,2.0,1.0,1.0,5
25,3,1,1,6,1,0,0,0,0,0,0,4,353.0,5.0,2.0,,7.0,La facilidad de acceso y velocidad de respuesta,7.0,5.0,8.0,8.0,7.0,6.0,9.0,9.0,7.0,9.0,9.0,10.0,8.0,7.0,10.0,9.0,7.0,2.0,3.0,1.0,2.0,2.0,2
25,3,2,1,6,1,0,0,0,0,0,0,5,76.0,1.0,1.0,,7.0,Menos interés,8.0,7.0,8.0,8.0,10.0,9.0,8.0,9.0,9.0,6.0,7.0,6.0,8.0,9.0,8.0,8.0,8.0,2.0,2.0,3.0,2.0,3.0,2
25,3,2,1,6,1,0,0,0,1,0,0,5,76.0,1.0,,,10.0,Están pendientes y te aconsejan que es lo mejor para ti,10.0,7.0,10.0,11.0,11.0,11.0,11.0,11.0,11.0,11.0,11.0,11.0,11.0,11.0,11.0,11.0,10.0,1.0,1.0,1.0,1.0,1.0,5
25,3,1,1,6,1,0,0,0,0,0,0,5,348.0,1.0,4.0,,9.0,Santander se preocupa de verdad por los clientes y sus problemas.,9.0,6.0,10.0,9.0,10.0,9.0,10.0,10.0,10.0,9.0,9.0,9.0,10.0,10.0,9.0,10.0,9.0,2.0,2.0,2.0,2.0,1.0,5
25,3,1,1,6,1,0,0,0,1,0,0,5,52.0,1.0,,,7.0,No tengo nada en contra de BBVA y si organizaciones como empresa la única cosa a mejorar son los empleados con los que he tratado debido a su actitud,7.0,5.0,7.0,6.0,6.0,5.0,8.0,9.0,6.0,9.0,9.0,9.0,10.0,9.0,9.0,11.0,6.0,2.0,3.0,3.0,2.0,3.0,2
25,3,1,6,1,1,0,0,0,0,0,0,4,52.0,1.0,3.0,,3.0,Son unos usureros rateros.,0.0,1.0,0.0,1.0,1.0,2.0,11.0,4.0,1.0,7.0,2.0,4.0,5.0,5.0,4.0,3.0,3.0,4.0,4.0,4.0,3.0,4.0,0
25,3,2,14,2,0,0,0,0,0,1,0,4,475.0,4.0,1.0,,8.0,La transparencia,8.0,6.0,8.0,7.0,5.0,9.0,9.0,9.0,6.0,9.0,9.0,9.0,8.0,9.0,9.0,9.0,8.0,3.0,3.0,2.0,2.0,3.0,4
25,3,1,14,2,1,0,0,0,0,0,0,4,126.0,2.0,5.0,,7.0,Interes del prestamo,7.0,6.0,8.0,9.0,10.0,9.0,9.0,8.0,7.0,8.0,8.0,8.0,8.0,8.0,8.0,10.0,7.0,3.0,3.0,3.0,3.0,3.0,4
25,3,2,14,2,1,0,0,0,0,0,0,4,348.0,1.0,3.0,,9.0,"El personal de oficina es muy agradable, y la aplicación del banco es muy fácil de usar, también me parece genial que tengas opción de pillar entradas para conciertos con prioridad",9.0,6.0,9.0,9.0,6.0,10.0,6.0,9.0,8.0,9.0,7.0,10.0,11.0,10.0,6.0,7.0,7.0,2.0,2.0,1.0,1.0,2.0,4
25,3,1,10,4,1,0,0,0,0,0,0,4,76.0,1.0,1.0,,7.0,Mejora de atención al cliente,6.0,5.0,6.0,8.0,7.0,6.0,7.0,7.0,7.0,8.0,8.0,6.0,7.0,6.0,6.0,6.0,6.0,2.0,2.0,2.0,2.0,2.0,2
25,3,2,14,2,1,0,0,0,0,0,0,4,76.0,1.0,3.0,,8.0,Me parece que esta bien,9.0,5.0,9.0,9.0,12.0,9.0,8.0,9.0,9.0,11.0,9.0,9.0,8.0,10.0,11.0,11.0,9.0,2.0,3.0,1.0,2.0,2.0,4
25,3,2,10,4,0,1,0,1,0,0,0,5,348.0,1.0,1.0,,7.0,Trato de cara al público,7.0,5.0,7.0,11.0,10.0,10.0,10.0,6.0,6.0,6.0,9.0,9.0,11.0,6.0,7.0,10.0,5.0,2.0,3.0,4.0,3.0,4.0,4
25,3,2,10,4,1,1,1,0,0,0,0,5,298.0,3.0,4.0,,10.0,Es muy rapido,9.0,7.0,9.0,11.0,12.0,10.0,11.0,11.0,11.0,11.0,11.0,11.0,11.0,10.0,10.0,10.0,9.0,1.0,2.0,1.0,2.0,1.0,4
25,3,2,10,4,0,0,0,0,1,0,0,4,397.0,1.0,,,5.0,Ahora mismo no lo se porque al que tuvo un problema fue familiar yo ahora mismo bien,7.0,5.0,7.0,8.0,6.0,9.0,6.0,9.0,8.0,10.0,8.0,11.0,8.0,8.0,8.0,7.0,7.0,2.0,2.0,1.0,2.0,1.0,2
25,3,1,11,1,0,0,1,0,0,0,0,4,993.0,3.0,3.0,,10.0,todo,10.0,7.0,9.0,9.0,9.0,10.0,10.0,10.0,10.0,10.0,10.0,10.0,10.0,10.0,10.0,10.0,9.0,2.0,2.0,2.0,2.0,1.0,4
25,3,2,12,3,1,1,0,0,0,0,0,5,318.0,3.0,3.0,,7.0,En varios,8.0,5.0,6.0,5.0,9.0,8.0,11.0,9.0,9.0,11.0,8.0,9.0,9.0,9.0,9.0,9.0,7.0,1.0,1.0,1.0,2.0,1.0,4
25,3,1,12,3,1,1,0,0,0,0,0,5,370.0,3.0,3.0,,8.0,Tiene intereses muy altos al menos a mi no me dan las cuentas de los intereses y cada cosulta que hago me deja con mas dudas que respuestaas,7.0,4.0,7.0,6.0,6.0,7.0,8.0,6.0,6.0,6.0,6.0,6.0,9.0,5.0,6.0,7.0,5.0,2.0,3.0,3.0,3.0,3.0,1
25,3,2,9,5,1,0,0,0,0,1,0,5,346.0,1.0,4.0,,10.0,El trato al cliente,9.0,7.0,9.0,11.0,11.0,10.0,10.0,11.0,11.0,10.0,9.0,9.0,10.0,10.0,9.0,11.0,9.0,2.0,2.0,1.0,2.0,1.0,5
25,3,2,13,6,1,1,0,0,0,0,0,5,469.0,5.0,2.0,,7.0,La calidad,8.0,5.0,6.0,5.0,8.0,4.0,10.0,9.0,8.0,4.0,7.0,8.0,5.0,8.0,5.0,8.0,8.0,3.0,2.0,1.0,2.0,3.0,2
25,3,1,7,4,0,0,1,0,1,0,0,5,172.0,3.0,5.0,,4.0,Cobardes,6.0,3.0,5.0,9.0,4.0,4.0,8.0,9.0,8.0,4.0,6.0,6.0,5.0,6.0,6.0,6.0,4.0,3.0,4.0,3.0,3.0,2.0,1
25,3,1,17,5,0,0,0,0,1,0,0,4,348.0,1.0,,,8.0,Su sistema de ayuda al cliente,8.0,6.0,9.0,10.0,6.0,10.0,6.0,7.0,7.0,4.0,9.0,6.0,5.0,4.0,8.0,7.0,8.0,2.0,2.0,2.0,3.0,3.0,2
25,3,1,1,6,0,0,1,0,0,0,0,4,13.0,3.0,4.0,,9.0,Ningy,9.0,6.0,10.0,9.0,5.0,9.0,5.0,11.0,10.0,10.0,9.0,6.0,11.0,9.0,11.0,9.0,9.0,2.0,2.0,1.0,1.0,3.0,5
25,3,1,17,5,0,0,1,0,0,0,0,4,407.0,3.0,3.0,,10.0,buena,10.0,7.0,10.0,11.0,11.0,11.0,11.0,11.0,10.0,11.0,11.0,10.0,11.0,11.0,10.0,8.0,10.0,2.0,2.0,2.0,1.0,2.0,5
25,3,1,9,5,0,1,0,0,0,0,0,5,346.0,1.0,3.0,,8.0,En dejar mirar la cuenta a personas de 15 años,8.0,5.0,7.0,6.0,8.0,9.0,8.0,8.0,6.0,8.0,9.0,5.0,7.0,9.0,8.0,10.0,7.0,1.0,3.0,2.0,1.0,2.0,2
25,3,1,1,6,0,1,0,0,0,1,0,5,475.0,4.0,1.0,,9.0,"Me lo recomendo un amigo por su fiabilidad, comidad y buena atencion y de momento estoy muy contento",9.0,6.0,9.0,9.0,6.0,10.0,9.0,9.0,10.0,9.0,8.0,9.0,9.0,8.0,9.0,3.0,8.0,2.0,2.0,1.0,2.0,4.0,5
25,3,2,12,3,0,0,1,0,0,0,0,4,407.0,3.0,3.0,,7.0,atención al cliente,6.0,5.0,6.0,10.0,8.0,9.0,8.0,8.0,9.0,8.0,9.0,8.0,9.0,8.0,9.0,9.0,7.0,2.0,2.0,2.0,2.0,2.0,4
25,3,1,12,3,1,1,0,0,0,0,0,5,53.0,2.0,4.0,,10.0,QUE TIENEN UNA GRAN ATENCION AL CLIENTE,10.0,6.0,9.0,10.0,9.0,9.0,10.0,9.0,11.0,10.0,8.0,11.0,9.0,7.0,10.0,8.0,10.0,2.0,3.0,2.0,1.0,2.0,4
25,3,2,2,2,1,1,0,1,0,0,0,5,392.0,4.0,1.0,,8.0,No sabría decirte,8.0,6.0,8.0,10.0,9.0,9.0,11.0,8.0,6.0,7.0,9.0,8.0,8.0,8.0,7.0,8.0,6.0,2.0,2.0,2.0,2.0,2.0,4
25,3,2,9,5,1,0,0,0,0,0,0,5,230.0,1.0,3.0,,9.0,la libertad y flexibilidad que ofrecen,8.0,6.0,7.0,7.0,9.0,9.0,10.0,10.0,5.0,8.0,9.0,7.0,8.0,8.0,9.0,9.0,8.0,2.0,1.0,3.0,2.0,1.0,4
25,3,1,5,7,0,1,0,0,0,0,0,5,370.0,3.0,3.0,,7.0,"En los beneficios, son muy escasos",7.0,6.0,6.0,9.0,8.0,9.0,7.0,8.0,8.0,9.0,9.0,8.0,7.0,9.0,8.0,8.0,7.0,2.0,2.0,2.0,3.0,1.0,2
25,3,2,1,6,0,0,0,1,1,0,0,5,469.0,5.0,2.0,,9.0,Facil adquisicion de prestamo,9.0,7.0,9.0,11.0,3.0,11.0,11.0,11.0,11.0,10.0,11.0,10.0,11.0,10.0,11.0,11.0,10.0,1.0,1.0,1.0,1.0,1.0,5
25,3,1,9,5,0,0,1,0,0,0,0,4,407.0,3.0,3.0,,8.0,en los tiempos de espera entre clientes. Nada más,9.0,6.0,10.0,11.0,8.0,4.0,10.0,8.0,10.0,11.0,11.0,11.0,7.0,11.0,10.0,10.0,10.0,2.0,2.0,2.0,2.0,1.0,3
25,3,1,9,5,1,1,0,0,1,1,0,5,223.0,3.0,4.0,,8.0,Tal vez baja rlos precios,7.0,5.0,6.0,8.0,8.0,10.0,10.0,6.0,9.0,6.0,9.0,7.0,10.0,7.0,10.0,6.0,8.0,2.0,3.0,1.0,2.0,2.0,2
25,3,2,5,7,1,0,1,0,0,0,0,5,227.0,3.0,3.0,,10.0,Me trataron muy bien,10.0,7.0,10.0,11.0,12.0,11.0,11.0,11.0,11.0,11.0,9.0,11.0,11.0,10.0,11.0,10.0,9.0,1.0,1.0,1.0,1.0,1.0,5
25,3,1,12,3,0,1,1,0,0,0,0,5,376.0,3.0,4.0,,10.0,Buenas promociónes,7.0,7.0,10.0,3.0,9.0,9.0,3.0,11.0,10.0,9.0,9.0,10.0,10.0,7.0,11.0,8.0,10.0,2.0,2.0,1.0,2.0,1.0,4
25,3,2,12,3,0,0,1,1,1,0,0,5,337.0,4.0,2.0,,6.0,Porque no me gusta el servicio,5.0,3.0,6.0,6.0,1.0,5.0,7.0,3.0,7.0,4.0,4.0,9.0,9.0,4.0,11.0,8.0,5.0,3.0,2.0,3.0,2.0,3.0,1
26,3,1,1,6,0,0,0,1,0,0,0,5,78.0,5.0,2.0,,5.0,mucho interes,7.0,5.0,6.0,7.0,8.0,8.0,6.0,9.0,10.0,9.0,11.0,9.0,11.0,9.0,7.0,9.0,9.0,1.0,2.0,1.0,1.0,2.0,2
26,3,2,12,3,1,1,0,0,0,0,0,5,52.0,5.0,1.0,,8.0,mas facilidad,7.0,5.0,6.0,9.0,10.0,8.0,7.0,8.0,9.0,10.0,8.0,9.0,8.0,10.0,10.0,11.0,8.0,1.0,1.0,2.0,2.0,1.0,4
26,3,1,12,3,0,1,0,0,0,0,0,5,76.0,1.0,3.0,,8.0,En variedad de atención,8.0,6.0,9.0,9.0,9.0,9.0,9.0,10.0,10.0,9.0,8.0,9.0,10.0,8.0,8.0,9.0,8.0,1.0,1.0,2.0,2.0,1.0,4
26,3,2,13,6,0,1,1,1,0,0,0,5,296.0,3.0,4.0,,7.0,En que sean un poco más eficientes,6.0,5.0,5.0,6.0,6.0,7.0,7.0,8.0,7.0,5.0,6.0,8.0,8.0,7.0,8.0,8.0,6.0,2.0,3.0,2.0,3.0,3.0,2
26,3,2,12,3,1,0,0,0,0,0,0,4,52.0,1.0,5.0,,10.0,Cobra poco interés y buen servicio muy confiable,10.0,7.0,10.0,11.0,6.0,9.0,9.0,10.0,11.0,9.0,7.0,11.0,11.0,11.0,9.0,10.0,9.0,1.0,1.0,1.0,2.0,2.0,4
26,3,2,12,3,1,1,1,0,0,0,0,5,382.0,3.0,5.0,,8.0,Teniendo más tiempo para comprar y ampliandole online para que su uso sea más fácil,8.0,6.0,8.0,9.0,6.0,10.0,8.0,9.0,7.0,10.0,9.0,8.0,7.0,8.0,9.0,9.0,9.0,3.0,2.0,3.0,2.0,3.0,4
26,3,1,1,6,1,0,0,1,0,0,0,5,52.0,1.0,1.0,,9.0,Fácil de manejar,9.0,6.0,8.0,11.0,8.0,10.0,9.0,10.0,10.0,10.0,9.0,10.0,11.0,10.0,8.0,10.0,9.0,1.0,1.0,1.0,1.0,1.0,5
26,3,2,12,3,1,1,0,0,0,0,0,5,52.0,1.0,4.0,,9.0,"La atención, las oportunidades de pago, los beneficios que tienen",10.0,6.0,10.0,10.0,5.0,11.0,7.0,9.0,11.0,10.0,6.0,10.0,10.0,9.0,8.0,9.0,8.0,1.0,1.0,2.0,2.0,2.0,4
26,3,1,1,6,1,1,0,0,0,0,0,5,348.0,1.0,4.0,,7.0,En la atencion al cliente,8.0,5.0,7.0,9.0,9.0,7.0,7.0,10.0,8.0,10.0,9.0,8.0,8.0,9.0,9.0,9.0,7.0,3.0,3.0,2.0,2.0,3.0,2
26,3,2,7,4,0,0,0,0,0,1,0,4,78.0,5.0,1.0,,9.0,"Se hacen cargo de los cambios de aceite, ITV, mantenimiento...",9.0,6.0,8.0,9.0,8.0,9.0,10.0,8.0,8.0,8.0,8.0,9.0,10.0,9.0,8.0,10.0,9.0,2.0,2.0,2.0,2.0,2.0,4
26,3,2,1,6,0,1,0,0,0,0,0,4,76.0,1.0,4.0,,9.0,La facilidad de las gestiones,8.0,6.0,8.0,9.0,8.0,9.0,10.0,7.0,6.0,6.0,5.0,7.0,7.0,10.0,8.0,8.0,5.0,2.0,2.0,1.0,2.0,2.0,2
26,3,2,2,2,0,1,0,0,0,0,0,4,53.0,2.0,5.0,,10.0,Puntualidad,10.0,7.0,10.0,11.0,3.0,11.0,11.0,8.0,10.0,9.0,7.0,8.0,9.0,10.0,9.0,10.0,7.0,2.0,2.0,2.0,2.0,2.0,4
26,3,1,7,4,1,0,0,0,0,0,0,4,78.0,5.0,2.0,,8.0,La atención al cliente ante los fallos y/o dudas,8.0,6.0,9.0,7.0,6.0,9.0,9.0,7.0,6.0,9.0,9.0,6.0,7.0,9.0,11.0,9.0,7.0,3.0,3.0,2.0,3.0,3.0,4
26,3,1,10,4,1,1,1,0,0,0,0,5,146.0,3.0,3.0,,6.0,Es bueno pero mejorable.,7.0,5.0,6.0,7.0,6.0,8.0,9.0,7.0,6.0,9.0,6.0,8.0,9.0,7.0,2.0,7.0,7.0,3.0,2.0,2.0,2.0,2.0,2
26,3,1,14,2,0,0,0,0,0,1,0,4,412.0,4.0,1.0,,8.0,Que los intereses fueran inferiores,7.0,6.0,7.0,9.0,7.0,9.0,10.0,6.0,6.0,6.0,6.0,10.0,9.0,8.0,7.0,9.0,6.0,2.0,2.0,3.0,3.0,3.0,4
26,3,2,14,2,1,0,0,0,0,0,0,4,991.0,1.0,5.0,,10.0,Rápidos,10.0,7.0,10.0,10.0,12.0,9.0,9.0,9.0,9.0,9.0,9.0,11.0,11.0,9.0,10.0,9.0,8.0,2.0,2.0,2.0,2.0,2.0,4
26,3,2,4,5,1,1,1,1,1,0,0,5,171.0,3.0,3.0,,5.0,Dañ   Fac,4.0,5.0,4.0,3.0,4.0,3.0,2.0,6.0,6.0,8.0,6.0,1.0,2.0,3.0,5.0,4.0,7.0,2.0,2.0,3.0,1.0,3.0,0
26,3,2,12,3,0,1,0,1,0,0,0,5,360.0,2.0,2.0,,9.0,La rapidez,7.0,5.0,8.0,1.0,7.0,7.0,7.0,4.0,5.0,5.0,6.0,6.0,7.0,7.0,7.0,7.0,5.0,2.0,2.0,3.0,4.0,2.0,1
26,3,1,12,3,0,1,0,1,0,0,0,5,78.0,5.0,1.0,,8.0,pues la atención al cliente a veces se queda corta y las condiciones deberían mejorarse,8.0,6.0,7.0,9.0,11.0,9.0,7.0,8.0,8.0,10.0,9.0,4.0,8.0,8.0,11.0,9.0,8.0,2.0,3.0,2.0,3.0,2.0,4
26,3,2,12,3,0,0,0,1,0,0,0,4,412.0,4.0,1.0,,9.0,la facilidad y acceso para solicitar el préstamo,7.0,6.0,9.0,10.0,10.0,10.0,11.0,10.0,10.0,10.0,10.0,10.0,10.0,9.0,10.0,11.0,9.0,2.0,1.0,1.0,1.0,2.0,4
26,3,2,8,4,0,0,0,0,0,1,0,4,353.0,5.0,1.0,,7.0,Más fiabilidad y rapidez,7.0,5.0,7.0,9.0,9.0,5.0,8.0,6.0,7.0,7.0,4.0,8.0,8.0,5.0,7.0,8.0,8.0,3.0,2.0,3.0,2.0,3.0,2
26,3,1,7,4,1,1,1,1,1,1,0,5,353.0,5.0,1.0,,9.0,Buenos servicios y trato optimo,9.0,6.0,9.0,8.0,9.0,9.0,10.0,9.0,11.0,8.0,8.0,10.0,10.0,9.0,10.0,10.0,9.0,2.0,1.0,1.0,2.0,2.0,4
26,3,1,17,5,1,0,0,0,0,0,0,5,346.0,1.0,6.0,,8.0,En ser menos pesados cuando te retrasas con la cuota,8.0,6.0,8.0,10.0,9.0,9.0,9.0,10.0,11.0,10.0,8.0,9.0,9.0,9.0,9.0,10.0,8.0,2.0,2.0,1.0,2.0,3.0,3
26,3,2,1,6,0,1,0,0,0,0,0,4,378.0,3.0,3.0,,7.0,Más flexible al pago,8.0,6.0,8.0,6.0,7.0,7.0,7.0,7.0,8.0,4.0,7.0,7.0,7.0,5.0,7.0,7.0,7.0,1.0,1.0,1.0,1.0,1.0,2
26,3,2,12,3,1,1,0,0,0,0,0,5,53.0,2.0,3.0,,8.0,Una tasa menor,8.0,6.0,9.0,10.0,11.0,9.0,7.0,9.0,8.0,6.0,7.0,9.0,10.0,9.0,11.0,11.0,8.0,2.0,2.0,1.0,1.0,3.0,4
26,3,1,9,5,0,0,0,1,0,0,0,4,337.0,4.0,2.0,,8.0,"Es muy bueno, pero la confianza habría que mejorar",8.0,2.0,4.0,7.0,5.0,6.0,2.0,3.0,7.0,2.0,4.0,7.0,3.0,3.0,8.0,2.0,9.0,2.0,3.0,3.0,3.0,3.0,2
26,3,1,17,5,1,0,0,0,0,0,0,5,346.0,1.0,6.0,,8.0,En no llamar tanto cuando te retrasas un día en un pago,9.0,7.0,9.0,10.0,10.0,9.0,10.0,9.0,9.0,10.0,9.0,9.0,10.0,8.0,10.0,9.0,8.0,2.0,2.0,1.0,1.0,1.0,5
26,3,1,12,3,1,0,0,1,1,0,0,5,469.0,5.0,1.0,,7.0,Precio y tiempo,4.0,5.0,6.0,7.0,7.0,4.0,7.0,7.0,5.0,6.0,3.0,6.0,8.0,4.0,5.0,4.0,4.0,4.0,2.0,2.0,3.0,3.0,1
26,3,1,12,3,1,1,0,1,0,0,0,5,469.0,5.0,2.0,,6.0,Interés alto,4.0,5.0,6.0,7.0,6.0,7.0,5.0,9.0,8.0,6.0,6.0,8.0,8.0,7.0,8.0,7.0,5.0,2.0,2.0,1.0,1.0,3.0,1
26,3,2,11,1,0,0,0,1,0,0,0,4,469.0,5.0,1.0,,8.0,En nada,9.0,7.0,9.0,9.0,4.0,10.0,10.0,9.0,9.0,9.0,9.0,9.0,9.0,9.0,9.0,10.0,9.0,1.0,1.0,1.0,1.0,1.0,4
26,3,1,9,5,1,1,1,1,1,0,0,5,469.0,5.0,1.0,,6.0,me transmitia mucha confianza y me podía ayudar con todas mis necesidades económicas de forma rapida y correcta.,8.0,7.0,7.0,8.0,12.0,9.0,11.0,6.0,10.0,11.0,9.0,8.0,11.0,10.0,9.0,11.0,7.0,1.0,3.0,1.0,2.0,2.0,2
26,3,2,12,3,0,1,0,0,0,0,0,4,126.0,2.0,3.0,,10.0,Me han ayudado a pagarlo a cómodos plazos,10.0,5.0,10.0,11.0,12.0,11.0,11.0,11.0,6.0,6.0,6.0,11.0,11.0,11.0,11.0,11.0,5.0,1.0,2.0,2.0,4.0,2.0,4
27,3,2,12,3,0,0,1,0,0,0,0,5,275.0,3.0,3.0,,6.0,Nada especial,7.0,3.0,6.0,3.0,1.0,3.0,7.0,8.0,8.0,8.0,6.0,4.0,3.0,4.0,4.0,4.0,7.0,2.0,2.0,2.0,3.0,3.0,1
27,3,2,12,3,0,0,0,1,0,0,0,4,392.0,4.0,1.0,,10.0,Libertad,10.0,7.0,10.0,9.0,7.0,9.0,11.0,10.0,10.0,9.0,11.0,11.0,9.0,11.0,9.0,11.0,10.0,1.0,2.0,1.0,2.0,2.0,4
27,3,1,1,6,1,1,1,0,0,0,0,5,52.0,5.0,2.0,,10.0,"Buena tasa de interés, seguro y bueno",10.0,6.0,10.0,11.0,9.0,11.0,11.0,9.0,11.0,11.0,10.0,11.0,10.0,11.0,11.0,10.0,10.0,1.0,1.0,1.0,1.0,1.0,5
27,3,2,5,7,1,1,0,0,0,0,0,5,373.0,3.0,3.0,,10.0,Poder comprar lo que quiero,10.0,7.0,10.0,11.0,7.0,11.0,9.0,10.0,10.0,11.0,9.0,9.0,10.0,11.0,11.0,11.0,10.0,1.0,1.0,2.0,2.0,2.0,5
27,3,1,12,3,1,0,0,0,0,0,0,5,52.0,5.0,1.0,,5.0,Muchos problemas,5.0,4.0,4.0,5.0,5.0,4.0,3.0,3.0,5.0,2.0,5.0,6.0,7.0,2.0,2.0,2.0,2.0,4.0,4.0,4.0,4.0,3.0,0
27,3,1,1,6,0,0,1,0,0,0,0,5,277.0,3.0,3.0,,9.0,Buenas calidad,10.0,7.0,10.0,11.0,11.0,11.0,11.0,11.0,11.0,11.0,11.0,11.0,11.0,11.0,11.0,11.0,10.0,1.0,1.0,1.0,1.0,1.0,5
27,3,1,12,3,1,0,1,0,0,0,0,5,10.0,3.0,3.0,,10.0,Sin duda alguna su claridad con el crédito y los intereses que conlleva contratarlo.,8.0,6.0,9.0,9.0,8.0,7.0,6.0,9.0,9.0,8.0,7.0,9.0,9.0,9.0,9.0,10.0,8.0,2.0,1.0,2.0,2.0,3.0,4
27,3,1,12,3,1,1,0,0,0,0,0,5,78.0,5.0,1.0,,5.0,Muchos intereses,5.0,5.0,6.0,6.0,6.0,7.0,8.0,5.0,5.0,5.0,4.0,7.0,7.0,7.0,6.0,6.0,3.0,3.0,3.0,3.0,3.0,4.0,1
27,3,1,1,6,0,0,0,0,1,0,0,4,348.0,1.0,,,9.0,el margen de beneficio que ofrecen,10.0,6.0,8.0,11.0,10.0,11.0,3.0,11.0,8.0,11.0,11.0,11.0,11.0,10.0,9.0,10.0,10.0,1.0,2.0,1.0,2.0,2.0,5
27,3,1,12,3,1,0,0,0,0,0,0,5,397.0,1.0,4.0,,7.0,.,7.0,5.0,7.0,8.0,8.0,10.0,9.0,8.0,8.0,8.0,8.0,8.0,8.0,8.0,8.0,8.0,7.0,2.0,2.0,3.0,2.0,2.0,4
27,3,2,1,6,1,0,0,0,0,0,0,4,296.0,3.0,4.0,,6.0,Trámite largo y no rápido,6.0,3.0,6.0,10.0,7.0,6.0,7.0,5.0,8.0,9.0,6.0,7.0,5.0,5.0,8.0,6.0,5.0,2.0,3.0,2.0,3.0,2.0,2
27,3,2,1,6,1,1,0,1,0,0,0,5,353.0,5.0,2.0,,8.0,Reducir intereses con el paso de los años,8.0,5.0,8.0,9.0,8.0,8.0,10.0,9.0,7.0,8.0,6.0,8.0,8.0,9.0,9.0,7.0,6.0,2.0,3.0,3.0,3.0,2.0,2
27,3,2,1,6,1,0,0,0,0,1,0,5,52.0,5.0,1.0,,8.0,La comunicación más amena,8.0,4.0,7.0,5.0,5.0,8.0,3.0,7.0,9.0,8.0,4.0,11.0,7.0,4.0,7.0,7.0,8.0,3.0,2.0,3.0,3.0,3.0,2
27,3,2,4,5,1,1,1,0,0,1,0,5,353.0,5.0,1.0,,9.0,Una gestion fácil y rápida.,9.0,7.0,9.0,10.0,9.0,10.0,10.0,9.0,8.0,10.0,11.0,11.0,10.0,10.0,10.0,10.0,8.0,1.0,2.0,2.0,1.0,2.0,5
27,3,2,7,4,0,0,1,0,0,0,0,5,382.0,3.0,3.0,,10.0,Tienes un saldo bastante grande y no suponen problemas,10.0,7.0,10.0,11.0,11.0,11.0,11.0,10.0,10.0,10.0,8.0,8.0,9.0,11.0,11.0,11.0,10.0,1.0,1.0,1.0,1.0,1.0,5
27,3,1,2,2,1,1,0,0,0,0,0,5,76.0,1.0,6.0,,8.0,Dar lo mejor al cliente,8.0,6.0,8.0,10.0,10.0,10.0,10.0,9.0,10.0,9.0,9.0,9.0,9.0,9.0,10.0,10.0,8.0,2.0,1.0,1.0,2.0,1.0,4
27,3,1,13,6,1,0,0,1,0,0,0,5,353.0,2.0,7.0,,10.0,"Pues la atención al cliente, la comodidad para realizar los pagos y las bajas comisiones",10.0,6.0,9.0,10.0,9.0,9.0,11.0,10.0,11.0,10.0,10.0,9.0,11.0,11.0,9.0,10.0,9.0,1.0,1.0,1.0,1.0,2.0,5
27,3,1,13,6,0,1,1,0,1,0,0,5,343.0,3.0,4.0,,8.0,Intereses,5.0,5.0,8.0,5.0,2.0,3.0,6.0,6.0,4.0,8.0,5.0,4.0,9.0,6.0,8.0,6.0,8.0,2.0,2.0,3.0,4.0,2.0,2
27,3,2,6,1,0,1,0,0,0,1,0,5,994.0,4.0,1.0,,8.0,Los tramos de pago,8.0,6.0,8.0,9.0,12.0,8.0,9.0,8.0,8.0,7.0,7.0,7.0,8.0,8.0,9.0,8.0,5.0,2.0,2.0,1.0,2.0,2.0,4
27,3,1,7,4,0,1,0,0,0,0,0,4,348.0,1.0,3.0,,9.0,Cálidas servicio,9.0,6.0,10.0,8.0,8.0,7.0,11.0,7.0,9.0,6.0,7.0,6.0,8.0,7.0,9.0,9.0,10.0,2.0,2.0,2.0,1.0,3.0,4
27,3,2,7,4,0,1,0,1,0,0,0,5,370.0,3.0,3.0,,8.0,Las tazas de pago se lleva mucho intereses,5.0,5.0,6.0,8.0,5.0,10.0,9.0,7.0,10.0,7.0,11.0,10.0,10.0,9.0,9.0,11.0,9.0,1.0,1.0,3.0,2.0,1.0,4
27,3,1,7,4,1,0,0,0,0,0,0,4,76.0,1.0,2.0,,0.0,Malas condiciones y te intenta colar un seguro de vida obligatoriamente,0.0,1.0,0.0,1.0,1.0,1.0,1.0,1.0,1.0,1.0,1.0,1.0,1.0,1.0,1.0,1.0,0.0,4.0,4.0,4.0,4.0,4.0,0
27,3,2,12,3,0,0,1,0,0,0,0,4,407.0,3.0,3.0,,6.0,"Ninguna, todo bien",9.0,7.0,8.0,8.0,9.0,8.0,10.0,8.0,8.0,8.0,7.0,5.0,8.0,7.0,10.0,10.0,8.0,2.0,2.0,1.0,2.0,2.0,4
27,3,2,4,5,1,1,0,0,0,0,0,5,78.0,2.0,3.0,,10.0,Me dieron un préstamo sin pedirme ningún tipo de papeleo,10.0,7.0,10.0,11.0,12.0,11.0,11.0,11.0,9.0,11.0,10.0,11.0,11.0,11.0,11.0,9.0,10.0,2.0,3.0,1.0,3.0,2.0,5
27,3,1,14,2,0,0,0,1,0,0,0,4,353.0,5.0,1.0,,6.0,sencillez y buena atención al cliente,7.0,5.0,7.0,8.0,7.0,8.0,8.0,7.0,6.0,6.0,6.0,6.0,7.0,7.0,8.0,8.0,5.0,3.0,3.0,3.0,3.0,4.0,1
27,3,2,17,5,0,0,0,1,0,0,0,4,348.0,1.0,1.0,,7.0,que te expliquen bien las condiciones,7.0,5.0,7.0,8.0,8.0,9.0,9.0,8.0,8.0,6.0,6.0,7.0,8.0,8.0,8.0,8.0,8.0,3.0,3.0,3.0,4.0,3.0,2
27,3,1,9,5,1,0,0,0,0,0,0,5,52.0,1.0,3.0,,8.0,Mejores ofertas,8.0,7.0,9.0,11.0,11.0,10.0,11.0,10.0,10.0,10.0,10.0,9.0,10.0,9.0,10.0,10.0,9.0,1.0,1.0,2.0,1.0,2.0,5
27,3,2,13,6,1,0,1,1,0,0,0,5,475.0,4.0,1.0,,9.0,La facilidad a la hora de aceptar el prestamo,8.0,7.0,10.0,10.0,6.0,10.0,10.0,11.0,11.0,11.0,11.0,9.0,11.0,9.0,9.0,9.0,10.0,1.0,1.0,1.0,1.0,1.0,5
27,3,2,17,5,0,0,0,1,0,0,0,4,469.0,5.0,1.0,,5.0,no me fio de la financiacion de los bancos,5.0,5.0,5.0,6.0,12.0,6.0,7.0,5.0,5.0,6.0,5.0,5.0,5.0,6.0,6.0,6.0,4.0,4.0,4.0,4.0,4.0,4.0,2
27,3,1,11,1,1,0,0,0,0,0,0,4,135.0,2.0,3.0,,9.0,Funcionan muy bien,9.0,6.0,8.0,11.0,10.0,9.0,9.0,9.0,7.0,8.0,6.0,9.0,9.0,8.0,10.0,11.0,9.0,2.0,3.0,2.0,1.0,2.0,4
27,3,2,1,6,1,1,0,0,0,0,0,5,348.0,1.0,3.0,,7.0,Atención al cliente,7.0,6.0,8.0,8.0,5.0,8.0,6.0,7.0,8.0,7.0,8.0,8.0,9.0,9.0,8.0,7.0,7.0,3.0,2.0,3.0,2.0,2.0,2
27,3,1,9,5,1,0,0,0,0,0,0,4,53.0,2.0,3.0,,10.0,Buena atención,10.0,7.0,10.0,11.0,11.0,11.0,11.0,11.0,11.0,11.0,10.0,10.0,11.0,11.0,11.0,11.0,10.0,1.0,1.0,2.0,2.0,2.0,5
27,3,1,12,3,0,1,0,0,1,0,0,5,208.0,3.0,3.0,,8.0,En dar más plazos para los pagos,9.0,2.0,9.0,10.0,6.0,8.0,9.0,9.0,9.0,11.0,5.0,8.0,4.0,5.0,8.0,7.0,8.0,1.0,1.0,3.0,1.0,3.0,4
27,3,1,17,5,0,0,0,0,1,0,0,4,135.0,2.0,,,6.0,no se,7.0,4.0,8.0,8.0,9.0,9.0,8.0,8.0,8.0,8.0,8.0,8.0,8.0,8.0,8.0,8.0,7.0,2.0,2.0,2.0,2.0,2.0,2
27,3,1,9,5,0,1,0,0,0,0,0,4,13.0,3.0,3.0,,8.0,Mejor servicio,8.0,7.0,8.0,10.0,10.0,11.0,10.0,10.0,10.0,10.0,7.0,9.0,9.0,9.0,9.0,10.0,9.0,1.0,1.0,1.0,3.0,2.0,5
27,3,2,5,7,0,0,0,0,1,0,0,4,53.0,2.0,,,6.0,Hay ofertas mejores,6.0,5.0,6.0,9.0,9.0,8.0,9.0,8.0,9.0,8.0,7.0,6.0,8.0,6.0,6.0,8.0,7.0,3.0,4.0,3.0,3.0,3.0,2
27,3,1,17,5,1,1,0,0,1,1,0,5,469.0,2.0,,,10.0,Que me facilitaron la vida y me ayudaron en todo lo que pudieron.,10.0,7.0,10.0,11.0,8.0,11.0,11.0,11.0,11.0,10.0,11.0,10.0,11.0,9.0,11.0,9.0,9.0,2.0,1.0,1.0,2.0,1.0,5
27,3,1,17,5,1,1,0,1,1,1,0,5,469.0,2.0,,,10.0,Que me han ayudado en todo lo que he necesitado.,10.0,7.0,10.0,10.0,8.0,9.0,11.0,10.0,11.0,9.0,9.0,10.0,11.0,9.0,10.0,10.0,9.0,1.0,1.0,1.0,2.0,1.0,5
27,3,1,10,4,1,1,0,0,0,1,0,5,392.0,4.0,1.0,,9.0,Fue muy sencillo y me salió bien de precio,10.0,7.0,9.0,9.0,8.0,10.0,10.0,8.0,8.0,8.0,7.0,7.0,7.0,7.0,8.0,8.0,8.0,1.0,3.0,1.0,2.0,4.0,4
27,3,1,9,5,0,0,0,0,0,1,0,4,412.0,4.0,1.0,,8.0,"Ninguno, nunca me han dado problemas en los coches que he financiado con renting",8.0,6.0,8.0,10.0,9.0,10.0,9.0,11.0,10.0,9.0,8.0,9.0,10.0,10.0,9.0,9.0,9.0,1.0,1.0,1.0,2.0,1.0,5
27,3,1,9,5,1,0,1,1,1,0,0,5,337.0,4.0,2.0,,6.0,Tienen una tasa de intereses demasiado alta,4.0,4.0,5.0,9.0,8.0,9.0,8.0,4.0,9.0,6.0,6.0,7.0,10.0,3.0,7.0,5.0,8.0,2.0,2.0,3.0,3.0,2.0,2
27,3,2,11,1,0,0,0,1,1,0,0,5,469.0,5.0,1.0,,6.0,El interés es muy elevado,6.0,4.0,6.0,6.0,6.0,7.0,7.0,6.0,9.0,7.0,5.0,8.0,9.0,9.0,10.0,10.0,8.0,2.0,2.0,3.0,1.0,2.0,1
27,3,1,9,5,0,0,0,0,0,1,0,4,412.0,4.0,1.0,,8.0,Ninguno. Nunca me ha dado problemas la verdad.,8.0,7.0,9.0,11.0,10.0,10.0,11.0,9.0,10.0,10.0,11.0,9.0,10.0,10.0,10.0,9.0,9.0,1.0,2.0,1.0,1.0,1.0,5
27,3,1,12,3,1,1,0,0,0,0,0,5,126.0,2.0,6.0,,2.0,Tarjeta revolving e intereses altos,2.0,2.0,2.0,3.0,4.0,3.0,4.0,4.0,5.0,3.0,4.0,4.0,5.0,2.0,4.0,3.0,3.0,4.0,3.0,4.0,4.0,4.0,0
28,3,1,12,3,1,0,0,0,0,0,0,4,52.0,5.0,1.0,,8.0,No pedir comisiones y más accesibilidad,8.0,6.0,8.0,9.0,6.0,8.0,8.0,8.0,6.0,6.0,7.0,9.0,11.0,8.0,8.0,9.0,7.0,1.0,3.0,1.0,3.0,2.0,4
28,3,1,10,4,0,0,0,0,0,1,0,4,52.0,1.0,1.0,,8.0,Atención al cliente,7.0,5.0,7.0,6.0,7.0,5.0,5.0,8.0,7.0,5.0,6.0,6.0,11.0,9.0,11.0,9.0,6.0,1.0,2.0,2.0,3.0,3.0,2
28,3,1,15,2,1,0,0,1,0,0,0,5,52.0,5.0,1.0,,9.0,El precio final era más barato que el inicial,9.0,5.0,9.0,9.0,11.0,11.0,10.0,9.0,8.0,10.0,10.0,11.0,9.0,10.0,9.0,9.0,9.0,2.0,3.0,3.0,3.0,3.0,4
28,3,1,12,3,1,0,0,0,1,0,0,5,348.0,1.0,,,8.0,No lo se,8.0,6.0,8.0,8.0,8.0,8.0,8.0,10.0,10.0,10.0,9.0,6.0,7.0,7.0,8.0,8.0,8.0,2.0,3.0,2.0,3.0,2.0,4
28,3,2,14,2,0,0,0,1,0,0,0,4,475.0,4.0,1.0,,7.0,Sus motores,6.0,5.0,6.0,7.0,7.0,7.0,6.0,7.0,6.0,6.0,7.0,6.0,7.0,7.0,7.0,7.0,7.0,2.0,2.0,2.0,2.0,2.0,1
28,3,1,13,6,0,0,1,0,0,1,0,5,337.0,4.0,1.0,,6.0,Que son competitivos,7.0,5.0,7.0,5.0,5.0,4.0,4.0,7.0,10.0,9.0,4.0,5.0,10.0,5.0,5.0,7.0,8.0,3.0,2.0,1.0,2.0,2.0,2
28,3,2,7,4,0,0,0,0,1,0,0,4,76.0,1.0,,,7.0,Sus gestores y ayudas por ser funcionario público,7.0,6.0,8.0,10.0,10.0,10.0,10.0,9.0,7.0,9.0,8.0,8.0,9.0,8.0,7.0,6.0,7.0,2.0,3.0,2.0,3.0,2.0,4
28,3,2,1,6,1,1,0,0,0,0,0,5,52.0,5.0,1.0,,10.0,"Me sentí seguro , y me hicieron sentir en confianza",10.0,7.0,10.0,11.0,11.0,11.0,11.0,10.0,10.0,10.0,10.0,10.0,10.0,11.0,10.0,10.0,10.0,1.0,1.0,1.0,1.0,1.0,5
28,3,1,15,2,0,1,1,0,0,0,0,5,208.0,3.0,3.0,,9.0,El proceso fue rápido y sencillo de hacer,9.0,6.0,10.0,9.0,10.0,9.0,7.0,10.0,10.0,10.0,8.0,10.0,11.0,10.0,10.0,11.0,9.0,1.0,2.0,2.0,1.0,2.0,4
28,3,2,1,6,0,0,0,1,0,0,0,4,353.0,5.0,1.0,,8.0,Menos comisiones,8.0,6.0,8.0,9.0,5.0,7.0,11.0,6.0,8.0,6.0,5.0,9.0,9.0,6.0,6.0,9.0,6.0,2.0,3.0,2.0,3.0,4.0,2
28,3,2,6,1,1,0,0,0,0,0,0,5,467.0,5.0,2.0,,7.0,La calidad del servicio de atención al cliente,7.0,4.0,7.0,3.0,7.0,7.0,1.0,8.0,8.0,4.0,3.0,4.0,8.0,8.0,4.0,6.0,9.0,3.0,2.0,1.0,3.0,2.0,1
28,3,2,10,4,0,1,0,0,0,0,0,4,991.0,1.0,3.0,,8.0,Que fuera un poco más barato,8.0,7.0,9.0,10.0,10.0,10.0,11.0,9.0,9.0,10.0,9.0,9.0,10.0,10.0,10.0,9.0,9.0,1.0,2.0,1.0,1.0,2.0,4
28,3,1,9,5,1,0,0,1,0,0,0,5,412.0,4.0,1.0,,8.0,Mayor flexibilidad a la hora de las cuotas,7.0,5.0,7.0,9.0,8.0,8.0,9.0,8.0,8.0,8.0,9.0,8.0,7.0,7.0,8.0,7.0,7.0,2.0,2.0,2.0,2.0,2.0,2
28,3,1,12,3,1,1,0,0,0,0,0,5,44.0,2.0,1.0,,9.0,Que no habia muchos intereses,9.0,6.0,9.0,10.0,10.0,10.0,11.0,11.0,11.0,9.0,8.0,10.0,9.0,9.0,9.0,8.0,10.0,1.0,1.0,1.0,1.0,2.0,4
28,3,2,17,5,0,1,0,0,1,0,0,5,348.0,1.0,,,9.0,buena atención al cliente y tasas,9.0,6.0,10.0,9.0,6.0,9.0,9.0,9.0,9.0,10.0,7.0,10.0,10.0,9.0,10.0,10.0,8.0,1.0,1.0,1.0,1.0,1.0,5
28,3,1,1,6,0,1,0,0,0,0,0,5,343.0,3.0,5.0,,9.0,Cercanía y profesionalidad,10.0,5.0,8.0,10.0,10.0,10.0,10.0,11.0,9.0,9.0,10.0,10.0,10.0,8.0,10.0,9.0,7.0,1.0,2.0,3.0,2.0,3.0,5
28,3,1,9,5,0,0,1,0,0,0,0,4,275.0,3.0,3.0,,8.0,Más rebajas,7.0,6.0,8.0,9.0,7.0,9.0,10.0,9.0,7.0,9.0,8.0,8.0,8.0,9.0,7.0,7.0,7.0,2.0,2.0,1.0,2.0,3.0,1
28,3,1,9,5,1,0,1,0,0,0,0,5,223.0,3.0,5.0,,9.0,Es muy fácil y muy sencillo.,8.0,7.0,9.0,10.0,10.0,9.0,10.0,9.0,10.0,9.0,10.0,9.0,9.0,11.0,8.0,8.0,9.0,2.0,2.0,1.0,3.0,2.0,5
28,3,1,1,6,1,0,0,0,0,0,0,4,230.0,1.0,1.0,,9.0,Te dan su confianza,9.0,6.0,9.0,10.0,10.0,10.0,10.0,10.0,10.0,10.0,10.0,10.0,10.0,10.0,10.0,10.0,9.0,1.0,1.0,1.0,1.0,1.0,5
28,3,1,17,5,1,1,0,0,0,0,0,5,407.0,3.0,3.0,,7.0,Si cobros y servicio al cliente,9.0,6.0,8.0,4.0,7.0,10.0,9.0,9.0,9.0,9.0,7.0,7.0,11.0,7.0,10.0,7.0,9.0,2.0,1.0,3.0,2.0,2.0,2
28,3,2,12,3,1,1,0,0,0,0,0,5,230.0,1.0,3.0,,10.0,El proceso es muy sencillo,10.0,7.0,10.0,11.0,12.0,10.0,11.0,11.0,10.0,8.0,7.0,10.0,11.0,11.0,10.0,9.0,8.0,1.0,1.0,1.0,1.0,1.0,4
28,3,2,9,5,1,1,0,0,0,0,0,5,348.0,1.0,4.0,,9.0,Muy buena atención al cliente,8.0,7.0,9.0,7.0,6.0,10.0,11.0,4.0,8.0,10.0,9.0,9.0,7.0,9.0,9.0,9.0,9.0,1.0,1.0,1.0,1.0,1.0,5
28,3,1,7,4,0,1,1,0,0,1,0,5,392.0,4.0,1.0,,10.0,Rapidez y eficacia,10.0,7.0,9.0,9.0,10.0,9.0,9.0,10.0,10.0,10.0,10.0,9.0,11.0,10.0,10.0,9.0,9.0,1.0,2.0,1.0,2.0,1.0,4
28,3,2,2,2,0,1,0,1,0,0,0,5,469.0,5.0,1.0,,5.0,Es muy caro,4.0,3.0,6.0,10.0,8.0,6.0,6.0,9.0,7.0,5.0,6.0,2.0,11.0,5.0,9.0,6.0,5.0,2.0,2.0,1.0,3.0,4.0,1
29,3,2,6,1,0,1,0,0,0,0,0,4,348.0,1.0,2.0,,9.0,La línea de crédito que te ofrecen y las fechas de pago que son favorables para el cliente,9.0,7.0,9.0,10.0,6.0,11.0,10.0,10.0,10.0,11.0,10.0,11.0,10.0,11.0,10.0,10.0,9.0,1.0,1.0,2.0,3.0,2.0,4
29,3,1,13,6,1,0,0,0,0,0,0,4,52.0,1.0,4.0,,9.0,Un prestamo,9.0,5.0,9.0,9.0,7.0,6.0,10.0,6.0,6.0,8.0,8.0,7.0,8.0,6.0,7.0,6.0,9.0,3.0,3.0,2.0,2.0,2.0,2
29,3,2,1,6,1,0,0,0,0,0,0,4,135.0,2.0,1.0,,8.0,Que dejara un mas margen para los pagos,8.0,5.0,8.0,8.0,8.0,7.0,8.0,8.0,8.0,8.0,7.0,8.0,8.0,8.0,7.0,8.0,8.0,2.0,2.0,2.0,2.0,2.0,2
29,3,2,14,2,0,0,0,1,0,0,0,4,78.0,5.0,1.0,,8.0,Menos intereses,8.0,5.0,8.0,8.0,6.0,6.0,9.0,6.0,6.0,6.0,6.0,9.0,6.0,6.0,6.0,6.0,5.0,3.0,4.0,4.0,4.0,4.0,1
29,3,1,6,1,1,0,0,0,0,0,0,5,230.0,1.0,6.0,,6.0,Creo que solo tenga una oficina y los cajeros sea muy poco  A veces también es muy difícil contactar con atención a clientes y eso complica un poco las cosas,6.0,5.0,6.0,7.0,6.0,7.0,8.0,7.0,7.0,8.0,7.0,8.0,8.0,7.0,9.0,9.0,7.0,2.0,3.0,3.0,2.0,3.0,1
29,3,2,6,1,0,0,1,1,0,0,0,5,374.0,3.0,4.0,,8.0,Está perfecta,8.0,6.0,8.0,9.0,8.0,9.0,9.0,9.0,9.0,6.0,8.0,9.0,9.0,9.0,9.0,9.0,8.0,2.0,2.0,2.0,3.0,2.0,4
29,3,2,14,2,0,1,0,0,0,0,0,4,230.0,1.0,3.0,,5.0,Todo bien,5.0,5.0,5.0,6.0,6.0,5.0,6.0,6.0,6.0,6.0,6.0,6.0,6.0,5.0,6.0,6.0,5.0,3.0,3.0,2.0,2.0,3.0,1
29,3,2,14,2,0,1,1,0,0,1,0,5,467.0,5.0,1.0,,5.0,"No me han respondido bien, y por eso resulta que prefiero usar otros servicios.",8.0,5.0,8.0,7.0,7.0,7.0,7.0,10.0,11.0,11.0,11.0,7.0,11.0,10.0,7.0,6.0,10.0,2.0,2.0,1.0,3.0,1.0,4
29,3,1,6,1,1,1,0,0,0,0,0,5,353.0,2.0,3.0,,8.0,Me gustaría que fuera paciente con lo pagos,7.0,6.0,7.0,9.0,6.0,7.0,8.0,8.0,9.0,9.0,8.0,7.0,7.0,6.0,8.0,6.0,6.0,2.0,2.0,1.0,2.0,2.0,4
29,3,2,10,4,0,0,1,0,0,0,0,5,13.0,3.0,3.0,,10.0,La atención y la rapidez,10.0,7.0,10.0,11.0,11.0,11.0,11.0,10.0,11.0,11.0,11.0,11.0,11.0,11.0,11.0,11.0,10.0,1.0,1.0,1.0,1.0,1.0,5
29,3,2,5,7,1,0,0,0,0,0,0,4,346.0,1.0,3.0,,7.0,en todos los aspectos,7.0,5.0,6.0,8.0,8.0,8.0,8.0,8.0,7.0,8.0,8.0,8.0,8.0,8.0,8.0,8.0,7.0,2.0,2.0,2.0,2.0,2.0,2
29,3,2,9,5,0,0,1,0,0,0,0,5,382.0,3.0,3.0,,7.0,Esta bien puedes financiar sin intereses y pagar lo que puedas hay meses que necesitas pagar menos y meses en los que puedes pagar mas y eso me gusta,8.0,6.0,8.0,8.0,4.0,6.0,7.0,6.0,9.0,6.0,8.0,10.0,9.0,6.0,8.0,9.0,7.0,2.0,4.0,2.0,3.0,3.0,2
29,3,2,3,1,0,1,0,0,0,0,0,4,171.0,3.0,6.0,,8.0,He tenido varios sustos de mensajes intentando robar datos y crédito,9.0,7.0,9.0,10.0,8.0,8.0,10.0,9.0,9.0,8.0,6.0,11.0,6.0,9.0,9.0,11.0,5.0,1.0,2.0,2.0,3.0,4.0,4
29,3,1,17,5,0,0,0,0,1,0,0,5,230.0,1.0,,,7.0,Facilidad en entrar a la banca,8.0,5.0,8.0,6.0,1.0,4.0,9.0,9.0,4.0,10.0,7.0,3.0,9.0,7.0,10.0,10.0,8.0,1.0,2.0,1.0,2.0,2.0,2
29,3,1,12,3,0,1,0,0,0,1,0,5,370.0,3.0,3.0,,10.0,Pues la facilidad de la compra y la información de la misma,9.0,7.0,10.0,11.0,1.0,11.0,11.0,11.0,10.0,11.0,11.0,10.0,11.0,10.0,10.0,11.0,10.0,1.0,1.0,2.0,1.0,1.0,4
29,3,1,9,5,1,0,0,0,0,0,0,4,348.0,1.0,4.0,,5.0,Hay más ofertas,6.0,5.0,7.0,7.0,7.0,9.0,8.0,8.0,8.0,7.0,5.0,8.0,7.0,6.0,7.0,5.0,4.0,3.0,3.0,3.0,3.0,3.0,2
29,3,1,7,4,1,1,1,0,0,0,0,5,223.0,3.0,5.0,,8.0,Tiene un buen servicio pero no tiene tantas ofertas como otras compañias y es algo caro.,8.0,6.0,9.0,9.0,8.0,10.0,11.0,10.0,9.0,9.0,8.0,11.0,11.0,10.0,8.0,10.0,7.0,2.0,2.0,2.0,3.0,1.0,4
29,3,1,9,5,1,0,0,0,0,0,0,4,348.0,1.0,1.0,,6.0,Esperava más de ellos en resolución de problemas,6.0,5.0,6.0,8.0,6.0,7.0,9.0,9.0,8.0,7.0,5.0,6.0,7.0,7.0,7.0,5.0,7.0,3.0,4.0,3.0,4.0,4.0,2
29,3,2,1,6,0,1,0,0,0,0,0,5,230.0,1.0,5.0,,7.0,En la comision,7.0,6.0,7.0,11.0,8.0,10.0,10.0,9.0,8.0,10.0,9.0,9.0,9.0,9.0,9.0,9.0,9.0,2.0,3.0,3.0,1.0,2.0,5
29,3,2,5,7,0,1,0,1,0,0,0,5,348.0,1.0,1.0,,10.0,No me pusieron ningún tipo de pega y siempre me ayudaron en todo,10.0,7.0,10.0,11.0,11.0,10.0,11.0,10.0,9.0,9.0,9.0,10.0,10.0,10.0,11.0,10.0,10.0,1.0,1.0,1.0,1.0,1.0,5
29,3,1,9,5,1,1,0,0,0,0,0,5,348.0,1.0,1.0,,7.0,Sus creditos,8.0,5.0,4.0,9.0,6.0,7.0,8.0,6.0,8.0,9.0,5.0,9.0,6.0,10.0,4.0,6.0,6.0,1.0,2.0,2.0,3.0,3.0,2
29,3,1,1,6,1,0,1,0,0,0,0,5,374.0,3.0,3.0,,10.0,que es muy buena opcion,10.0,7.0,10.0,10.0,10.0,11.0,9.0,10.0,9.0,10.0,11.0,10.0,9.0,9.0,11.0,10.0,9.0,2.0,1.0,2.0,1.0,1.0,5
29,3,1,12,3,1,1,0,0,0,0,0,5,230.0,1.0,3.0,,10.0,Da muchas facilidades,10.0,7.0,10.0,11.0,12.0,10.0,11.0,10.0,10.0,10.0,7.0,10.0,10.0,11.0,10.0,8.0,8.0,1.0,1.0,1.0,1.0,1.0,4
30,3,1,1,6,0,0,1,0,0,1,0,5,353.0,5.0,1.0,,6.0,Es un gran responsabilidad y no la recomiendo a todas las personas,8.0,5.0,7.0,6.0,8.0,7.0,8.0,8.0,4.0,7.0,7.0,3.0,9.0,4.0,8.0,8.0,7.0,2.0,3.0,2.0,2.0,2.0,2
30,3,1,12,3,0,1,0,1,0,0,0,5,11.0,1.0,3.0,,9.0,La libertad,9.0,6.0,8.0,10.0,9.0,10.0,6.0,10.0,10.0,9.0,9.0,9.0,9.0,8.0,10.0,8.0,9.0,2.0,2.0,1.0,1.0,1.0,4
30,3,2,1,6,0,0,1,0,0,0,0,4,223.0,3.0,4.0,,8.0,Atención al cliente,7.0,5.0,8.0,9.0,6.0,12.0,9.0,9.0,9.0,7.0,9.0,9.0,9.0,10.0,9.0,10.0,8.0,2.0,2.0,2.0,2.0,2.0,2
30,3,1,11,1,0,0,0,1,0,0,0,4,52.0,5.0,1.0,,8.0,En el porcentaje de devolución,8.0,6.0,9.0,10.0,7.0,11.0,10.0,7.0,9.0,7.0,6.0,5.0,8.0,8.0,7.0,9.0,9.0,1.0,3.0,2.0,1.0,3.0,4
30,3,1,5,7,1,0,0,0,1,0,0,5,76.0,1.0,,,8.0,Atención al cliente,8.0,6.0,7.0,7.0,5.0,6.0,9.0,8.0,8.0,10.0,7.0,11.0,7.0,8.0,9.0,8.0,7.0,2.0,3.0,2.0,2.0,1.0,2
30,3,1,12,3,1,0,0,0,0,1,0,5,53.0,2.0,1.0,,9.0,Buenas tarifas a buenos plazos y excelente trato,10.0,6.0,9.0,9.0,7.0,10.0,11.0,11.0,10.0,7.0,7.0,8.0,11.0,9.0,9.0,11.0,9.0,2.0,2.0,1.0,1.0,1.0,4
30,3,2,1,6,0,1,1,0,0,0,0,5,372.0,3.0,3.0,,8.0,Rapidez,10.0,7.0,10.0,1.0,6.0,4.0,4.0,6.0,10.0,3.0,7.0,8.0,7.0,8.0,8.0,6.0,10.0,2.0,3.0,3.0,3.0,3.0,2
30,3,2,12,3,0,0,0,1,0,0,0,5,52.0,5.0,2.0,,8.0,Más rápida y eficiente,10.0,7.0,10.0,11.0,9.0,10.0,11.0,10.0,8.0,10.0,11.0,10.0,11.0,11.0,11.0,9.0,10.0,1.0,1.0,2.0,1.0,1.0,4
30,3,1,12,3,0,0,0,1,0,0,0,4,52.0,5.0,1.0,,9.0,El buen trato en persona,10.0,6.0,8.0,10.0,10.0,11.0,10.0,8.0,7.0,8.0,9.0,9.0,9.0,9.0,10.0,9.0,8.0,2.0,3.0,2.0,2.0,2.0,4
30,3,2,12,3,1,1,0,0,0,1,0,5,53.0,2.0,4.0,,8.0,Comisión más baja,8.0,5.0,9.0,10.0,9.0,8.0,9.0,8.0,9.0,9.0,8.0,7.0,8.0,8.0,9.0,8.0,8.0,1.0,2.0,2.0,1.0,2.0,4
30,3,2,13,6,1,0,0,1,0,0,0,5,52.0,5.0,1.0,,7.0,Menos tae,8.0,6.0,7.0,8.0,8.0,8.0,8.0,10.0,10.0,10.0,8.0,8.0,9.0,9.0,10.0,10.0,8.0,1.0,1.0,2.0,2.0,1.0,2
30,3,2,12,3,1,1,1,1,0,0,0,5,227.0,3.0,4.0,,6.0,Recomendaria un poco es mucho valor,8.0,6.0,8.0,12.0,6.0,11.0,10.0,10.0,11.0,11.0,7.0,11.0,11.0,8.0,10.0,9.0,9.0,1.0,1.0,2.0,1.0,1.0,4
30,3,1,10,4,0,1,0,1,0,1,0,5,394.0,3.0,4.0,,8.0,Fiabilidad en la asignación de puntos,8.0,6.0,9.0,10.0,9.0,10.0,10.0,10.0,11.0,10.0,10.0,11.0,9.0,9.0,10.0,8.0,9.0,2.0,1.0,2.0,1.0,2.0,4
30,3,2,13,6,0,0,1,1,0,0,0,5,52.0,5.0,1.0,,10.0,Buenas condiciones y bajos intereses,10.0,4.0,10.0,9.0,9.0,9.0,10.0,10.0,9.0,11.0,9.0,10.0,11.0,11.0,9.0,10.0,10.0,1.0,1.0,2.0,1.0,2.0,5
30,3,2,7,4,1,0,0,0,0,0,0,4,52.0,1.0,2.0,,8.0,En ninguno de momento,8.0,6.0,7.0,8.0,7.0,8.0,8.0,8.0,7.0,8.0,7.0,8.0,8.0,7.0,8.0,8.0,7.0,2.0,3.0,2.0,3.0,3.0,4
30,3,1,15,2,1,0,0,0,0,0,0,4,258.0,1.0,3.0,,10.0,Bajas tasas,9.0,7.0,8.0,9.0,10.0,4.0,8.0,8.0,9.0,7.0,7.0,6.0,8.0,9.0,7.0,8.0,8.0,2.0,2.0,2.0,3.0,3.0,4
30,3,2,7,4,1,0,0,1,0,0,0,5,353.0,5.0,1.0,,5.0,Los intereses tan altos,5.0,3.0,5.0,6.0,5.0,3.0,5.0,6.0,7.0,8.0,2.0,5.0,6.0,7.0,5.0,4.0,4.0,3.0,4.0,4.0,3.0,4.0,0
30,3,2,1,6,0,0,0,1,0,0,0,4,348.0,1.0,1.0,,8.0,Preocupación por sus clientes,7.0,5.0,7.0,9.0,7.0,8.0,8.0,8.0,7.0,7.0,7.0,9.0,9.0,8.0,7.0,10.0,7.0,2.0,3.0,2.0,3.0,3.0,2
30,3,1,7,4,1,1,0,0,0,0,0,5,53.0,2.0,1.0,,8.0,Mayor accesibilidad y porcentajes de pagos,8.0,6.0,9.0,10.0,9.0,8.0,9.0,8.0,9.0,10.0,9.0,9.0,9.0,8.0,9.0,10.0,7.0,2.0,2.0,1.0,2.0,2.0,4
30,3,2,6,1,0,1,0,0,0,0,0,5,171.0,3.0,5.0,,7.0,La calidad,10.0,1.0,9.0,10.0,8.0,6.0,10.0,9.0,9.0,6.0,11.0,9.0,11.0,11.0,9.0,10.0,10.0,1.0,1.0,1.0,2.0,2.0,4
30,3,2,4,5,0,0,0,1,0,0,0,4,412.0,4.0,1.0,,10.0,Facilidad y entendimiento desde la contratación y durante todo el proceso,10.0,7.0,10.0,9.0,6.0,9.0,10.0,9.0,7.0,10.0,9.0,10.0,10.0,9.0,11.0,11.0,9.0,1.0,1.0,1.0,2.0,1.0,5
30,3,2,10,4,0,1,0,0,0,0,0,4,348.0,1.0,3.0,,6.0,Si la recomendaria,7.0,5.0,7.0,8.0,6.0,7.0,8.0,7.0,7.0,7.0,7.0,7.0,7.0,7.0,7.0,7.0,5.0,2.0,2.0,2.0,2.0,2.0,2
30,3,1,1,6,1,1,1,0,1,0,0,5,76.0,1.0,,,10.0,buen trato y buenas posibilidades de solucionar mi deuda,10.0,7.0,10.0,11.0,12.0,10.0,10.0,11.0,11.0,11.0,4.0,9.0,11.0,11.0,10.0,11.0,5.0,1.0,1.0,1.0,2.0,3.0,5
30,3,2,4,5,1,1,0,0,0,0,0,5,344.0,1.0,6.0,,10.0,Rapidez,10.0,7.0,10.0,10.0,6.0,9.0,6.0,7.0,10.0,7.0,9.0,9.0,9.0,9.0,5.0,1.0,5.0,2.0,1.0,2.0,2.0,2.0,2
30,3,2,14,2,1,1,0,0,0,0,0,5,348.0,1.0,3.0,,8.0,No hay nada que mejorar,10.0,6.0,10.0,10.0,10.0,10.0,11.0,10.0,9.0,9.0,10.0,10.0,10.0,8.0,6.0,9.0,7.0,3.0,2.0,2.0,3.0,3.0,4
30,3,2,10,4,0,1,0,0,0,0,0,4,33.0,1.0,5.0,,7.0,Tener oficinas y cajeros,7.0,5.0,7.0,9.0,3.0,8.0,9.0,8.0,8.0,7.0,7.0,8.0,9.0,9.0,8.0,8.0,6.0,2.0,3.0,2.0,2.0,2.0,2
30,3,2,12,3,1,1,0,0,0,0,0,5,52.0,1.0,3.0,,8.0,Menor interés,8.0,7.0,9.0,10.0,8.0,10.0,10.0,9.0,9.0,8.0,8.0,9.0,9.0,6.0,8.0,2.0,8.0,2.0,3.0,2.0,2.0,2.0,4
30,3,2,16,2,1,0,0,0,0,1,0,5,353.0,5.0,1.0,,7.0,Cuesta mucho que expliquen la letra pequeña,7.0,5.0,6.0,9.0,10.0,7.0,8.0,6.0,7.0,8.0,7.0,6.0,8.0,6.0,6.0,6.0,6.0,3.0,2.0,3.0,3.0,3.0,1
30,3,1,8,4,0,1,0,1,1,0,0,5,164.0,3.0,5.0,,7.0,Muchas veces no se actualiza al momento,8.0,6.0,8.0,9.0,11.0,10.0,8.0,9.0,10.0,9.0,9.0,7.0,8.0,9.0,9.0,7.0,8.0,1.0,2.0,2.0,1.0,2.0,4
30,3,1,12,3,0,1,0,0,0,0,0,5,346.0,1.0,3.0,,10.0,EXCELENTE SERVICIO,10.0,7.0,10.0,11.0,8.0,1.0,11.0,11.0,11.0,11.0,11.0,11.0,11.0,11.0,11.0,11.0,10.0,1.0,1.0,1.0,1.0,1.0,4
30,3,1,17,5,0,0,1,0,0,0,0,4,171.0,3.0,3.0,,6.0,"No tengo queja, pero no he visto más",8.0,6.0,7.0,3.0,4.0,5.0,8.0,11.0,9.0,6.0,10.0,3.0,5.0,5.0,5.0,9.0,9.0,2.0,3.0,1.0,2.0,4.0,2
30,3,1,12,3,1,1,1,1,1,1,0,5,392.0,4.0,1.0,,8.0,en ninguno,9.0,6.0,9.0,10.0,9.0,9.0,8.0,10.0,8.0,11.0,10.0,9.0,10.0,9.0,11.0,10.0,8.0,1.0,1.0,2.0,2.0,2.0,4
30,3,1,7,4,1,0,0,0,0,0,0,4,337.0,4.0,1.0,,7.0,Web,8.0,6.0,8.0,9.0,7.0,8.0,9.0,8.0,7.0,6.0,6.0,8.0,8.0,7.0,7.0,6.0,7.0,3.0,3.0,3.0,2.0,3.0,2
31,3,2,8,4,0,1,1,0,0,0,0,5,346.0,1.0,3.0,,10.0,Comodidad en las cuotas,10.0,7.0,10.0,9.0,3.0,9.0,9.0,10.0,10.0,10.0,10.0,9.0,11.0,11.0,11.0,9.0,10.0,2.0,1.0,2.0,1.0,1.0,4
31,3,2,12,3,0,0,1,0,0,0,0,4,275.0,3.0,5.0,,3.0,Intereses Altos: Las tarjetas de crédito asociadas o los pagos a plazos suelen tener una TAE (Tasa Anual Equivalente) significativamente más elevada que los préstamos personales bancarios.    Riesgo de Deuda: La facilidad de acceso fomenta la compra im,3.0,3.0,3.0,6.0,3.0,5.0,7.0,2.0,3.0,4.0,3.0,5.0,2.0,3.0,6.0,5.0,4.0,1.0,1.0,1.0,2.0,1.0,0
31,3,1,2,2,0,0,0,1,0,0,0,4,222.0,1.0,2.0,,2.0,Por su mala tramitación,2.0,2.0,2.0,2.0,3.0,2.0,3.0,1.0,2.0,2.0,2.0,2.0,2.0,2.0,2.0,2.0,2.0,4.0,4.0,4.0,4.0,4.0,0
31,3,2,15,2,1,1,0,0,0,1,0,5,76.0,1.0,1.0,,5.0,No se,7.0,4.0,7.0,8.0,6.0,7.0,6.0,8.0,6.0,6.0,6.0,5.0,7.0,6.0,6.0,5.0,5.0,3.0,3.0,4.0,3.0,4.0,1
31,3,1,7,4,1,1,0,1,0,0,0,5,52.0,5.0,2.0,,8.0,Podría no obligar a contratar diferentes seguros de vida al préstamo de un vehículo.,7.0,5.0,8.0,5.0,4.0,8.0,11.0,8.0,5.0,8.0,10.0,10.0,10.0,8.0,6.0,8.0,7.0,1.0,2.0,2.0,3.0,4.0,4
31,3,2,14,2,1,1,0,0,0,0,0,5,991.0,1.0,5.0,,9.0,Mucha confianza y facilidad,10.0,7.0,9.0,11.0,6.0,11.0,8.0,10.0,10.0,10.0,6.0,11.0,11.0,11.0,11.0,11.0,10.0,2.0,2.0,3.0,3.0,3.0,4
31,3,1,1,6,0,0,0,1,1,0,0,5,222.0,1.0,7.0,,8.0,En aspectos como la mejora de planes a la hora de publicitar sus productos...,9.0,7.0,9.0,10.0,10.0,11.0,10.0,10.0,9.0,10.0,10.0,10.0,10.0,9.0,9.0,10.0,9.0,2.0,2.0,2.0,2.0,2.0,5
31,3,1,13,6,1,0,0,0,0,0,0,4,126.0,2.0,3.0,,8.0,No se me ocurre nada,8.0,6.0,9.0,9.0,6.0,8.0,8.0,9.0,9.0,6.0,7.0,8.0,9.0,7.0,8.0,9.0,5.0,2.0,2.0,2.0,4.0,4.0,2
31,3,2,14,2,0,0,0,1,0,0,0,4,994.0,4.0,1.0,,4.0,Me obligaron a contratar el préstamo para comprar el coche,5.0,5.0,4.0,5.0,5.0,5.0,5.0,7.0,7.0,7.0,6.0,7.0,5.0,6.0,7.0,6.0,5.0,3.0,4.0,3.0,4.0,4.0,1
31,3,2,6,1,0,1,0,0,0,0,0,4,76.0,1.0,5.0,,10.0,Intereses bajos,10.0,7.0,10.0,11.0,11.0,11.0,11.0,11.0,11.0,11.0,11.0,11.0,11.0,11.0,11.0,11.0,10.0,1.0,1.0,1.0,1.0,1.0,4
31,3,1,4,5,1,0,0,0,0,0,0,5,76.0,1.0,6.0,,6.0,Pues los intereses son draconianos,5.0,3.0,6.0,4.0,6.0,5.0,8.0,6.0,4.0,7.0,4.0,5.0,6.0,5.0,5.0,7.0,6.0,3.0,3.0,3.0,4.0,4.0,2
31,3,1,14,2,1,1,0,0,0,0,0,5,348.0,1.0,3.0,,5.0,sesgo ideológico,5.0,3.0,5.0,5.0,1.0,12.0,8.0,1.0,1.0,1.0,1.0,4.0,6.0,5.0,5.0,5.0,0.0,3.0,4.0,4.0,4.0,4.0,0
31,3,1,4,5,1,0,0,0,0,0,0,5,52.0,1.0,3.0,,4.0,"Los intereses son muy abusivos,",4.0,3.0,4.0,4.0,4.0,4.0,4.0,5.0,4.0,5.0,5.0,4.0,5.0,4.0,5.0,6.0,4.0,3.0,4.0,4.0,4.0,4.0,0
31,3,1,14,2,1,0,0,1,0,0,0,5,126.0,5.0,1.0,,7.0,Mejores condiciones,7.0,5.0,7.0,8.0,8.0,8.0,9.0,9.0,9.0,8.0,8.0,8.0,8.0,7.0,9.0,9.0,8.0,2.0,2.0,2.0,3.0,3.0,4
31,3,2,10,4,1,0,0,1,0,0,0,5,222.0,1.0,2.0,,10.0,La claridad a la hora de explicar todos los terminos.,10.0,7.0,10.0,11.0,8.0,10.0,11.0,11.0,11.0,11.0,10.0,10.0,10.0,11.0,11.0,11.0,10.0,1.0,1.0,1.0,1.0,2.0,5
31,3,2,9,5,0,1,1,0,1,0,0,5,208.0,3.0,3.0,,10.0,"cifras claras, sin sorpesas, buena atencion",10.0,7.0,10.0,11.0,8.0,10.0,11.0,11.0,11.0,11.0,7.0,11.0,10.0,10.0,9.0,11.0,10.0,1.0,2.0,1.0,3.0,2.0,5
31,3,1,12,3,1,0,0,0,0,0,0,4,126.0,2.0,3.0,,10.0,Good in customer service handling,10.0,7.0,10.0,11.0,11.0,11.0,11.0,11.0,11.0,11.0,11.0,10.0,11.0,11.0,11.0,11.0,10.0,1.0,1.0,1.0,1.0,1.0,4
31,3,1,8,4,0,0,1,1,0,0,0,5,469.0,5.0,1.0,,5.0,Demasiados intereses,5.0,4.0,5.0,5.0,5.0,5.0,5.0,5.0,6.0,6.0,6.0,5.0,5.0,6.0,6.0,6.0,5.0,4.0,4.0,4.0,4.0,4.0,1
31,3,1,12,3,0,1,0,0,0,0,0,4,369.0,3.0,4.0,,8.0,Creo que los beneficios que ofrece hace que no eche nada de menos,10.0,7.0,10.0,11.0,8.0,10.0,11.0,11.0,10.0,11.0,11.0,11.0,11.0,10.0,11.0,9.0,9.0,1.0,2.0,1.0,1.0,2.0,4
31,3,1,8,4,0,1,0,1,0,0,0,5,348.0,1.0,2.0,,8.0,"No creo que nada en particular, solo que no conozco bien otros bancos como para hacer una comparación justa",10.0,7.0,10.0,10.0,10.0,10.0,11.0,10.0,9.0,8.0,9.0,11.0,11.0,10.0,9.0,9.0,6.0,2.0,3.0,3.0,3.0,4.0,4
31,3,1,12,3,0,1,0,0,0,0,0,5,53.0,2.0,5.0,,7.0,Más rapidez para el cliente.,8.0,5.0,7.0,8.0,8.0,8.0,10.0,9.0,6.0,10.0,8.0,8.0,9.0,7.0,7.0,9.0,8.0,2.0,2.0,3.0,1.0,1.0,4
31,3,2,11,1,0,1,0,1,0,0,0,5,412.0,4.0,2.0,,8.0,En los tipos de interés,8.0,5.0,7.0,4.0,4.0,6.0,9.0,5.0,3.0,6.0,5.0,7.0,7.0,3.0,6.0,6.0,7.0,3.0,3.0,4.0,4.0,4.0,1
31,3,2,9,5,1,0,0,1,0,0,0,5,469.0,5.0,1.0,,10.0,Rápido y facil,10.0,7.0,9.0,10.0,5.0,8.0,10.0,9.0,7.0,8.0,8.0,9.0,10.0,7.0,8.0,8.0,8.0,2.0,3.0,3.0,2.0,3.0,5
31,3,1,12,3,1,0,0,0,0,0,0,4,126.0,2.0,7.0,Entradabde un piso,10.0,La sencillez,10.0,7.0,10.0,11.0,8.0,10.0,10.0,11.0,11.0,10.0,11.0,11.0,11.0,11.0,11.0,11.0,10.0,1.0,1.0,1.0,2.0,2.0,4
32,3,1,9,5,0,1,1,0,0,0,0,5,407.0,3.0,3.0,,8.0,mejorando los precios y bajando las comisiones,8.0,6.0,9.0,9.0,10.0,10.0,8.0,10.0,9.0,10.0,10.0,11.0,9.0,9.0,9.0,10.0,8.0,2.0,3.0,1.0,2.0,2.0,5
32,3,1,1,6,1,1,0,1,0,0,0,5,52.0,1.0,1.0,,7.0,Creo que lo hace bien,8.0,6.0,8.0,8.0,8.0,8.0,10.0,9.0,10.0,8.0,9.0,8.0,8.0,9.0,8.0,9.0,7.0,2.0,2.0,2.0,2.0,2.0,2
32,3,2,9,5,0,1,0,1,0,1,0,5,469.0,5.0,1.0,,10.0,RENTING A PLAZOS,10.0,7.0,10.0,11.0,11.0,11.0,11.0,11.0,11.0,11.0,11.0,11.0,11.0,11.0,11.0,11.0,10.0,1.0,1.0,1.0,1.0,1.0,5
32,3,2,12,3,0,0,0,0,1,0,0,5,55.0,1.0,,,7.0,Y yo no sé qué es eso de la vacuna pero si es verdad y yo me lo creo porque me ha pasado,9.0,5.0,7.0,4.0,7.0,8.0,10.0,9.0,7.0,7.0,5.0,10.0,4.0,3.0,6.0,6.0,7.0,3.0,2.0,2.0,3.0,3.0,4
32,3,1,12,3,1,1,0,1,0,0,0,5,126.0,5.0,1.0,,8.0,"La atención al cliente, en todo lo demás estuvo perfecto pero el agente que me atendió no lo hizo del todo bien y era muy borde",7.0,5.0,8.0,10.0,5.0,9.0,6.0,9.0,10.0,9.0,7.0,11.0,10.0,7.0,10.0,9.0,8.0,1.0,1.0,2.0,2.0,3.0,4
32,3,2,12,3,0,0,0,1,0,0,0,4,52.0,5.0,1.0,,6.0,Puede que haya otras ofertas mejores,6.0,4.0,6.0,5.0,7.0,6.0,8.0,6.0,6.0,6.0,6.0,5.0,2.0,7.0,9.0,7.0,6.0,2.0,3.0,3.0,3.0,3.0,1
32,3,1,1,6,0,0,1,1,1,1,0,5,78.0,5.0,1.0,,7.0,Atención al cliente más personalizada o rapidez en gestiones,9.0,6.0,9.0,11.0,6.0,10.0,12.0,7.0,11.0,3.0,7.0,2.0,3.0,5.0,10.0,9.0,8.0,2.0,2.0,2.0,1.0,1.0,2
32,3,2,1,6,1,0,1,0,0,0,0,5,78.0,5.0,1.0,,8.0,En el tipo de trabajadores que hay,7.0,6.0,9.0,8.0,10.0,8.0,10.0,8.0,8.0,8.0,9.0,9.0,8.0,8.0,6.0,10.0,9.0,2.0,2.0,3.0,2.0,2.0,5
32,3,1,7,4,1,1,0,0,0,0,0,5,52.0,1.0,5.0,,8.0,"Es un buen banco, pero no da intereses",7.0,6.0,7.0,8.0,8.0,7.0,9.0,8.0,9.0,9.0,8.0,8.0,8.0,8.0,11.0,8.0,7.0,3.0,3.0,3.0,2.0,3.0,4
32,3,2,13,6,0,0,1,1,0,0,0,5,52.0,5.0,1.0,,8.0,Original y único,10.0,6.0,10.0,10.0,10.0,10.0,11.0,8.0,9.0,9.0,7.0,8.0,10.0,10.0,9.0,8.0,10.0,1.0,1.0,2.0,2.0,1.0,5
32,3,1,15,2,1,1,0,0,0,0,0,5,76.0,1.0,4.0,,10.0,La atención al cliente,10.0,6.0,10.0,11.0,3.0,11.0,11.0,11.0,11.0,11.0,11.0,11.0,11.0,11.0,10.0,11.0,10.0,2.0,1.0,1.0,2.0,1.0,4
32,3,2,1,6,1,1,0,1,0,0,0,5,353.0,5.0,2.0,,8.0,Bajando los tipos de interés,7.0,5.0,8.0,9.0,8.0,9.0,9.0,7.0,9.0,9.0,8.0,9.0,9.0,8.0,9.0,9.0,8.0,3.0,3.0,3.0,3.0,3.0,2
32,3,2,12,3,1,1,1,0,0,0,0,5,10.0,3.0,3.0,,7.0,Más plazos de pago,7.0,6.0,7.0,9.0,4.0,8.0,8.0,5.0,6.0,4.0,4.0,7.0,8.0,9.0,9.0,4.0,4.0,2.0,3.0,2.0,3.0,3.0,1
32,3,1,1,6,1,0,1,0,0,0,0,5,13.0,3.0,5.0,,7.0,Una mejor opción en el monto del crédito inicial,10.0,5.0,10.0,11.0,12.0,11.0,11.0,11.0,7.0,11.0,6.0,11.0,11.0,11.0,11.0,6.0,5.0,1.0,1.0,1.0,2.0,3.0,5
32,3,2,1,6,0,0,0,1,0,1,0,5,392.0,4.0,1.0,,9.0,La flexibilidad que tienen y las opciones de personalización,9.0,6.0,9.0,8.0,8.0,9.0,9.0,9.0,9.0,9.0,8.0,9.0,8.0,8.0,9.0,9.0,8.0,1.0,2.0,2.0,1.0,2.0,5
32,3,1,1,6,1,0,0,0,0,0,0,4,230.0,1.0,4.0,,8.0,La comisión de intereses que tiene es alta,8.0,5.0,7.0,9.0,7.0,9.0,8.0,9.0,9.0,8.0,7.0,9.0,9.0,8.0,8.0,8.0,8.0,1.0,1.0,1.0,2.0,2.0,2
32,3,1,1,6,1,1,0,0,0,0,0,5,126.0,2.0,3.0,,6.0,"Te prestan el dinero, pero tienen unos intereses altos",5.0,4.0,5.0,8.0,6.0,6.0,8.0,6.0,6.0,7.0,5.0,8.0,10.0,8.0,6.0,6.0,6.0,3.0,3.0,3.0,4.0,4.0,2
32,3,1,7,4,0,1,0,1,0,0,0,5,52.0,1.0,1.0,,8.0,bajar sus intereses,8.0,6.0,8.0,10.0,10.0,9.0,10.0,10.0,11.0,10.0,8.0,9.0,9.0,9.0,8.0,8.0,8.0,2.0,2.0,2.0,2.0,2.0,4
32,3,1,14,2,0,1,0,0,0,0,0,4,314.0,1.0,6.0,,10.0,que todo va bien sin ocultaciones,10.0,6.0,10.0,11.0,11.0,11.0,11.0,11.0,11.0,11.0,11.0,11.0,11.0,11.0,11.0,11.0,10.0,1.0,1.0,1.0,1.0,1.0,4
32,3,2,10,4,0,0,0,0,0,1,0,4,337.0,4.0,1.0,,9.0,No se,9.0,1.0,9.0,10.0,7.0,8.0,10.0,9.0,10.0,9.0,8.0,10.0,10.0,10.0,10.0,10.0,9.0,3.0,3.0,3.0,3.0,3.0,4
32,3,2,10,4,1,0,0,0,0,0,0,4,52.0,5.0,1.0,,6.0,subida de precios,7.0,5.0,5.0,8.0,6.0,10.0,7.0,9.0,5.0,8.0,7.0,9.0,6.0,6.0,7.0,5.0,8.0,2.0,4.0,1.0,1.0,3.0,2
32,3,2,14,2,1,0,0,0,0,0,0,5,76.0,1.0,3.0,,9.0,Buena atención y personalización al cliente,9.0,6.0,9.0,11.0,10.0,10.0,10.0,9.0,9.0,9.0,10.0,10.0,10.0,10.0,11.0,11.0,9.0,1.0,1.0,1.0,1.0,1.0,4
32,3,2,14,2,1,1,0,0,1,0,0,5,76.0,1.0,5.0,,9.0,Buen trato y mejor interés,9.0,6.0,9.0,10.0,9.0,10.0,11.0,9.0,9.0,9.0,9.0,10.0,9.0,10.0,9.0,9.0,9.0,1.0,1.0,1.0,2.0,1.0,4
32,3,1,10,4,0,1,0,0,0,0,0,4,76.0,1.0,3.0,,9.0,Facil y rapido,9.0,5.0,8.0,12.0,12.0,12.0,12.0,10.0,6.0,8.0,7.0,9.0,8.0,8.0,5.0,9.0,7.0,3.0,2.0,2.0,2.0,2.0,2
32,3,1,15,2,0,0,0,0,1,0,0,4,52.0,1.0,,,6.0,Demasiado interes,6.0,3.0,6.0,6.0,7.0,6.0,6.0,7.0,7.0,7.0,6.0,7.0,7.0,6.0,7.0,6.0,6.0,3.0,2.0,3.0,3.0,2.0,1
32,3,1,9,5,0,1,0,0,0,0,0,4,52.0,1.0,3.0,,6.0,Intereses,7.0,5.0,7.0,6.0,6.0,5.0,8.0,7.0,6.0,6.0,6.0,4.0,7.0,6.0,7.0,8.0,5.0,3.0,3.0,3.0,4.0,3.0,2
32,3,2,9,5,0,1,0,1,0,0,0,5,392.0,4.0,1.0,,9.0,"Servicio postventa óptimo, garantía garantizada , costes eficientes",9.0,7.0,9.0,10.0,10.0,11.0,11.0,10.0,9.0,10.0,9.0,10.0,10.0,10.0,9.0,10.0,9.0,1.0,1.0,1.0,2.0,1.0,5
32,3,2,14,2,0,1,0,0,0,0,0,5,372.0,3.0,5.0,,9.0,transparencia,9.0,5.0,8.0,9.0,8.0,9.0,9.0,9.0,10.0,10.0,9.0,8.0,9.0,9.0,9.0,10.0,8.0,2.0,1.0,2.0,3.0,1.0,4
32,3,1,10,4,0,1,0,0,0,1,0,5,412.0,4.0,2.0,,6.0,por sus comisiones bajas,6.0,6.0,7.0,10.0,8.0,9.0,8.0,9.0,8.0,8.0,7.0,7.0,9.0,6.0,9.0,8.0,9.0,2.0,3.0,3.0,2.0,2.0,4
32,3,2,17,5,1,0,0,0,0,0,0,4,135.0,2.0,4.0,,5.0,Altas comisiones,5.0,1.0,3.0,1.0,1.0,1.0,6.0,1.0,1.0,1.0,1.0,1.0,1.0,1.0,1.0,1.0,0.0,4.0,4.0,4.0,4.0,4.0,0
32,3,1,9,5,0,0,1,0,0,1,0,5,343.0,3.0,3.0,,8.0,Ofreciendo mejor servicio atención al cliente,8.0,5.0,8.0,10.0,10.0,10.0,10.0,9.0,8.0,10.0,7.0,7.0,10.0,9.0,9.0,10.0,8.0,2.0,2.0,1.0,1.0,2.0,5
32,3,2,10,4,1,0,0,0,0,0,0,4,126.0,5.0,7.0,Operacion vista,9.0,Pocas comisiones,9.0,7.0,10.0,10.0,10.0,10.0,9.0,9.0,9.0,11.0,9.0,9.0,10.0,10.0,11.0,11.0,8.0,1.0,1.0,1.0,2.0,1.0,4
32,3,2,12,3,0,1,0,0,0,0,0,4,353.0,2.0,5.0,,8.0,Ahorita estoy muy satisfecha con sus servicios,10.0,7.0,10.0,11.0,10.0,10.0,11.0,11.0,10.0,10.0,11.0,11.0,11.0,10.0,10.0,11.0,9.0,1.0,1.0,1.0,1.0,2.0,4
32,3,1,12,3,1,1,0,0,0,0,0,5,378.0,3.0,4.0,,8.0,atención al cliente,9.0,6.0,9.0,9.0,7.0,9.0,10.0,10.0,10.0,9.0,9.0,9.0,9.0,8.0,9.0,9.0,8.0,1.0,2.0,1.0,2.0,2.0,4
32,3,1,9,5,1,0,0,0,0,0,0,4,126.0,5.0,1.0,,7.0,mas transparencia,7.0,5.0,7.0,8.0,8.0,8.0,8.0,8.0,8.0,8.0,8.0,8.0,8.0,8.0,9.0,8.0,7.0,3.0,2.0,3.0,3.0,3.0,2
32,3,2,4,5,1,1,0,0,0,0,0,5,348.0,1.0,6.0,,10.0,Tiene la opción de compras con descuentos y devoluciones,10.0,7.0,10.0,10.0,10.0,10.0,10.0,10.0,10.0,10.0,10.0,10.0,10.0,10.0,9.0,9.0,9.0,2.0,2.0,3.0,2.0,2.0,5
32,3,2,7,4,0,1,0,0,0,0,0,4,407.0,3.0,4.0,,9.0,Fabuloso,9.0,7.0,9.0,11.0,10.0,11.0,10.0,9.0,11.0,11.0,9.0,11.0,11.0,10.0,10.0,10.0,9.0,1.0,2.0,2.0,1.0,1.0,4
32,3,1,9,5,1,1,0,1,0,0,0,5,407.0,3.0,3.0,,10.0,su atension esmarada y rapida para mi solicitus,10.0,7.0,10.0,11.0,11.0,11.0,11.0,11.0,11.0,11.0,11.0,11.0,11.0,11.0,11.0,11.0,10.0,1.0,1.0,1.0,1.0,1.0,5
32,3,1,1,6,1,0,1,1,0,0,0,5,382.0,3.0,3.0,,10.0,El trato recibido fue muy bueno y me dieron la posibilidad de devolverlo sin intereses,10.0,7.0,10.0,11.0,10.0,11.0,11.0,10.0,10.0,10.0,10.0,10.0,10.0,10.0,11.0,10.0,10.0,1.0,1.0,1.0,1.0,1.0,5
32,3,1,5,7,0,1,1,0,1,0,0,5,407.0,3.0,3.0,,8.0,Menos intereses estaría mejor,7.0,5.0,7.0,7.0,6.0,6.0,8.0,7.0,6.0,8.0,8.0,6.0,9.0,9.0,7.0,7.0,7.0,3.0,3.0,2.0,2.0,2.0,2
32,3,2,1,6,1,1,0,0,0,0,0,5,44.0,2.0,6.0,,9.0,Fácil de conseguir,9.0,6.0,8.0,7.0,5.0,6.0,6.0,6.0,3.0,6.0,4.0,4.0,5.0,5.0,6.0,6.0,7.0,3.0,3.0,2.0,3.0,3.0,2
32,3,1,15,2,1,0,0,0,0,0,0,4,171.0,3.0,3.0,,5.0,Nose,5.0,4.0,5.0,6.0,6.0,6.0,6.0,6.0,6.0,6.0,6.0,6.0,6.0,6.0,6.0,6.0,5.0,3.0,3.0,3.0,3.0,3.0,1
32,3,1,12,3,0,1,0,0,0,0,0,4,348.0,1.0,5.0,,10.0,todo fueron facilidades,10.0,7.0,10.0,11.0,9.0,11.0,11.0,10.0,11.0,10.0,11.0,10.0,11.0,11.0,11.0,11.0,9.0,1.0,1.0,1.0,1.0,1.0,4
32,3,1,2,2,0,1,0,0,0,0,0,4,348.0,1.0,3.0,,7.0,El interes,6.0,4.0,6.0,6.0,5.0,6.0,7.0,5.0,5.0,6.0,5.0,6.0,5.0,5.0,5.0,7.0,6.0,3.0,4.0,4.0,4.0,4.0,1
32,3,2,9,5,0,1,0,0,0,0,0,4,372.0,3.0,3.0,,5.0,No lo se,5.0,4.0,5.0,6.0,6.0,6.0,6.0,6.0,6.0,6.0,6.0,6.0,6.0,7.0,6.0,6.0,5.0,3.0,3.0,3.0,3.0,3.0,2
32,3,2,1,6,0,0,1,0,0,0,0,5,343.0,3.0,4.0,,10.0,Muy bien,10.0,7.0,10.0,11.0,11.0,12.0,11.0,10.0,10.0,10.0,10.0,10.0,10.0,9.0,10.0,10.0,10.0,1.0,1.0,1.0,1.0,2.0,5
32,3,1,6,1,1,1,0,0,0,0,0,5,223.0,3.0,4.0,,6.0,Buen servicio pero la atención al cliente dejaba mucho que desear,6.0,5.0,6.0,9.0,4.0,3.0,7.0,6.0,7.0,8.0,4.0,4.0,7.0,4.0,7.0,5.0,5.0,3.0,2.0,2.0,2.0,3.0,1
33,3,2,17,5,1,0,0,0,0,0,0,4,79.0,2.0,2.0,,10.0,Interés más bajo que otros bancos,10.0,7.0,10.0,11.0,11.0,11.0,11.0,11.0,8.0,9.0,8.0,11.0,11.0,11.0,11.0,11.0,8.0,1.0,1.0,1.0,1.0,1.0,5
33,3,2,1,6,0,0,0,0,0,1,0,4,52.0,1.0,1.0,,8.0,Ofertas,8.0,5.0,8.0,10.0,11.0,9.0,11.0,8.0,8.0,8.0,8.0,7.0,8.0,9.0,6.0,5.0,8.0,1.0,1.0,1.0,1.0,2.0,5
33,3,1,12,3,0,0,0,0,0,1,0,5,52.0,5.0,1.0,,9.0,"No se explicarlo, es una situación normal",9.0,7.0,9.0,9.0,6.0,6.0,8.0,9.0,9.0,10.0,9.0,7.0,8.0,5.0,5.0,5.0,5.0,1.0,3.0,3.0,2.0,2.0,4
33,3,1,17,5,1,1,1,0,0,0,0,5,373.0,3.0,3.0,,8.0,Podria incorporar mas beneficios para clientes habituales del Corte Ingles,8.0,5.0,8.0,7.0,4.0,8.0,9.0,8.0,7.0,9.0,9.0,9.0,10.0,8.0,7.0,8.0,7.0,2.0,2.0,3.0,2.0,3.0,2
33,3,1,2,2,0,1,0,1,0,0,0,5,53.0,2.0,1.0,,10.0,Sobre tido la profesionalidad y respeto hacia el cliente,10.0,7.0,10.0,10.0,10.0,10.0,10.0,10.0,9.0,10.0,9.0,9.0,9.0,7.0,10.0,11.0,9.0,2.0,1.0,1.0,2.0,2.0,4
33,3,2,12,3,1,0,0,0,0,0,0,4,52.0,1.0,3.0,,9.0,Es muy comodo,9.0,6.0,9.0,9.0,10.0,9.0,10.0,9.0,9.0,10.0,7.0,8.0,9.0,8.0,10.0,10.0,9.0,3.0,2.0,2.0,2.0,1.0,4
33,3,1,1,6,0,0,0,0,1,0,0,4,76.0,1.0,,,6.0,Creo que había opciones mejores a nivel de intereses.,5.0,5.0,6.0,7.0,8.0,7.0,8.0,8.0,7.0,6.0,7.0,9.0,9.0,8.0,6.0,7.0,7.0,3.0,2.0,3.0,2.0,3.0,2
33,3,2,1,6,0,1,0,0,1,0,0,5,346.0,1.0,,,8.0,Bueno,8.0,6.0,8.0,9.0,10.0,10.0,9.0,9.0,9.0,11.0,6.0,8.0,10.0,10.0,9.0,9.0,9.0,1.0,2.0,1.0,2.0,1.0,5
33,3,2,4,5,1,0,0,0,0,0,0,4,76.0,1.0,4.0,,5.0,porque cobra muchas comisiones que son abusivas,3.0,3.0,3.0,5.0,5.0,12.0,7.0,6.0,4.0,5.0,5.0,7.0,7.0,6.0,6.0,6.0,5.0,4.0,4.0,4.0,4.0,4.0,0
33,3,1,1,6,1,0,1,0,0,0,0,5,995.0,5.0,2.0,,0.0,Intereses muy altos,1.0,5.0,0.0,7.0,6.0,6.0,7.0,4.0,4.0,6.0,2.0,4.0,5.0,2.0,2.0,8.0,1.0,3.0,4.0,3.0,3.0,3.0,0
33,3,1,1,6,0,1,1,0,0,0,0,5,373.0,3.0,3.0,,8.0,En la atención al cliente,6.0,5.0,7.0,6.0,7.0,5.0,8.0,6.0,5.0,9.0,6.0,7.0,9.0,9.0,8.0,5.0,7.0,4.0,3.0,4.0,4.0,4.0,2
33,3,1,13,6,0,0,0,0,1,0,0,4,76.0,1.0,,,7.0,Las condiciones,8.0,5.0,10.0,6.0,5.0,7.0,8.0,7.0,8.0,5.0,9.0,9.0,8.0,7.0,6.0,6.0,8.0,2.0,3.0,3.0,3.0,2.0,2
33,3,1,4,5,1,0,0,1,0,0,0,5,994.0,4.0,1.0,,10.0,Muy buen trato y buenas comisiones,10.0,6.0,10.0,9.0,10.0,10.0,8.0,8.0,8.0,8.0,8.0,11.0,10.0,9.0,8.0,7.0,10.0,1.0,2.0,2.0,2.0,2.0,5
33,3,1,4,5,1,0,0,0,0,0,0,5,76.0,1.0,2.0,,7.0,reduccion de prestamos,6.0,5.0,5.0,5.0,6.0,7.0,8.0,5.0,1.0,5.0,3.0,8.0,6.0,6.0,5.0,5.0,5.0,3.0,3.0,3.0,2.0,4.0,2
33,3,2,4,5,0,0,0,0,1,0,0,4,43.0,1.0,,,5.0,No es confiable,5.0,4.0,5.0,5.0,7.0,6.0,5.0,5.0,5.0,4.0,5.0,6.0,5.0,3.0,5.0,4.0,5.0,3.0,3.0,3.0,3.0,3.0,2
33,3,1,1,6,1,0,0,0,0,0,0,4,995.0,5.0,7.0,Curso universitario,8.0,Un poco mas personal,9.0,6.0,9.0,8.0,9.0,8.0,9.0,8.0,9.0,8.0,7.0,8.0,8.0,8.0,8.0,8.0,8.0,2.0,2.0,3.0,3.0,3.0,2
33,3,2,9,5,1,0,0,0,0,0,0,5,52.0,1.0,1.0,,9.0,Es muy buena surcursal,9.0,7.0,9.0,10.0,10.0,11.0,11.0,10.0,10.0,9.0,9.0,10.0,10.0,10.0,9.0,10.0,9.0,1.0,1.0,1.0,1.0,1.0,5
33,3,1,8,4,1,0,1,1,0,0,0,5,370.0,3.0,5.0,,8.0,En el tipo de interes,7.0,6.0,8.0,9.0,9.0,11.0,9.0,10.0,10.0,9.0,8.0,10.0,10.0,8.0,2.0,8.0,9.0,1.0,2.0,2.0,2.0,1.0,4
33,3,1,13,6,1,1,1,1,0,0,0,5,353.0,5.0,1.0,,10.0,Siempre dispuesto a solucionar las dudas,10.0,6.0,9.0,11.0,8.0,10.0,8.0,9.0,11.0,8.0,10.0,10.0,11.0,9.0,11.0,11.0,10.0,2.0,2.0,1.0,2.0,2.0,5
33,3,1,9,5,0,1,0,0,0,0,0,4,346.0,1.0,6.0,,8.0,Mejores condiciones de devolucion,8.0,5.0,8.0,6.0,6.0,6.0,8.0,8.0,7.0,8.0,7.0,10.0,9.0,5.0,7.0,6.0,5.0,3.0,2.0,3.0,2.0,2.0,2
33,3,1,1,6,1,1,0,0,1,0,0,5,126.0,5.0,1.0,,10.0,"interes tipo 0, seriedad, buen trato",10.0,7.0,10.0,7.0,6.0,7.0,10.0,8.0,7.0,6.0,6.0,6.0,8.0,6.0,11.0,6.0,6.0,1.0,2.0,3.0,4.0,3.0,2
33,3,2,17,5,0,0,0,1,0,0,0,4,126.0,5.0,1.0,,9.0,Hay buena comunicación,9.0,7.0,10.0,8.0,10.0,9.0,11.0,10.0,9.0,9.0,6.0,9.0,7.0,6.0,9.0,10.0,8.0,2.0,2.0,1.0,1.0,2.0,5
33,3,2,13,6,0,0,0,1,0,1,0,5,467.0,5.0,1.0,,7.0,Ayudas y menos iva,6.0,5.0,7.0,9.0,5.0,3.0,11.0,5.0,5.0,6.0,4.0,3.0,5.0,10.0,9.0,10.0,8.0,1.0,1.0,3.0,2.0,2.0,2
33,3,1,17,5,0,0,1,0,0,1,0,5,275.0,3.0,4.0,,9.0,Buena calidad,9.0,6.0,10.0,9.0,10.0,11.0,10.0,11.0,10.0,10.0,10.0,9.0,10.0,9.0,10.0,10.0,9.0,2.0,2.0,3.0,2.0,2.0,5
33,3,2,9,5,1,0,0,1,0,0,0,5,412.0,4.0,1.0,,9.0,Fue una operacion muy facil,6.0,4.0,9.0,8.0,3.0,6.0,9.0,5.0,8.0,8.0,8.0,8.0,7.0,9.0,8.0,7.0,5.0,3.0,4.0,3.0,2.0,2.0,2
33,3,1,3,1,0,1,0,1,0,0,0,5,348.0,1.0,1.0,,10.0,La facilidad de adquisición del préstamo,10.0,7.0,10.0,11.0,11.0,11.0,11.0,11.0,11.0,11.0,11.0,11.0,11.0,11.0,11.0,11.0,10.0,1.0,1.0,1.0,1.0,1.0,4
33,3,2,13,6,1,1,0,1,0,0,0,5,412.0,4.0,1.0,,9.0,pocos intereses y rapidez,9.0,3.0,9.0,5.0,7.0,9.0,10.0,3.0,1.0,2.0,2.0,4.0,3.0,7.0,6.0,5.0,7.0,1.0,4.0,3.0,1.0,2.0,2
33,3,2,4,5,0,0,1,0,0,0,0,4,171.0,3.0,3.0,,6.0,Tardan mucho,5.0,5.0,7.0,8.0,8.0,8.0,9.0,8.0,9.0,7.0,5.0,6.0,8.0,5.0,6.0,6.0,6.0,3.0,3.0,3.0,3.0,3.0,2
33,3,1,12,3,1,0,1,0,0,0,0,5,223.0,3.0,5.0,,7.0,La facilidad de navegar su web,7.0,5.0,7.0,9.0,8.0,10.0,9.0,10.0,9.0,11.0,8.0,10.0,9.0,11.0,10.0,11.0,7.0,2.0,1.0,1.0,2.0,1.0,4
33,3,1,12,3,0,0,0,1,0,0,0,4,392.0,4.0,1.0,,7.0,Cobrar menos intereses,7.0,5.0,8.0,10.0,8.0,10.0,9.0,5.0,8.0,7.0,4.0,7.0,8.0,8.0,6.0,5.0,5.0,3.0,3.0,3.0,3.0,3.0,1
33,3,1,9,5,1,1,0,0,0,0,0,5,346.0,1.0,4.0,,7.0,En la facilidad para acceder,9.0,5.0,8.0,6.0,11.0,8.0,7.0,6.0,7.0,9.0,9.0,6.0,8.0,9.0,7.0,8.0,8.0,2.0,1.0,2.0,2.0,3.0,2
33,3,1,13,6,1,1,1,1,0,0,0,5,469.0,5.0,1.0,,9.0,Atención al cliente,9.0,6.0,7.0,8.0,8.0,6.0,9.0,8.0,8.0,7.0,10.0,8.0,10.0,9.0,9.0,8.0,9.0,1.0,1.0,2.0,2.0,2.0,3
33,3,1,9,5,1,1,1,0,0,1,0,5,392.0,4.0,1.0,,7.0,"En la rapidez de la respuesta, la comunicación y la personalización de las ofertas",6.0,5.0,7.0,9.0,7.0,7.0,8.0,6.0,7.0,8.0,8.0,7.0,8.0,7.0,8.0,9.0,7.0,1.0,2.0,3.0,1.0,2.0,2
33,3,2,17,5,1,0,0,0,0,0,0,4,348.0,1.0,6.0,,7.0,Dar intereses por tener ahí tu dinero,7.0,7.0,8.0,8.0,12.0,9.0,11.0,8.0,8.0,9.0,7.0,11.0,11.0,10.0,7.0,8.0,7.0,2.0,2.0,3.0,2.0,3.0,2
33,3,2,1,6,1,1,0,1,0,1,0,5,469.0,5.0,1.0,,10.0,"Rápida solución, muy rápido en darme el coche y sobre todo si tengo problemasfacil comunicacion",10.0,6.0,7.0,8.0,7.0,8.0,11.0,9.0,9.0,9.0,9.0,9.0,8.0,10.0,10.0,9.0,8.0,1.0,3.0,2.0,2.0,3.0,3
33,3,2,7,4,0,0,0,1,0,0,0,4,348.0,1.0,1.0,,10.0,he estado hablando con la suscripción del consejo,10.0,7.0,10.0,9.0,10.0,11.0,11.0,11.0,10.0,9.0,9.0,11.0,10.0,11.0,10.0,9.0,9.0,2.0,2.0,2.0,2.0,2.0,4
33,3,2,17,5,1,0,0,0,0,0,0,4,348.0,1.0,6.0,,7.0,Interés por tener tu dinero ahi,8.0,7.0,8.0,12.0,6.0,10.0,11.0,7.0,5.0,8.0,11.0,10.0,11.0,10.0,7.0,8.0,5.0,2.0,3.0,3.0,3.0,3.0,2
33,3,1,12,3,0,1,0,0,0,0,0,4,146.0,3.0,4.0,,8.0,Bajando sus precios,9.0,6.0,7.0,10.0,10.0,9.0,11.0,9.0,9.0,10.0,8.0,8.0,6.0,6.0,7.0,6.0,8.0,3.0,2.0,2.0,1.0,2.0,4
33,3,2,9,5,0,0,1,0,1,0,0,5,382.0,3.0,3.0,,6.0,Los intereses son altos,4.0,4.0,4.0,6.0,7.0,9.0,6.0,5.0,8.0,8.0,5.0,7.0,5.0,7.0,8.0,6.0,4.0,2.0,2.0,3.0,2.0,1.0,2
33,3,1,1,6,1,0,0,0,0,0,0,4,348.0,1.0,6.0,,10.0,La cuota a pagar,6.0,5.0,8.0,5.0,3.0,7.0,7.0,6.0,5.0,8.0,7.0,9.0,9.0,5.0,6.0,6.0,6.0,3.0,3.0,3.0,3.0,3.0,2
33,3,2,6,1,0,0,0,0,1,0,0,4,230.0,1.0,,,8.0,Podrian ayudar mas con los prestamos,8.0,6.0,7.0,9.0,10.0,10.0,10.0,8.0,9.0,6.0,8.0,7.0,7.0,8.0,7.0,8.0,8.0,3.0,3.0,3.0,2.0,2.0,4
33,3,2,17,5,0,1,0,1,0,1,0,5,412.0,4.0,1.0,,8.0,Comunicacion,7.0,6.0,7.0,7.0,6.0,8.0,8.0,8.0,7.0,8.0,8.0,8.0,8.0,7.0,6.0,7.0,7.0,2.0,2.0,2.0,3.0,2.0,2
33,3,2,9,5,0,1,0,1,1,0,0,5,126.0,2.0,,,6.0,Muchos intereses,7.0,7.0,7.0,6.0,8.0,8.0,11.0,7.0,7.0,6.0,4.0,5.0,6.0,7.0,6.0,7.0,6.0,3.0,2.0,3.0,2.0,2.0,2
33,3,2,6,1,0,1,0,0,0,0,0,4,126.0,2.0,5.0,,8.0,Dar mas prestamos,9.0,5.0,7.0,8.0,10.0,9.0,10.0,8.0,10.0,8.0,7.0,4.0,6.0,7.0,6.0,7.0,8.0,2.0,2.0,2.0,3.0,3.0,4
34,3,1,12,3,0,1,0,0,0,0,0,4,348.0,1.0,3.0,,7.0,comisiones mas bajas,8.0,6.0,7.0,10.0,9.0,9.0,9.0,10.0,10.0,10.0,9.0,10.0,9.0,10.0,10.0,9.0,8.0,2.0,2.0,2.0,2.0,2.0,4
34,3,2,9,5,1,1,0,1,0,0,0,5,53.0,2.0,6.0,,10.0,"Todas muy positivas, excelentes para todos",10.0,6.0,10.0,9.0,11.0,10.0,10.0,10.0,9.0,11.0,10.0,10.0,11.0,10.0,11.0,11.0,9.0,1.0,2.0,1.0,1.0,2.0,5
34,3,1,7,4,1,0,0,0,0,0,0,4,78.0,2.0,3.0,,9.0,La facilidad en la tramitación,8.0,6.0,8.0,9.0,9.0,9.0,9.0,9.0,9.0,9.0,9.0,8.0,9.0,9.0,9.0,9.0,8.0,1.0,2.0,2.0,2.0,1.0,4
34,3,1,16,2,0,0,0,0,1,0,0,4,348.0,1.0,,,7.0,Bajar los impuestos,6.0,4.0,5.0,4.0,5.0,4.0,6.0,4.0,6.0,6.0,3.0,3.0,5.0,3.0,3.0,4.0,5.0,3.0,2.0,3.0,2.0,2.0,1
34,3,1,2,2,0,0,0,0,0,1,0,4,353.0,5.0,1.0,,9.0,No se,9.0,6.0,8.0,10.0,10.0,10.0,9.0,9.0,9.0,9.0,9.0,9.0,9.0,10.0,9.0,9.0,8.0,3.0,1.0,1.0,1.0,3.0,4
34,3,1,1,6,0,1,0,0,0,0,0,5,76.0,1.0,3.0,,10.0,Siempre me han tratado bien y llevamos muchos años,10.0,7.0,10.0,9.0,6.0,8.0,11.0,9.0,8.0,9.0,10.0,9.0,8.0,11.0,5.0,9.0,5.0,2.0,3.0,2.0,4.0,3.0,5
34,3,2,2,2,1,0,0,1,0,0,0,5,126.0,2.0,3.0,,9.0,Es rápido y seguro,9.0,7.0,9.0,11.0,10.0,10.0,9.0,8.0,9.0,9.0,7.0,7.0,9.0,7.0,9.0,8.0,8.0,2.0,2.0,1.0,2.0,2.0,4
34,3,2,7,4,1,1,1,1,0,0,0,5,53.0,2.0,1.0,,10.0,Buena atención al cliente y mucha información clara.,10.0,7.0,10.0,11.0,10.0,11.0,11.0,11.0,11.0,10.0,11.0,11.0,11.0,11.0,10.0,11.0,10.0,1.0,1.0,1.0,1.0,1.0,5
34,3,2,7,4,1,1,0,0,1,0,0,5,320.0,2.0,4.0,,6.0,"Se me pasó realizar el pago de la cuota un mes y a los 10 días ya estaba metida en ASNEF y con un incremento de la deuda muy elevado. Nadie me lo avisó, norecibi llamadas ni mails avisando de que no habia hecho el pago",2.0,2.0,3.0,3.0,4.0,3.0,12.0,2.0,1.0,5.0,2.0,4.0,8.0,4.0,3.0,4.0,5.0,4.0,4.0,4.0,4.0,4.0,0
34,3,2,7,4,1,0,0,1,0,0,0,5,222.0,1.0,2.0,,8.0,Con las comisiones para sacar si eso en el cajero,7.0,5.0,7.0,8.0,7.0,8.0,9.0,7.0,9.0,8.0,8.0,6.0,8.0,9.0,9.0,8.0,7.0,2.0,3.0,3.0,2.0,2.0,2
34,3,1,10,4,0,0,0,1,0,0,0,4,353.0,5.0,1.0,,9.0,Fue sencillo de gestionar,9.0,7.0,10.0,11.0,12.0,12.0,11.0,11.0,10.0,10.0,11.0,11.0,11.0,10.0,10.0,10.0,9.0,1.0,2.0,2.0,3.0,3.0,4
34,3,2,6,1,1,0,0,0,0,0,0,4,348.0,1.0,5.0,,8.0,Los intereses,8.0,6.0,8.0,8.0,8.0,9.0,9.0,8.0,7.0,8.0,7.0,9.0,9.0,9.0,9.0,9.0,8.0,2.0,3.0,2.0,2.0,2.0,4
34,3,2,6,1,0,0,0,0,1,0,0,4,348.0,1.0,,,8.0,la cercanía con el cliente,8.0,6.0,7.0,9.0,8.0,9.0,9.0,9.0,9.0,7.0,8.0,10.0,9.0,9.0,9.0,10.0,9.0,3.0,1.0,3.0,2.0,2.0,4
34,3,1,4,5,1,1,1,1,1,0,0,5,78.0,5.0,1.0,,10.0,Sin intereses,10.0,6.0,9.0,11.0,10.0,8.0,9.0,7.0,10.0,7.0,8.0,9.0,10.0,8.0,9.0,10.0,8.0,3.0,3.0,3.0,3.0,2.0,5
34,3,1,6,1,1,0,0,0,0,0,0,5,348.0,1.0,2.0,,6.0,Hay muchas cosas que no te explican y después descubres por tí mismo como lo que pasa si te retrasas por ejemplo,6.0,3.0,6.0,8.0,1.0,6.0,11.0,1.0,1.0,1.0,7.0,11.0,10.0,3.0,6.0,6.0,5.0,2.0,4.0,3.0,3.0,4.0,1
34,3,2,10,4,0,0,0,1,0,0,0,4,78.0,5.0,2.0,,5.0,"Son altas las comisiones, y para realizar las firmas un poco informales",5.0,4.0,5.0,6.0,5.0,6.0,6.0,6.0,6.0,6.0,6.0,6.0,6.0,6.0,6.0,6.0,5.0,3.0,3.0,3.0,3.0,3.0,1
34,3,2,10,4,1,0,0,0,0,0,0,5,43.0,1.0,4.0,,8.0,Bajar tipos,7.0,6.0,7.0,5.0,7.0,5.0,8.0,9.0,8.0,7.0,8.0,9.0,8.0,7.0,8.0,7.0,7.0,2.0,3.0,3.0,3.0,3.0,2
34,3,2,10,4,0,1,0,0,0,0,0,5,76.0,1.0,3.0,,9.0,Es muy facil contratarlo,10.0,7.0,10.0,9.0,9.0,5.0,8.0,8.0,11.0,3.0,8.0,6.0,7.0,8.0,11.0,10.0,10.0,1.0,2.0,1.0,1.0,3.0,4
34,3,1,10,4,0,0,0,1,0,0,0,4,353.0,5.0,1.0,,10.0,No hubo problema con la gestión,10.0,7.0,10.0,8.0,12.0,9.0,10.0,9.0,9.0,9.0,9.0,10.0,10.0,9.0,8.0,9.0,8.0,3.0,4.0,3.0,2.0,4.0,4
34,3,2,10,4,1,0,0,0,0,0,0,5,348.0,1.0,2.0,,7.0,En las commissiones abusivas,8.0,6.0,9.0,9.0,10.0,10.0,9.0,10.0,10.0,10.0,8.0,2.0,9.0,10.0,10.0,8.0,10.0,1.0,1.0,1.0,2.0,2.0,4
34,3,1,4,5,1,0,0,0,0,0,0,5,135.0,2.0,4.0,,5.0,Cobran muchos intereses,6.0,4.0,6.0,6.0,6.0,6.0,6.0,7.0,6.0,6.0,6.0,5.0,6.0,5.0,6.0,6.0,5.0,2.0,3.0,3.0,3.0,4.0,2
34,3,2,8,4,1,1,0,0,0,0,0,5,126.0,2.0,3.0,,7.0,Más claridad en los intereses mensuales,7.0,5.0,7.0,9.0,6.0,11.0,9.0,9.0,8.0,8.0,6.0,9.0,9.0,8.0,8.0,10.0,5.0,3.0,3.0,2.0,2.0,1.0,2
34,3,2,13,6,0,1,0,1,0,0,0,5,53.0,2.0,5.0,,7.0,en disminuir los intereses,7.0,5.0,7.0,8.0,7.0,9.0,9.0,7.0,7.0,7.0,8.0,8.0,8.0,7.0,9.0,9.0,7.0,3.0,3.0,2.0,3.0,2.0,2
34,3,2,1,6,1,1,0,0,0,1,0,5,52.0,1.0,1.0,,8.0,Por ejemplo en la atención al cliente y el tiempo de respuesta. Además de una comunicación más clara y transparente,7.0,5.0,8.0,8.0,8.0,9.0,8.0,10.0,9.0,8.0,8.0,8.0,8.0,9.0,9.0,7.0,8.0,3.0,3.0,3.0,2.0,2.0,2
34,3,1,17,5,0,1,1,1,0,0,0,5,370.0,3.0,4.0,,8.0,No se exactamente pero me gustaria tener mas ofertas,8.0,5.0,7.0,9.0,8.0,8.0,9.0,9.0,8.0,7.0,8.0,9.0,8.0,8.0,9.0,9.0,8.0,2.0,2.0,1.0,2.0,1.0,2
34,3,1,1,6,1,1,0,1,0,1,0,5,412.0,4.0,1.0,,8.0,Es genial y muy bueno,7.0,6.0,7.0,10.0,8.0,9.0,8.0,6.0,8.0,10.0,8.0,8.0,10.0,9.0,8.0,7.0,7.0,2.0,2.0,1.0,3.0,1.0,2
34,3,2,14,2,1,0,1,0,0,0,0,5,343.0,3.0,3.0,,9.0,El trato y la amabilidad,9.0,6.0,9.0,10.0,7.0,7.0,10.0,10.0,8.0,9.0,9.0,10.0,8.0,8.0,10.0,10.0,9.0,2.0,1.0,2.0,1.0,1.0,4
34,3,1,12,3,0,0,1,0,0,0,0,5,380.0,3.0,3.0,,8.0,Nada en concreto,9.0,6.0,8.0,10.0,6.0,8.0,10.0,10.0,8.0,9.0,7.0,9.0,10.0,9.0,9.0,8.0,9.0,1.0,1.0,2.0,1.0,2.0,4
34,3,2,17,5,1,0,0,0,0,0,0,5,230.0,1.0,6.0,,7.0,"En nada,todo es perfecto",8.0,6.0,8.0,6.0,7.0,6.0,6.0,7.0,8.0,7.0,5.0,6.0,7.0,6.0,7.0,7.0,8.0,1.0,2.0,1.0,1.0,2.0,2
34,3,2,2,2,1,1,0,0,0,0,0,5,44.0,2.0,3.0,,8.0,No lo sé,9.0,6.0,4.0,6.0,7.0,3.0,10.0,7.0,9.0,7.0,8.0,3.0,6.0,7.0,8.0,7.0,8.0,1.0,1.0,2.0,2.0,3.0,4
34,3,1,12,3,0,1,0,0,1,0,0,5,343.0,3.0,3.0,,8.0,servicio,9.0,5.0,6.0,9.0,9.0,6.0,6.0,7.0,11.0,10.0,6.0,7.0,9.0,6.0,7.0,11.0,7.0,1.0,3.0,3.0,3.0,2.0,4
34,3,1,1,6,0,0,1,0,0,1,0,5,412.0,4.0,1.0,,5.0,Te obligan a financiar con ellos con prestaciones necesarias y cobran intereses altos,5.0,4.0,5.0,3.0,3.0,6.0,10.0,6.0,4.0,6.0,5.0,6.0,7.0,6.0,1.0,2.0,4.0,4.0,4.0,4.0,4.0,3.0,2
34,3,2,1,6,0,0,0,0,1,0,0,5,348.0,1.0,,,5.0,Las comisiones,5.0,5.0,5.0,6.0,4.0,6.0,6.0,6.0,1.0,6.0,6.0,8.0,6.0,1.0,2.0,6.0,5.0,3.0,4.0,3.0,4.0,4.0,2
34,3,1,12,3,0,0,0,0,1,0,0,5,53.0,2.0,,,10.0,Fue rápido y sencillo,10.0,7.0,10.0,12.0,11.0,11.0,9.0,9.0,8.0,10.0,11.0,8.0,7.0,11.0,11.0,11.0,10.0,1.0,1.0,2.0,2.0,1.0,4
34,3,2,17,5,0,0,0,1,0,0,0,4,469.0,5.0,1.0,,8.0,Intereses más bajos,7.0,6.0,7.0,7.0,7.0,8.0,8.0,8.0,7.0,8.0,7.0,8.0,8.0,7.0,7.0,7.0,7.0,2.0,3.0,2.0,3.0,3.0,2
34,3,2,8,4,1,0,0,0,0,0,0,4,79.0,2.0,5.0,,9.0,Me facilitaron mucho el tramite,9.0,6.0,10.0,10.0,8.0,10.0,10.0,9.0,9.0,9.0,7.0,10.0,11.0,10.0,9.0,10.0,7.0,1.0,2.0,2.0,1.0,2.0,4
34,3,1,3,1,1,0,1,0,0,0,0,5,383.0,3.0,3.0,,6.0,No he tenido ningun priblema,6.0,5.0,6.0,6.0,6.0,6.0,6.0,6.0,7.0,7.0,6.0,7.0,6.0,4.0,7.0,6.0,5.0,3.0,3.0,3.0,3.0,3.0,1
34,3,1,1,6,1,0,0,0,0,0,0,4,126.0,2.0,3.0,,10.0,0 problemas.,9.0,7.0,9.0,12.0,12.0,12.0,11.0,11.0,10.0,6.0,6.0,6.0,6.0,6.0,6.0,11.0,5.0,2.0,2.0,2.0,4.0,4.0,2
34,3,1,1,6,1,1,0,0,0,0,0,5,126.0,2.0,3.0,,9.0,No medió problemas.,10.0,6.0,9.0,12.0,12.0,12.0,11.0,11.0,6.0,6.0,6.0,6.0,6.0,8.0,8.0,9.0,9.0,2.0,2.0,2.0,2.0,2.0,2
35,4,1,1,6,0,0,0,1,0,0,0,4,475.0,4.0,2.0,,9.0,Nos atendió muy bieb,9.0,6.0,9.0,10.0,11.0,10.0,9.0,5.0,6.0,6.0,4.0,5.0,6.0,4.0,7.0,6.0,9.0,1.0,2.0,2.0,2.0,2.0,5
35,4,1,2,2,1,0,0,0,0,0,0,4,76.0,1.0,4.0,,8.0,Acepto,8.0,5.0,8.0,2.0,5.0,4.0,5.0,6.0,6.0,4.0,3.0,5.0,7.0,5.0,5.0,6.0,8.0,1.0,2.0,1.0,1.0,2.0,1
35,4,1,10,4,0,0,0,0,1,0,0,4,348.0,1.0,,,9.0,Confianza,9.0,6.0,9.0,9.0,10.0,8.0,11.0,10.0,10.0,9.0,7.0,7.0,9.0,9.0,9.0,10.0,9.0,3.0,2.0,3.0,2.0,2.0,4
35,4,2,12,3,1,1,0,1,0,0,0,5,353.0,5.0,1.0,,8.0,Atencion mas personalizada al cliente y seguimiento,8.0,6.0,8.0,8.0,6.0,9.0,8.0,8.0,8.0,9.0,5.0,10.0,8.0,10.0,9.0,10.0,6.0,2.0,3.0,2.0,3.0,3.0,4
35,4,1,12,3,0,1,1,1,0,1,0,5,78.0,5.0,1.0,,10.0,Lo fácil y rápido que es,10.0,7.0,10.0,11.0,11.0,10.0,9.0,10.0,9.0,10.0,9.0,10.0,8.0,9.0,11.0,10.0,10.0,1.0,1.0,2.0,1.0,2.0,4
35,4,1,1,6,0,0,0,0,1,0,0,4,348.0,1.0,,,10.0,Muy bien,10.0,7.0,10.0,11.0,11.0,11.0,11.0,11.0,11.0,11.0,11.0,11.0,11.0,11.0,11.0,11.0,10.0,1.0,1.0,1.0,1.0,1.0,5
35,4,2,1,6,1,0,0,0,0,0,0,4,76.0,1.0,1.0,,4.0,Porque no me gusta financiarme nada,4.0,4.0,4.0,5.0,5.0,5.0,5.0,4.0,4.0,6.0,3.0,4.0,3.0,4.0,5.0,6.0,5.0,3.0,3.0,3.0,3.0,3.0,0
35,4,2,1,6,1,1,0,0,0,1,0,5,337.0,4.0,1.0,,10.0,Que se amolda a la fechas de cambiar el pago,10.0,7.0,10.0,11.0,11.0,11.0,11.0,11.0,9.0,11.0,9.0,11.0,11.0,11.0,9.0,11.0,10.0,1.0,1.0,2.0,1.0,2.0,5
35,4,1,1,6,1,1,0,0,0,0,0,5,373.0,3.0,3.0,,8.0,en la facilidad para conseguirla,8.0,5.0,8.0,7.0,11.0,10.0,8.0,10.0,9.0,8.0,9.0,9.0,8.0,7.0,9.0,7.0,7.0,1.0,1.0,2.0,1.0,2.0,1
35,4,1,7,4,1,0,0,0,0,0,0,4,346.0,1.0,3.0,,8.0,Esta todo perfecto rapidez y buen servicio,8.0,6.0,7.0,8.0,7.0,10.0,8.0,8.0,8.0,7.0,8.0,9.0,9.0,8.0,7.0,8.0,7.0,2.0,3.0,3.0,2.0,3.0,2
35,4,2,1,6,1,0,0,0,0,0,0,4,348.0,1.0,3.0,,10.0,Facilidades,10.0,7.0,10.0,10.0,6.0,11.0,11.0,11.0,11.0,11.0,8.0,11.0,11.0,11.0,10.0,10.0,10.0,1.0,3.0,2.0,2.0,2.0,5
35,4,2,7,4,1,0,0,1,0,0,0,5,52.0,5.0,2.0,,7.0,Comisiones,6.0,4.0,6.0,6.0,6.0,7.0,9.0,6.0,6.0,7.0,6.0,6.0,5.0,6.0,7.0,6.0,6.0,3.0,4.0,3.0,3.0,3.0,1
35,4,1,13,6,0,1,1,1,0,0,0,5,78.0,5.0,1.0,,4.0,Los intereses que he pagado han sido extremadamente altos,4.0,6.0,4.0,5.0,8.0,6.0,8.0,1.0,1.0,1.0,1.0,2.0,2.0,4.0,7.0,8.0,2.0,3.0,4.0,4.0,3.0,4.0,0
35,4,2,12,3,0,1,0,0,0,0,0,5,373.0,3.0,3.0,,9.0,se compra todo,9.0,7.0,9.0,10.0,8.0,6.0,4.0,5.0,6.0,7.0,6.0,3.0,5.0,6.0,11.0,8.0,7.0,2.0,1.0,1.0,2.0,1.0,4
35,4,2,14,2,0,1,0,0,0,0,0,4,85.0,2.0,3.0,,8.0,nada,10.0,6.0,9.0,10.0,7.0,10.0,10.0,10.0,10.0,10.0,10.0,10.0,10.0,10.0,10.0,10.0,10.0,1.0,1.0,1.0,1.0,1.0,4
35,4,2,4,5,0,0,0,1,0,0,0,4,258.0,1.0,2.0,,10.0,todo facilidades e intereses bajos,10.0,7.0,10.0,11.0,11.0,11.0,11.0,11.0,11.0,11.0,8.0,11.0,8.0,11.0,11.0,11.0,5.0,2.0,2.0,2.0,2.0,2.0,3
35,4,2,10,4,1,0,0,0,0,0,0,4,348.0,1.0,3.0,,8.0,Estoy satisfecho,9.0,6.0,9.0,10.0,11.0,10.0,10.0,9.0,10.0,9.0,8.0,10.0,9.0,8.0,8.0,9.0,8.0,2.0,2.0,2.0,2.0,1.0,4
35,4,1,14,2,0,0,1,0,0,0,0,5,377.0,3.0,4.0,,8.0,Atención al cliente,6.0,3.0,8.0,8.0,4.0,2.0,5.0,5.0,8.0,2.0,5.0,1.0,3.0,1.0,2.0,7.0,9.0,3.0,2.0,4.0,1.0,2.0,1
35,4,1,10,4,1,0,0,0,0,0,0,4,348.0,1.0,2.0,,8.0,En los productos de inversión. Tasas elevadísimas.,9.0,5.0,9.0,9.0,12.0,8.0,10.0,9.0,3.0,10.0,9.0,9.0,11.0,8.0,11.0,11.0,9.0,2.0,4.0,2.0,4.0,4.0,4
35,4,1,10,4,1,1,0,0,0,0,0,5,397.0,1.0,3.0,,6.0,Demasiados intereses,7.0,6.0,7.0,8.0,10.0,9.0,10.0,9.0,7.0,8.0,9.0,9.0,7.0,9.0,8.0,9.0,7.0,3.0,3.0,3.0,3.0,3.0,2
35,4,2,14,2,1,0,1,1,0,0,0,5,412.0,4.0,1.0,,10.0,Facilidad,10.0,7.0,10.0,8.0,6.0,8.0,9.0,11.0,7.0,8.0,10.0,10.0,10.0,11.0,6.0,11.0,10.0,1.0,1.0,2.0,1.0,1.0,4
35,4,2,15,2,0,1,0,1,0,0,0,5,78.0,5.0,2.0,,9.0,Rapidez,9.0,5.0,9.0,10.0,10.0,10.0,10.0,10.0,10.0,10.0,10.0,10.0,10.0,10.0,10.0,10.0,9.0,1.0,1.0,1.0,1.0,1.0,4
35,4,2,15,2,0,1,0,0,0,0,0,4,258.0,1.0,5.0,,7.0,Financiación,7.0,5.0,6.0,8.0,9.0,6.0,8.0,8.0,10.0,7.0,7.0,8.0,8.0,7.0,9.0,9.0,7.0,2.0,3.0,1.0,2.0,3.0,1
35,4,2,12,3,1,0,0,0,0,0,0,4,412.0,4.0,1.0,,7.0,"No sé, hasta ahora no he tenido quejas",7.0,6.0,7.0,8.0,9.0,9.0,8.0,9.0,8.0,8.0,8.0,7.0,8.0,8.0,8.0,8.0,7.0,2.0,2.0,3.0,3.0,2.0,4
35,4,2,12,3,1,1,0,0,0,1,0,5,5.0,1.0,1.0,,8.0,Atención al cliente,8.0,5.0,7.0,9.0,5.0,8.0,9.0,9.0,8.0,8.0,8.0,8.0,8.0,8.0,9.0,9.0,8.0,2.0,3.0,1.0,2.0,2.0,4
35,4,1,1,6,1,1,0,0,0,0,0,5,370.0,3.0,4.0,,6.0,Comisiones altas por no usarla,6.0,5.0,6.0,5.0,4.0,5.0,6.0,5.0,4.0,4.0,3.0,7.0,7.0,7.0,8.0,7.0,5.0,2.0,2.0,3.0,3.0,3.0,2
35,4,2,4,5,0,1,0,1,0,0,0,5,392.0,4.0,1.0,,10.0,"El.trato fue amable, la venta fue rápida y se ajustaron a mis necesidades, el coche llego antes del tiempo indicado",10.0,7.0,10.0,10.0,7.0,9.0,8.0,8.0,8.0,7.0,8.0,10.0,10.0,6.0,9.0,11.0,8.0,3.0,3.0,3.0,3.0,3.0,5
35,4,2,17,5,1,1,0,0,1,1,0,5,126.0,5.0,2.0,,7.0,En bajar los intereses,5.0,1.0,6.0,6.0,3.0,6.0,5.0,2.0,3.0,4.0,6.0,2.0,8.0,3.0,1.0,6.0,8.0,2.0,2.0,4.0,3.0,4.0,0
35,4,2,2,2,1,1,0,0,0,0,0,5,230.0,1.0,3.0,,10.0,Facilidad,10.0,6.0,10.0,10.0,11.0,10.0,11.0,8.0,6.0,7.0,6.0,7.0,8.0,7.0,9.0,9.0,6.0,3.0,3.0,3.0,4.0,4.0,4
35,4,1,9,5,0,0,0,1,1,1,0,5,469.0,5.0,2.0,,7.0,Messi y Fortnite,1.0,5.0,7.0,7.0,8.0,11.0,5.0,6.0,9.0,8.0,4.0,5.0,8.0,6.0,9.0,6.0,7.0,4.0,2.0,1.0,2.0,2.0,0
35,4,2,9,5,0,1,0,0,0,0,0,4,370.0,3.0,3.0,,10.0,Facilidades de pago cada mes,10.0,7.0,10.0,11.0,9.0,11.0,11.0,11.0,11.0,11.0,11.0,11.0,11.0,11.0,11.0,11.0,10.0,1.0,1.0,1.0,1.0,2.0,5
35,4,1,12,3,0,0,1,1,0,0,0,5,412.0,4.0,1.0,,9.0,que no exigian tan altas tasas de interes,8.0,6.0,10.0,11.0,7.0,10.0,10.0,8.0,11.0,11.0,8.0,8.0,9.0,8.0,10.0,7.0,8.0,2.0,2.0,1.0,1.0,1.0,4
35,4,2,1,6,1,0,0,0,0,1,0,5,337.0,4.0,1.0,,10.0,Tiene facilidad de pago sin muchos intereses son rápidos,10.0,7.0,10.0,11.0,10.0,11.0,10.0,10.0,10.0,11.0,9.0,9.0,9.0,10.0,7.0,10.0,10.0,2.0,2.0,1.0,2.0,1.0,5
35,4,1,5,7,1,0,1,0,0,0,0,5,378.0,3.0,3.0,,9.0,"Facilidad de contratación, bajos intereses, transparencia en las condiciones, amabilidad del personal",9.0,7.0,10.0,10.0,9.0,10.0,11.0,10.0,10.0,9.0,9.0,10.0,10.0,10.0,10.0,11.0,9.0,2.0,2.0,2.0,2.0,2.0,5
35,4,1,9,5,0,1,0,0,0,0,0,4,348.0,1.0,3.0,,4.0,Porque es muy lento y ay compañías mejores,4.0,4.0,4.0,4.0,6.0,6.0,6.0,3.0,4.0,5.0,3.0,4.0,8.0,5.0,5.0,7.0,4.0,4.0,3.0,4.0,3.0,4.0,0
35,4,1,1,6,0,0,1,0,0,0,0,4,369.0,3.0,3.0,,10.0,Megusta mucho,10.0,7.0,10.0,11.0,11.0,11.0,11.0,11.0,11.0,11.0,11.0,11.0,11.0,11.0,11.0,11.0,10.0,1.0,1.0,1.0,1.0,1.0,5
35,4,1,15,2,1,1,0,1,0,0,0,5,475.0,4.0,1.0,,7.0,Mejorar en los motores de sus vehículos,7.0,4.0,6.0,5.0,5.0,6.0,7.0,4.0,3.0,4.0,6.0,7.0,3.0,4.0,6.0,5.0,4.0,4.0,4.0,3.0,4.0,4.0,1
35,4,1,12,3,0,1,0,0,0,0,0,4,372.0,3.0,3.0,,7.0,Bajar los intereses,6.0,6.0,7.0,8.0,6.0,9.0,9.0,8.0,6.0,8.0,9.0,9.0,9.0,6.0,5.0,5.0,7.0,3.0,3.0,3.0,4.0,3.0,1
35,4,1,1,6,0,0,1,0,0,0,0,5,227.0,3.0,3.0,,7.0,"Dejar unos días , y avisar de que tiene que pagar la deuda",8.0,7.0,9.0,11.0,12.0,10.0,11.0,10.0,9.0,11.0,9.0,10.0,11.0,10.0,10.0,10.0,9.0,1.0,2.0,1.0,3.0,1.0,5
35,4,2,12,3,1,0,0,0,0,1,0,5,475.0,4.0,1.0,,9.0,trato y opciones perdonalizadas,9.0,7.0,9.0,9.0,6.0,9.0,10.0,9.0,6.0,6.0,7.0,7.0,7.0,9.0,7.0,9.0,5.0,2.0,2.0,3.0,2.0,3.0,4
36,4,1,9,5,0,1,0,0,0,0,0,5,52.0,1.0,3.0,,10.0,muchos factores a su favor y sus variedades digitales,10.0,7.0,10.0,11.0,11.0,11.0,11.0,10.0,11.0,10.0,11.0,11.0,11.0,11.0,11.0,11.0,10.0,1.0,1.0,1.0,1.0,1.0,5
36,4,1,3,1,0,0,0,0,1,0,0,5,353.0,2.0,,,2.0,Son unos usureros,1.0,2.0,2.0,1.0,1.0,1.0,4.0,3.0,1.0,4.0,4.0,6.0,6.0,4.0,1.0,2.0,3.0,4.0,4.0,4.0,4.0,4.0,0
36,4,1,12,3,1,0,0,0,0,0,0,4,52.0,1.0,1.0,,8.0,más barato es muy caro,7.0,5.0,8.0,8.0,10.0,9.0,9.0,10.0,9.0,10.0,9.0,8.0,9.0,7.0,8.0,7.0,8.0,2.0,2.0,2.0,1.0,2.0,4
36,4,2,1,6,1,0,1,1,0,0,0,5,353.0,5.0,1.0,,10.0,Dispuestos a ayudar,10.0,7.0,10.0,11.0,10.0,11.0,11.0,11.0,11.0,11.0,10.0,11.0,11.0,11.0,11.0,11.0,10.0,1.0,2.0,1.0,1.0,2.0,5
36,4,1,1,6,1,0,0,1,0,0,0,5,412.0,4.0,1.0,,7.0,Atención al cliente que es mala,6.0,3.0,6.0,3.0,3.0,5.0,8.0,7.0,3.0,6.0,3.0,8.0,10.0,5.0,8.0,8.0,4.0,2.0,3.0,3.0,1.0,2.0,2
36,4,1,4,5,1,0,0,0,0,0,0,4,76.0,1.0,6.0,,8.0,Por nada todo bien,7.0,6.0,8.0,9.0,9.0,8.0,10.0,9.0,9.0,9.0,6.0,7.0,7.0,6.0,7.0,6.0,7.0,2.0,2.0,2.0,2.0,2.0,2
36,4,2,14,2,0,1,0,0,0,0,0,4,76.0,1.0,3.0,,5.0,Ninguna,10.0,6.0,7.0,8.0,10.0,9.0,11.0,7.0,9.0,7.0,7.0,8.0,8.0,8.0,8.0,8.0,8.0,2.0,2.0,2.0,2.0,2.0,4
36,4,1,10,4,0,0,0,1,0,0,0,4,78.0,5.0,1.0,,10.0,Pocos problemas para contratarlo,9.0,7.0,8.0,9.0,8.0,7.0,8.0,6.0,9.0,7.0,8.0,7.0,6.0,7.0,6.0,9.0,9.0,2.0,1.0,2.0,1.0,3.0,4
36,4,1,6,1,1,0,0,0,0,0,0,4,230.0,1.0,2.0,,8.0,Podrían tener mejores ventajas de fidelización,9.0,6.0,8.0,10.0,9.0,10.0,11.0,9.0,8.0,10.0,9.0,9.0,7.0,9.0,8.0,10.0,8.0,3.0,3.0,2.0,2.0,2.0,4
36,4,1,4,5,1,0,0,0,0,0,0,4,76.0,1.0,6.0,,8.0,Nada,7.0,5.0,7.0,6.0,6.0,6.0,6.0,9.0,9.0,9.0,9.0,9.0,9.0,7.0,9.0,9.0,7.0,2.0,2.0,2.0,2.0,2.0,2
36,4,2,14,2,0,1,0,0,0,0,0,4,76.0,1.0,7.0,Como medio de pago habitual,9.0,Cercanía y trato del director de oficina,9.0,6.0,8.0,9.0,9.0,10.0,11.0,8.0,8.0,8.0,8.0,9.0,9.0,10.0,9.0,9.0,7.0,3.0,2.0,2.0,3.0,4.0,4
36,4,2,14,2,1,0,0,0,0,0,0,4,76.0,1.0,3.0,,7.0,Menos intereses,8.0,7.0,7.0,9.0,6.0,10.0,9.0,8.0,8.0,8.0,7.0,8.0,8.0,10.0,7.0,8.0,9.0,1.0,1.0,1.0,1.0,1.0,4
36,4,2,1,6,1,0,0,0,0,0,0,4,995.0,5.0,1.0,,7.0,Menos impuestos,8.0,5.0,6.0,4.0,5.0,7.0,6.0,5.0,3.0,3.0,4.0,4.0,6.0,5.0,6.0,6.0,3.0,3.0,4.0,3.0,3.0,4.0,2
36,4,1,10,4,0,0,0,1,0,0,0,4,78.0,5.0,2.0,,10.0,Cuota fija y facilidad de pago,10.0,7.0,10.0,10.0,3.0,10.0,11.0,10.0,6.0,9.0,1.0,10.0,10.0,8.0,6.0,10.0,10.0,2.0,4.0,2.0,4.0,4.0,4
36,4,2,14,2,0,1,0,0,0,0,0,5,161.0,1.0,3.0,,9.0,Todo ok,8.0,5.0,8.0,7.0,5.0,5.0,6.0,6.0,6.0,5.0,5.0,5.0,6.0,6.0,2.0,7.0,8.0,2.0,3.0,2.0,3.0,3.0,1
36,4,1,15,2,0,0,1,0,0,1,0,5,469.0,5.0,1.0,,8.0,Es revolving,7.0,3.0,7.0,5.0,5.0,4.0,3.0,3.0,5.0,6.0,2.0,5.0,4.0,2.0,7.0,5.0,7.0,1.0,3.0,2.0,3.0,1.0,1
36,4,2,14,2,0,1,0,1,0,0,0,5,412.0,4.0,1.0,,8.0,Todo bien,8.0,7.0,9.0,9.0,9.0,11.0,11.0,10.0,9.0,10.0,9.0,10.0,10.0,10.0,10.0,10.0,8.0,2.0,2.0,2.0,2.0,2.0,4
36,4,2,10,4,0,0,1,0,0,0,0,4,370.0,3.0,3.0,,8.0,Los intereses,7.0,6.0,9.0,9.0,6.0,9.0,6.0,9.0,9.0,11.0,11.0,11.0,11.0,10.0,10.0,10.0,10.0,2.0,2.0,2.0,2.0,2.0,4
36,4,2,8,4,0,0,0,0,0,1,0,4,412.0,4.0,1.0,,10.0,La facilidad de gestión,10.0,7.0,10.0,11.0,12.0,11.0,11.0,11.0,11.0,11.0,11.0,11.0,11.0,11.0,11.0,11.0,10.0,1.0,1.0,1.0,1.0,1.0,5
36,4,1,12,3,1,0,0,0,0,0,0,4,52.0,1.0,6.0,,5.0,El trato en mi sucursal nunca ha sido bueno,5.0,4.0,4.0,3.0,3.0,3.0,3.0,4.0,1.0,4.0,2.0,5.0,2.0,3.0,2.0,1.0,2.0,4.0,4.0,4.0,4.0,4.0,0
36,4,2,12,3,1,0,0,0,0,0,0,4,348.0,1.0,4.0,,8.0,atencion al cliente,7.0,5.0,8.0,9.0,12.0,8.0,9.0,8.0,9.0,7.0,8.0,9.0,8.0,8.0,9.0,9.0,6.0,3.0,3.0,2.0,3.0,3.0,1
36,4,2,1,6,1,0,1,1,0,0,0,5,353.0,5.0,1.0,,10.0,Seguro y trabsparente,10.0,1.0,10.0,11.0,11.0,10.0,11.0,11.0,11.0,10.0,10.0,11.0,11.0,11.0,10.0,10.0,10.0,1.0,1.0,2.0,1.0,1.0,5
36,4,2,8,4,0,0,1,0,0,0,0,4,382.0,3.0,3.0,,10.0,Poder elegir los meses con 0 intereses,10.0,7.0,10.0,11.0,9.0,11.0,11.0,11.0,11.0,11.0,11.0,11.0,11.0,11.0,11.0,11.0,10.0,1.0,1.0,1.0,1.0,1.0,5
36,4,2,2,2,0,1,0,0,0,0,0,5,374.0,3.0,3.0,,8.0,Más descuentos,7.0,6.0,7.0,9.0,8.0,9.0,8.0,8.0,9.0,9.0,8.0,8.0,10.0,9.0,8.0,8.0,7.0,2.0,2.0,1.0,2.0,2.0,4
36,4,2,1,6,1,1,1,0,0,0,0,5,370.0,3.0,6.0,,1.0,COMISIONES ABUSIVAS,0.0,4.0,0.0,2.0,1.0,1.0,2.0,2.0,1.0,5.0,5.0,7.0,6.0,2.0,2.0,2.0,4.0,3.0,4.0,4.0,4.0,4.0,0
36,4,2,12,3,1,1,0,0,0,0,0,5,78.0,2.0,3.0,,6.0,.,7.0,4.0,6.0,6.0,6.0,6.0,6.0,6.0,7.0,7.0,6.0,5.0,6.0,6.0,8.0,5.0,5.0,3.0,3.0,3.0,3.0,4.0,1
36,4,1,11,1,0,1,0,1,0,0,0,5,337.0,4.0,1.0,,7.0,menos comisiones,7.0,6.0,8.0,8.0,7.0,7.0,8.0,8.0,6.0,7.0,6.0,10.0,9.0,9.0,8.0,8.0,8.0,2.0,3.0,3.0,2.0,3.0,4
36,4,2,12,3,1,1,0,0,0,0,0,5,230.0,1.0,3.0,,9.0,Hay menos intereses y muy buena atención al cliente,9.0,6.0,9.0,7.0,2.0,7.0,9.0,8.0,8.0,9.0,10.0,10.0,10.0,8.0,6.0,10.0,8.0,3.0,3.0,3.0,2.0,4.0,4
36,4,2,1,6,0,0,0,0,1,0,0,4,126.0,2.0,,,0.0,Tienen muchisimo tae y son bastante informales,0.0,2.0,0.0,1.0,10.0,2.0,7.0,1.0,1.0,1.0,1.0,2.0,1.0,1.0,1.0,1.0,0.0,4.0,4.0,4.0,4.0,4.0,0
36,4,1,8,4,1,1,0,0,0,1,0,5,469.0,5.0,1.0,,6.0,Creo que existen ofertas mejores en el mercado,8.0,5.0,7.0,9.0,7.0,8.0,11.0,7.0,6.0,5.0,1.0,9.0,9.0,7.0,10.0,9.0,5.0,2.0,2.0,2.0,2.0,3.0,2
36,4,1,12,3,0,0,1,0,0,0,0,4,466.0,3.0,3.0,,10.0,El trato con el cliente es muy bueno,10.0,7.0,9.0,11.0,9.0,7.0,8.0,10.0,10.0,11.0,10.0,9.0,8.0,10.0,9.0,10.0,9.0,3.0,2.0,2.0,2.0,3.0,4
36,4,2,17,5,1,1,0,1,0,0,0,5,475.0,4.0,1.0,,7.0,Mejor atención al cliente,6.0,5.0,7.0,6.0,5.0,8.0,10.0,9.0,9.0,10.0,8.0,9.0,8.0,4.0,5.0,8.0,6.0,1.0,3.0,2.0,2.0,1.0,2
36,4,1,1,6,1,0,0,0,0,0,0,5,126.0,2.0,4.0,,9.0,Pues la aplicación viene muy bien explicada y el cuadro de amortización se ve muy detallado,9.0,7.0,10.0,9.0,9.0,8.0,9.0,4.0,7.0,7.0,6.0,4.0,7.0,8.0,9.0,8.0,9.0,2.0,2.0,2.0,2.0,2.0,5
37,4,2,9,5,1,0,0,0,0,0,0,5,126.0,5.0,1.0,,9.0,Innovador,9.0,6.0,9.0,10.0,10.0,8.0,10.0,10.0,10.0,9.0,8.0,8.0,10.0,9.0,2.0,10.0,9.0,2.0,2.0,2.0,2.0,3.0,5
37,4,1,1,6,0,0,0,0,1,0,0,4,52.0,1.0,,,8.0,En el consumo de inversión,8.0,5.0,7.0,9.0,6.0,6.0,8.0,6.0,9.0,10.0,9.0,10.0,9.0,8.0,9.0,9.0,8.0,3.0,1.0,1.0,2.0,2.0,2
37,4,2,15,2,0,0,0,1,0,0,0,4,52.0,5.0,1.0,,8.0,en aumentar el monto y no poner tantas dificultades,10.0,6.0,10.0,10.0,12.0,11.0,11.0,10.0,10.0,9.0,10.0,10.0,10.0,9.0,10.0,10.0,9.0,2.0,1.0,1.0,2.0,1.0,4
37,4,2,8,4,0,0,0,0,0,1,0,4,348.0,1.0,1.0,,8.0,Menos comisiones,9.0,6.0,9.0,10.0,10.0,9.0,10.0,11.0,11.0,9.0,9.0,9.0,10.0,10.0,9.0,10.0,9.0,1.0,1.0,1.0,1.0,2.0,3
37,4,1,7,4,1,0,0,0,0,0,0,4,348.0,1.0,3.0,,6.0,No me pusieron ninguna pega,8.0,6.0,8.0,8.0,7.0,8.0,8.0,7.0,6.0,8.0,8.0,3.0,3.0,6.0,7.0,6.0,7.0,3.0,2.0,3.0,3.0,3.0,2
37,4,2,1,6,1,1,1,1,1,1,0,5,407.0,3.0,3.0,,10.0,Que me OFRECE todos los productos que me gustan y que disfruto,10.0,7.0,10.0,11.0,11.0,11.0,11.0,11.0,11.0,11.0,11.0,11.0,11.0,11.0,11.0,11.0,10.0,1.0,2.0,1.0,1.0,1.0,5
37,4,2,9,5,1,0,0,0,1,0,0,5,133.0,3.0,4.0,,8.0,en mas facilidad al usuario,8.0,5.0,8.0,5.0,10.0,10.0,10.0,5.0,5.0,5.0,3.0,3.0,1.0,6.0,7.0,6.0,7.0,2.0,1.0,3.0,3.0,3.0,2
37,4,1,15,2,0,1,0,1,0,0,0,5,258.0,1.0,1.0,,7.0,Ofreciendo prestanos mas claros desde el principio,6.0,5.0,6.0,8.0,8.0,6.0,8.0,7.0,5.0,7.0,7.0,7.0,9.0,7.0,8.0,8.0,6.0,3.0,3.0,4.0,3.0,3.0,1
37,4,1,12,3,1,1,0,1,1,0,0,5,52.0,5.0,2.0,,6.0,Por la comisión,6.0,5.0,6.0,10.0,6.0,9.0,8.0,6.0,6.0,9.0,9.0,6.0,8.0,5.0,9.0,7.0,7.0,3.0,3.0,3.0,2.0,2.0,1
37,4,1,1,6,1,1,0,1,0,0,0,5,344.0,1.0,3.0,,10.0,su facilidad de uso y su transparencia,10.0,7.0,10.0,11.0,11.0,8.0,11.0,11.0,10.0,11.0,10.0,11.0,10.0,11.0,11.0,10.0,10.0,2.0,1.0,1.0,1.0,2.0,5
37,4,1,7,4,1,0,0,0,0,0,0,5,52.0,5.0,1.0,,3.0,Es seguro,5.0,6.0,6.0,5.0,4.0,7.0,6.0,9.0,7.0,8.0,9.0,5.0,6.0,6.0,11.0,9.0,6.0,2.0,3.0,3.0,2.0,2.0,1
37,4,2,14,2,0,0,0,1,1,0,0,5,126.0,2.0,1.0,,9.0,El trato y la facilidad de pagos,9.0,7.0,10.0,4.0,6.0,6.0,7.0,9.0,10.0,10.0,7.0,6.0,5.0,8.0,9.0,10.0,10.0,2.0,1.0,1.0,2.0,1.0,4
37,4,1,1,6,1,1,1,1,0,0,0,5,126.0,5.0,1.0,,6.0,Rapidez en la concesión del prestamo,6.0,5.0,6.0,5.0,3.0,6.0,9.0,7.0,3.0,5.0,7.0,7.0,9.0,4.0,7.0,6.0,5.0,3.0,4.0,3.0,4.0,4.0,1
37,4,2,7,4,0,1,0,0,0,0,0,4,76.0,1.0,3.0,,6.0,Tiene ventaja,6.0,4.0,5.0,6.0,7.0,5.0,7.0,6.0,6.0,6.0,6.0,6.0,6.0,6.0,6.0,6.0,5.0,2.0,2.0,2.0,2.0,2.0,1
37,4,1,1,6,1,1,0,0,0,0,0,5,258.0,1.0,3.0,,9.0,Comisiones e intereses,8.0,6.0,9.0,11.0,9.0,10.0,10.0,9.0,10.0,7.0,9.0,9.0,9.0,9.0,7.0,11.0,8.0,3.0,3.0,3.0,4.0,3.0,3
37,4,1,1,6,1,0,1,0,0,0,0,5,469.0,5.0,1.0,,6.0,Por su eficacia y trató pesona,6.0,5.0,6.0,6.0,8.0,6.0,7.0,5.0,6.0,8.0,5.0,6.0,6.0,4.0,8.0,6.0,6.0,1.0,2.0,3.0,1.0,3.0,1
37,4,1,1,6,0,1,1,1,0,0,0,5,353.0,5.0,1.0,,8.0,En los intereses del préstamo pienso que son un poco altos,8.0,6.0,8.0,9.0,9.0,8.0,8.0,8.0,8.0,8.0,8.0,8.0,9.0,9.0,10.0,9.0,8.0,2.0,2.0,2.0,1.0,2.0,5
37,4,1,4,5,1,1,0,0,0,0,0,5,346.0,1.0,6.0,,9.0,Facilidades digitales y operativas; amplia red de cajeros y retiradas gratuitas; atractiva cuenta online; solidez y rentabilidad,9.0,6.0,9.0,8.0,8.0,9.0,10.0,9.0,8.0,9.0,9.0,10.0,10.0,9.0,9.0,9.0,8.0,2.0,2.0,2.0,3.0,3.0,3
37,4,1,10,4,0,0,0,1,0,0,0,4,78.0,5.0,1.0,,6.0,Intereses elevados,6.0,5.0,6.0,7.0,8.0,6.0,7.0,6.0,6.0,6.0,6.0,5.0,5.0,5.0,7.0,7.0,6.0,2.0,3.0,2.0,2.0,2.0,1
37,4,1,15,2,0,0,0,0,1,0,0,5,55.0,1.0,,,7.0,Precio,9.0,7.0,9.0,10.0,10.0,10.0,10.0,5.0,5.0,7.0,6.0,4.0,6.0,7.0,5.0,8.0,10.0,3.0,2.0,1.0,1.0,3.0,4
37,4,1,10,4,1,0,0,0,0,0,0,4,348.0,1.0,2.0,,8.0,"Para mi ,de momento nada",9.0,5.0,9.0,8.0,6.0,5.0,8.0,8.0,4.0,9.0,4.0,9.0,10.0,7.0,7.0,5.0,7.0,1.0,3.0,3.0,2.0,2.0,2
37,4,1,7,4,1,1,1,1,0,0,0,5,469.0,5.0,1.0,,10.0,Es muy flexible atentos y de confianza además soy cliente de ellos desde hace 3 años,10.0,7.0,10.0,10.0,11.0,10.0,11.0,10.0,9.0,10.0,9.0,10.0,9.0,9.0,10.0,9.0,10.0,1.0,1.0,1.0,1.0,1.0,5
37,4,2,10,4,0,1,0,0,1,0,0,5,353.0,2.0,,,8.0,EL TRATO CON EL CLIENTE,6.0,5.0,6.0,8.0,7.0,7.0,8.0,7.0,7.0,7.0,7.0,7.0,7.0,7.0,7.0,7.0,7.0,2.0,3.0,2.0,2.0,2.0,2
37,4,2,4,5,0,1,0,0,0,0,0,4,76.0,1.0,5.0,,9.0,La confianza y seguridad que transmite,9.0,6.0,9.0,10.0,10.0,10.0,10.0,9.0,9.0,9.0,8.0,10.0,11.0,9.0,9.0,9.0,8.0,2.0,3.0,2.0,3.0,3.0,5
37,4,1,4,5,0,0,0,1,0,0,0,4,126.0,5.0,1.0,,7.0,Web más clara para poder amortizar,7.0,5.0,6.0,6.0,6.0,7.0,8.0,7.0,4.0,6.0,6.0,8.0,9.0,6.0,6.0,7.0,7.0,3.0,4.0,4.0,4.0,4.0,1
37,4,2,10,4,0,1,0,0,1,0,0,5,354.0,2.0,5.0,,8.0,ESTA BIEN,8.0,6.0,8.0,9.0,9.0,8.0,8.0,8.0,8.0,10.0,7.0,7.0,8.0,9.0,8.0,7.0,8.0,2.0,3.0,1.0,2.0,2.0,4
37,4,2,15,2,1,0,0,0,0,0,0,4,52.0,1.0,2.0,,7.0,Más facilidad para hipotecas .,7.0,7.0,7.0,9.0,6.0,6.0,9.0,7.0,6.0,6.0,6.0,7.0,7.0,7.0,6.0,7.0,6.0,3.0,3.0,3.0,3.0,3.0,1
37,4,2,14,2,0,0,0,1,0,0,0,4,78.0,5.0,1.0,,8.0,Menos intereses,9.0,7.0,9.0,5.0,11.0,5.0,9.0,7.0,9.0,9.0,8.0,10.0,9.0,11.0,10.0,11.0,9.0,3.0,2.0,2.0,3.0,2.0,4
37,4,2,14,2,0,1,0,0,0,0,0,4,373.0,3.0,6.0,,7.0,El conbro de intereses a largo plazo,6.0,6.0,7.0,8.0,8.0,8.0,8.0,5.0,5.0,4.0,5.0,7.0,7.0,7.0,5.0,8.0,6.0,2.0,2.0,2.0,2.0,2.0,1
37,4,2,14,2,1,0,0,0,0,0,0,4,135.0,2.0,6.0,,10.0,"Se puede solicitar un préstamos en 5,minutos y los intereses no son altos",10.0,7.0,10.0,10.0,6.0,11.0,11.0,10.0,6.0,8.0,11.0,11.0,10.0,10.0,10.0,11.0,7.0,1.0,4.0,1.0,4.0,4.0,3
37,4,1,5,7,1,1,0,0,0,0,0,5,52.0,1.0,6.0,,10.0,"Rapidez , y eficacia",10.0,7.0,10.0,11.0,7.0,7.0,11.0,10.0,10.0,10.0,8.0,10.0,10.0,9.0,9.0,10.0,7.0,1.0,2.0,1.0,2.0,1.0,5
37,4,1,1,6,1,1,0,0,1,0,0,5,53.0,2.0,,,10.0,"Con BBVA Consumer Finance, un aspecto especialmente positivo es su proceso ágil y transparente, que permite solicitar créditos de manera rápida y sencilla, con condiciones claras y flexibles; además, su plataforma digital facilita la gestión de prés",10.0,6.0,9.0,11.0,9.0,8.0,10.0,8.0,7.0,4.0,5.0,10.0,8.0,7.0,9.0,10.0,6.0,2.0,3.0,2.0,2.0,3.0,3
37,4,2,12,3,1,0,0,0,0,0,0,4,346.0,1.0,3.0,,8.0,"Facilidad del uso del app, muchas veces se bloquea muy rápido y no puedo terminar mis operaciones",8.0,5.0,8.0,8.0,6.0,6.0,8.0,8.0,7.0,7.0,8.0,7.0,8.0,8.0,7.0,8.0,6.0,2.0,3.0,2.0,2.0,3.0,1
37,4,1,8,4,1,0,0,0,0,0,0,4,126.0,5.0,1.0,,8.0,Todo bien,8.0,6.0,8.0,9.0,9.0,9.0,10.0,8.0,8.0,10.0,8.0,9.0,9.0,8.0,8.0,9.0,8.0,2.0,3.0,2.0,3.0,3.0,4
37,4,1,5,7,0,1,0,1,0,0,0,5,78.0,2.0,1.0,,10.0,Muy buena atención.,10.0,7.0,10.0,11.0,11.0,11.0,11.0,11.0,11.0,11.0,11.0,11.0,11.0,11.0,11.0,11.0,10.0,2.0,2.0,1.0,2.0,1.0,5
37,4,1,1,6,1,0,1,0,1,0,0,5,126.0,5.0,1.0,,9.0,Me han tratado muy bien,10.0,6.0,9.0,10.0,10.0,10.0,11.0,10.0,10.0,9.0,10.0,9.0,9.0,10.0,10.0,10.0,10.0,2.0,2.0,2.0,2.0,1.0,5
37,4,1,1,6,0,1,1,0,0,0,0,5,266.0,3.0,5.0,,7.0,Comunicación,7.0,7.0,7.0,8.0,6.0,8.0,7.0,9.0,10.0,8.0,9.0,9.0,9.0,11.0,10.0,8.0,7.0,2.0,2.0,1.0,2.0,3.0,2
37,4,2,8,4,1,0,0,0,1,0,0,5,230.0,1.0,,,9.0,Buena atención,8.0,6.0,9.0,9.0,6.0,10.0,9.0,10.0,9.0,9.0,7.0,10.0,10.0,9.0,8.0,9.0,8.0,1.0,2.0,2.0,2.0,2.0,4
37,4,2,11,1,0,1,0,1,0,0,0,5,412.0,4.0,1.0,,9.0,Transparencia en los precios y las comisiones,9.0,7.0,9.0,10.0,8.0,11.0,10.0,10.0,9.0,9.0,9.0,9.0,9.0,10.0,9.0,9.0,7.0,1.0,1.0,1.0,1.0,1.0,4
37,4,1,12,3,1,0,0,0,0,0,0,4,348.0,1.0,6.0,,9.0,La atención,9.0,7.0,9.0,11.0,11.0,10.0,11.0,11.0,10.0,11.0,11.0,11.0,11.0,10.0,11.0,11.0,10.0,1.0,1.0,2.0,3.0,3.0,4
37,4,1,9,5,0,0,0,1,1,0,0,5,392.0,4.0,1.0,,9.0,Buena atención al cliente,9.0,6.0,8.0,9.0,10.0,9.0,9.0,9.0,8.0,8.0,9.0,8.0,9.0,9.0,8.0,9.0,8.0,2.0,2.0,1.0,2.0,2.0,5
37,4,1,5,7,0,1,0,0,1,0,0,5,126.0,2.0,4.0,,0.0,Tienen un 100% de interés,0.0,4.0,0.0,1.0,1.0,3.0,6.0,3.0,4.0,1.0,1.0,5.0,3.0,3.0,7.0,3.0,5.0,3.0,3.0,4.0,3.0,4.0,0
37,4,1,1,6,0,1,0,1,0,0,0,5,370.0,3.0,3.0,,10.0,Son serios y fiables,10.0,7.0,10.0,11.0,11.0,11.0,11.0,11.0,11.0,11.0,11.0,11.0,11.0,11.0,11.0,10.0,10.0,1.0,1.0,1.0,1.0,1.0,5
37,4,1,9,5,1,1,1,1,0,1,0,5,475.0,4.0,1.0,,5.0,fiabilidad de sus coches,3.0,2.0,4.0,4.0,4.0,6.0,9.0,6.0,6.0,6.0,6.0,6.0,6.0,4.0,5.0,4.0,4.0,4.0,4.0,4.0,4.0,4.0,0
37,4,2,12,3,1,0,0,0,0,1,0,5,412.0,4.0,1.0,,10.0,muy profesionales,10.0,7.0,10.0,11.0,10.0,11.0,11.0,10.0,11.0,11.0,11.0,10.0,11.0,11.0,10.0,11.0,10.0,1.0,1.0,1.0,2.0,1.0,4
37,4,2,12,3,1,0,0,0,0,0,0,4,79.0,2.0,3.0,,8.0,Está bien cómo está,9.0,7.0,9.0,11.0,11.0,11.0,10.0,9.0,10.0,10.0,9.0,9.0,10.0,10.0,10.0,10.0,9.0,1.0,1.0,1.0,1.0,1.0,4
37,4,1,5,7,1,1,1,1,0,0,0,5,469.0,5.0,1.0,,10.0,Transparencia y facilidad en la contratación y tramitacion,10.0,6.0,10.0,11.0,12.0,11.0,11.0,10.0,6.0,6.0,6.0,9.0,11.0,6.0,6.0,11.0,5.0,2.0,3.0,4.0,4.0,4.0,2
37,4,1,2,2,1,1,0,0,0,0,0,5,53.0,2.0,5.0,,8.0,aplicando cuotas mas bajas,10.0,6.0,10.0,9.0,8.0,10.0,11.0,11.0,10.0,10.0,10.0,10.0,10.0,10.0,10.0,11.0,10.0,1.0,2.0,1.0,1.0,1.0,4
37,4,1,4,5,1,0,1,0,0,0,0,5,171.0,3.0,4.0,,7.0,Mejorar tipo de interes,7.0,5.0,7.0,8.0,7.0,7.0,8.0,8.0,7.0,7.0,7.0,8.0,8.0,8.0,8.0,7.0,7.0,3.0,3.0,2.0,3.0,3.0,2
37,4,2,9,5,1,0,0,0,0,0,0,4,126.0,2.0,6.0,,8.0,Menos intereses,8.0,7.0,10.0,10.0,10.0,10.0,10.0,9.0,8.0,9.0,9.0,7.0,9.0,8.0,8.0,10.0,9.0,1.0,2.0,1.0,1.0,2.0,5
38,4,2,9,5,0,0,0,0,1,0,0,4,53.0,2.0,,,8.0,Nose,9.0,6.0,8.0,8.0,7.0,6.0,8.0,8.0,10.0,9.0,10.0,7.0,6.0,9.0,7.0,8.0,8.0,1.0,1.0,2.0,1.0,2.0,2
38,4,2,8,4,1,0,0,0,0,0,0,4,348.0,1.0,2.0,,8.0,En tener menos comisiones,7.0,5.0,8.0,8.0,4.0,8.0,9.0,8.0,9.0,9.0,8.0,8.0,9.0,9.0,6.0,8.0,8.0,2.0,3.0,3.0,2.0,3.0,2
38,4,1,12,3,1,1,0,1,0,0,0,5,53.0,2.0,1.0,,8.0,Quizá ser más claros en las comisiones,7.0,7.0,8.0,10.0,11.0,10.0,11.0,10.0,10.0,11.0,9.0,7.0,10.0,11.0,9.0,10.0,8.0,1.0,2.0,1.0,1.0,2.0,4
38,4,2,13,6,0,0,1,0,0,1,0,5,275.0,3.0,5.0,,10.0,"Muy positivo  cómodo seguro ,sin problemas",10.0,7.0,10.0,11.0,11.0,11.0,11.0,11.0,11.0,11.0,11.0,11.0,11.0,10.0,11.0,11.0,10.0,1.0,1.0,1.0,1.0,1.0,5
38,4,1,15,2,1,0,0,1,0,0,0,5,353.0,5.0,1.0,,7.0,dejar el tipo de ibterés más bajo,8.0,6.0,7.0,9.0,9.0,8.0,11.0,7.0,8.0,9.0,7.0,9.0,8.0,8.0,8.0,10.0,8.0,2.0,3.0,2.0,3.0,3.0,4
38,4,1,11,1,1,0,0,0,0,0,0,5,135.0,2.0,6.0,,5.0,Nunca se termina de pagar,8.0,4.0,7.0,6.0,2.0,4.0,9.0,6.0,2.0,6.0,6.0,7.0,8.0,6.0,3.0,8.0,5.0,3.0,4.0,4.0,4.0,4.0,1
38,4,2,1,6,0,1,0,1,0,0,0,5,78.0,2.0,1.0,,9.0,Servicio al cliente. Atención y amabilidad del personal y facilidad de su pagina web,10.0,7.0,10.0,11.0,11.0,11.0,10.0,11.0,11.0,7.0,7.0,10.0,11.0,11.0,11.0,11.0,6.0,1.0,1.0,2.0,2.0,1.0,5
38,4,1,13,6,1,0,0,0,0,0,0,5,52.0,1.0,4.0,,9.0,Me concedieron el préstamo y me dieron una atención muy adecuada,8.0,6.0,9.0,9.0,7.0,10.0,10.0,10.0,10.0,9.0,9.0,10.0,10.0,10.0,10.0,9.0,9.0,1.0,2.0,1.0,2.0,2.0,3
38,4,2,1,6,0,1,1,0,0,0,0,5,370.0,3.0,3.0,,7.0,"En nada, está bien",8.0,6.0,7.0,9.0,6.0,10.0,6.0,6.0,9.0,7.0,6.0,9.0,9.0,9.0,9.0,9.0,6.0,2.0,2.0,2.0,2.0,3.0,2
38,4,2,1,6,1,0,0,0,0,0,0,4,76.0,1.0,5.0,,6.0,porque en algunas cosas es muy especialito y me dice una cosa y luego es otra,7.0,5.0,7.0,9.0,7.0,8.0,8.0,8.0,7.0,8.0,6.0,7.0,8.0,8.0,8.0,8.0,7.0,3.0,3.0,3.0,3.0,3.0,2
38,4,2,1,6,1,1,0,0,0,1,0,5,126.0,5.0,7.0,Para el vehículo y otras comprar,7.0,El interés es muy alto,6.0,4.0,6.0,4.0,4.0,5.0,4.0,5.0,5.0,5.0,6.0,7.0,7.0,5.0,6.0,8.0,6.0,3.0,3.0,2.0,2.0,3.0,2
38,4,1,15,2,1,0,0,0,0,0,0,5,78.0,5.0,7.0,Coche de alquiler,9.0,"Diría que lo claro y sencillo que fue el proceso, además de la facilidad a la hora de aprobación del crédito.",9.0,6.0,9.0,10.0,9.0,9.0,9.0,10.0,9.0,9.0,9.0,9.0,10.0,10.0,9.0,9.0,8.0,1.0,2.0,1.0,2.0,2.0,4
38,4,1,10,4,1,0,0,0,0,0,0,4,52.0,1.0,1.0,,8.0,En el trato a los clientes podría mejorar.,8.0,6.0,7.0,7.0,9.0,10.0,9.0,10.0,8.0,9.0,7.0,10.0,10.0,9.0,9.0,8.0,7.0,1.0,1.0,2.0,2.0,2.0,4
38,4,2,10,4,0,0,0,1,0,0,0,4,348.0,1.0,1.0,,9.0,Facilidad de pago,8.0,5.0,8.0,8.0,5.0,10.0,10.0,8.0,9.0,8.0,7.0,9.0,7.0,7.0,9.0,8.0,7.0,2.0,2.0,2.0,2.0,1.0,4
38,4,2,6,1,0,0,1,0,0,0,0,4,993.0,3.0,3.0,,10.0,Préstamos rápido y sencillo,7.0,7.0,8.0,9.0,6.0,9.0,9.0,9.0,8.0,8.0,7.0,7.0,8.0,9.0,9.0,7.0,8.0,2.0,2.0,2.0,2.0,2.0,4
38,4,1,4,5,0,1,0,0,0,0,0,4,76.0,1.0,3.0,,0.0,No Dan facilidades. No Dan intereses por tener tu dinero en su banco. Mal servicio de oficina. Mal asesoramiento.,3.0,2.0,3.0,1.0,1.0,1.0,9.0,1.0,1.0,1.0,1.0,5.0,5.0,1.0,1.0,1.0,0.0,4.0,4.0,4.0,4.0,4.0,0
38,4,1,1,6,0,0,1,0,0,0,0,4,993.0,3.0,3.0,,8.0,Está bien,8.0,5.0,8.0,8.0,8.0,8.0,9.0,8.0,7.0,8.0,7.0,8.0,8.0,8.0,7.0,9.0,6.0,3.0,3.0,3.0,3.0,3.0,1
38,4,2,4,5,1,0,0,0,0,0,0,5,76.0,1.0,6.0,,5.0,Por los requisitos que suelen pedir,6.0,4.0,5.0,5.0,4.0,5.0,4.0,6.0,6.0,5.0,4.0,4.0,6.0,6.0,5.0,6.0,5.0,3.0,3.0,2.0,3.0,2.0,2
38,4,2,4,5,0,0,1,1,0,0,0,5,382.0,3.0,3.0,,10.0,La seguridad y la transparencia,10.0,7.0,10.0,11.0,11.0,11.0,11.0,11.0,11.0,11.0,11.0,11.0,11.0,11.0,11.0,11.0,10.0,1.0,1.0,1.0,1.0,1.0,5
38,4,1,14,2,0,1,0,1,0,0,0,5,353.0,5.0,1.0,,5.0,interés muy alto,5.0,4.0,5.0,6.0,6.0,6.0,8.0,7.0,1.0,6.0,4.0,6.0,6.0,5.0,5.0,5.0,5.0,4.0,4.0,4.0,4.0,4.0,1
38,4,2,12,3,0,0,1,0,0,0,0,5,13.0,3.0,3.0,,8.0,Lacomunicacion,8.0,5.0,7.0,6.0,9.0,8.0,4.0,8.0,8.0,7.0,6.0,6.0,7.0,7.0,9.0,9.0,8.0,2.0,1.0,2.0,1.0,1.0,1
38,4,2,9,5,1,1,0,0,0,0,0,5,78.0,5.0,2.0,,5.0,por su intereses no lo recomendaria ya que no son muy Buenos y no son transparentes con lo que te ofrecen,5.0,4.0,5.0,7.0,6.0,6.0,6.0,6.0,5.0,6.0,6.0,9.0,9.0,4.0,6.0,6.0,6.0,4.0,4.0,4.0,4.0,4.0,2
38,4,2,12,3,1,0,0,0,0,0,0,4,348.0,1.0,2.0,,8.0,"El préstamo es para mi hijo, un buen préstamo",8.0,5.0,8.0,4.0,4.0,5.0,5.0,5.0,5.0,6.0,4.0,4.0,6.0,5.0,5.0,7.0,7.0,2.0,2.0,3.0,3.0,3.0,1
38,4,2,1,6,1,0,1,0,0,0,0,5,343.0,3.0,6.0,,7.0,La verdad que no lo se,8.0,6.0,8.0,9.0,9.0,10.0,9.0,10.0,9.0,10.0,10.0,9.0,9.0,10.0,10.0,10.0,9.0,2.0,2.0,2.0,2.0,2.0,3
38,4,2,9,5,1,1,0,0,0,0,0,5,53.0,2.0,3.0,,5.0,porque tiene intereses altos,6.0,5.0,6.0,6.0,12.0,12.0,8.0,7.0,4.0,6.0,6.0,8.0,7.0,5.0,6.0,6.0,5.0,3.0,3.0,3.0,4.0,3.0,2
38,4,1,1,6,1,0,0,0,0,0,0,4,135.0,2.0,2.0,,10.0,Muy buena atención,10.0,7.0,10.0,11.0,11.0,11.0,11.0,11.0,11.0,11.0,11.0,11.0,10.0,11.0,11.0,11.0,10.0,1.0,1.0,1.0,1.0,1.0,5
38,4,1,17,5,0,1,0,0,0,0,0,4,348.0,1.0,3.0,,10.0,O Atendimento dos funcionários é muito bom e acolhedor. Eles lhe orientam em cada etapa dos processos que você precisa realizar.,10.0,7.0,10.0,10.0,10.0,11.0,11.0,10.0,11.0,11.0,11.0,11.0,11.0,11.0,10.0,9.0,9.0,2.0,1.0,1.0,2.0,2.0,5
38,4,2,3,1,0,1,0,1,0,0,0,5,346.0,1.0,3.0,,10.0,asesoramiento muy cercano y de valor agregado,10.0,7.0,9.0,11.0,9.0,9.0,10.0,11.0,10.0,6.0,7.0,9.0,11.0,10.0,9.0,10.0,7.0,1.0,2.0,1.0,1.0,2.0,4
38,4,1,11,1,0,0,0,1,0,0,0,4,348.0,1.0,2.0,,6.0,Recomendaría el que menos comisiones cobra,6.0,7.0,6.0,6.0,5.0,7.0,7.0,5.0,6.0,6.0,7.0,8.0,7.0,6.0,5.0,8.0,7.0,2.0,2.0,1.0,3.0,1.0,1
38,4,1,5,7,1,1,0,0,0,0,0,5,78.0,2.0,6.0,,6.0,Altas comisiones,5.0,4.0,5.0,3.0,4.0,5.0,5.0,5.0,7.0,7.0,6.0,5.0,6.0,8.0,7.0,6.0,5.0,4.0,3.0,3.0,3.0,4.0,2
38,4,1,3,1,1,0,0,1,1,0,0,5,392.0,4.0,1.0,,6.0,No estoy muy contento con el,5.0,5.0,6.0,2.0,6.0,7.0,4.0,6.0,9.0,8.0,3.0,6.0,6.0,8.0,10.0,7.0,5.0,3.0,2.0,2.0,3.0,2.0,1
38,4,2,12,3,1,0,1,0,0,0,0,5,371.0,3.0,3.0,,7.0,"Lo unico que se me ocurre es la relacion calidad-precio, que siempre se espera poder mejorarse, en lo demas no se me ocure ninguna sugerencia.",7.0,6.0,7.0,8.0,6.0,7.0,8.0,8.0,7.0,5.0,1.0,8.0,9.0,9.0,10.0,10.0,0.0,1.0,3.0,2.0,3.0,3.0,1
38,4,1,12,3,0,1,0,0,0,0,0,4,126.0,2.0,3.0,,6.0,Atención al cliente,6.0,5.0,6.0,7.0,7.0,8.0,6.0,4.0,3.0,4.0,4.0,6.0,4.0,3.0,5.0,4.0,6.0,4.0,4.0,4.0,4.0,4.0,1
38,4,1,7,4,1,1,0,0,0,0,0,5,126.0,2.0,3.0,,5.0,elevado precio de comision si no puedes pagarlo,5.0,4.0,3.0,5.0,5.0,5.0,5.0,5.0,5.0,5.0,5.0,5.0,5.0,5.0,5.0,5.0,4.0,4.0,4.0,4.0,4.0,4.0,0
38,4,1,5,7,0,0,0,0,1,0,0,4,126.0,2.0,,,3.0,Tiene mucho interés,3.0,4.0,3.0,4.0,4.0,5.0,5.0,4.0,4.0,7.0,4.0,3.0,3.0,2.0,1.0,1.0,5.0,3.0,3.0,3.0,4.0,4.0,0
39,4,1,7,4,0,0,0,0,0,1,0,4,353.0,5.0,2.0,,8.0,Tipos de interés más bajos,8.0,6.0,8.0,9.0,8.0,9.0,7.0,9.0,9.0,7.0,7.0,8.0,8.0,9.0,9.0,8.0,8.0,2.0,3.0,3.0,3.0,3.0,4
39,4,2,16,2,1,0,0,0,1,0,0,5,52.0,5.0,1.0,,10.0,Agilidad confianza,10.0,7.0,10.0,11.0,11.0,11.0,11.0,11.0,11.0,11.0,11.0,10.0,11.0,11.0,11.0,11.0,10.0,1.0,1.0,1.0,1.0,1.0,3
39,4,1,1,6,0,1,0,0,0,0,0,4,79.0,2.0,3.0,,7.0,"Calidad de la atención al cliente y gestión de incidencias.  Transparencia — Comisiones, condiciones, información previa",5.0,4.0,5.0,3.0,12.0,6.0,6.0,5.0,3.0,6.0,5.0,7.0,7.0,5.0,5.0,7.0,5.0,3.0,3.0,4.0,4.0,4.0,2
39,4,1,12,3,1,0,0,0,0,0,0,4,222.0,1.0,2.0,,6.0,Bajos i tereses,7.0,6.0,7.0,8.0,7.0,10.0,9.0,2.0,10.0,6.0,7.0,6.0,6.0,8.0,5.0,10.0,7.0,3.0,3.0,4.0,3.0,4.0,1
39,4,1,4,5,1,0,0,0,0,0,0,4,126.0,2.0,1.0,,10.0,Muy buen trato y facilidad en la prestación del dinero en todo momento.,10.0,6.0,9.0,9.0,4.0,10.0,10.0,7.0,8.0,9.0,8.0,9.0,8.0,9.0,8.0,9.0,10.0,1.0,2.0,1.0,2.0,1.0,5
39,4,1,1,6,0,1,0,0,0,0,0,4,76.0,1.0,1.0,,0.0,"Peores condiciones, mala atencion al cliente y no acompañan al cliente para saber su nececisdad",0.0,1.0,0.0,1.0,1.0,1.0,2.0,2.0,1.0,1.0,1.0,1.0,2.0,1.0,2.0,1.0,1.0,4.0,4.0,4.0,4.0,4.0,0
39,4,2,1,6,1,1,0,0,0,0,0,5,53.0,2.0,4.0,,10.0,Tiene intereses bastante buenos,10.0,6.0,10.0,9.0,8.0,8.0,9.0,9.0,10.0,8.0,10.0,7.0,8.0,7.0,9.0,9.0,10.0,1.0,1.0,1.0,3.0,2.0,5
39,4,1,13,6,1,1,0,0,0,0,0,5,44.0,2.0,2.0,,7.0,Ninguno,7.0,5.0,7.0,10.0,8.0,9.0,9.0,8.0,8.0,8.0,9.0,8.0,8.0,7.0,9.0,8.0,8.0,2.0,1.0,1.0,1.0,2.0,1
39,4,1,1,6,1,1,0,1,0,0,0,5,78.0,5.0,1.0,,6.0,"No me gusta caixa, malas experiencias",6.0,5.0,5.0,3.0,2.0,4.0,5.0,6.0,4.0,3.0,3.0,4.0,5.0,4.0,4.0,5.0,6.0,3.0,3.0,4.0,3.0,4.0,2
39,4,1,1,6,1,0,0,0,0,1,0,5,52.0,5.0,1.0,,7.0,Pues en los tipos de interés que cobran mensualmente con respecto a lo que aporta pasas un poco altas,8.0,6.0,7.0,8.0,9.0,9.0,9.0,9.0,10.0,9.0,9.0,9.0,10.0,9.0,8.0,9.0,8.0,3.0,3.0,3.0,3.0,3.0,2
39,4,1,7,4,0,1,0,1,0,0,0,5,78.0,5.0,2.0,,9.0,"Pues, eficiencia y atención en el préstamo",9.0,7.0,9.0,11.0,10.0,11.0,10.0,10.0,10.0,10.0,10.0,10.0,11.0,11.0,10.0,11.0,9.0,1.0,2.0,1.0,2.0,1.0,5
39,4,2,14,2,1,1,0,1,1,0,0,5,994.0,4.0,1.0,,9.0,Cuota mensual asequible,9.0,7.0,9.0,9.0,12.0,10.0,12.0,6.0,6.0,6.0,7.0,9.0,9.0,8.0,8.0,8.0,6.0,3.0,3.0,3.0,3.0,3.0,1
39,4,2,10,4,1,0,0,0,0,0,0,4,78.0,5.0,1.0,,9.0,La financiación facil,10.0,6.0,9.0,10.0,10.0,10.0,9.0,10.0,9.0,10.0,10.0,10.0,11.0,8.0,8.0,6.0,4.0,1.0,1.0,1.0,1.0,3.0,4
39,4,2,6,1,1,0,0,0,0,0,0,4,135.0,2.0,4.0,,10.0,Siempre me han ayudado cuando lo he necesitado  y he cumplido las condiciones del contrato.,9.0,7.0,8.0,9.0,7.0,8.0,11.0,9.0,10.0,8.0,8.0,11.0,11.0,11.0,8.0,11.0,7.0,1.0,2.0,1.0,2.0,1.0,4
39,4,1,4,5,0,0,0,1,0,0,0,4,126.0,5.0,1.0,,7.0,En la claridad. Creo que muchas cosas no claras,8.0,5.0,7.0,8.0,8.0,9.0,11.0,8.0,9.0,8.0,9.0,6.0,8.0,8.0,9.0,9.0,7.0,3.0,3.0,2.0,3.0,2.0,2
39,4,2,10,4,0,1,0,0,0,0,0,4,78.0,2.0,1.0,,10.0,La eficacia del prestamo,9.0,5.0,10.0,9.0,8.0,9.0,11.0,8.0,9.0,8.0,9.0,9.0,11.0,9.0,10.0,9.0,9.0,3.0,3.0,2.0,3.0,3.0,4
39,4,2,14,2,0,0,0,1,0,0,0,4,78.0,5.0,1.0,,6.0,Tienes intereses muy altos,3.0,3.0,5.0,3.0,8.0,7.0,8.0,2.0,2.0,3.0,1.0,3.0,4.0,2.0,3.0,3.0,2.0,3.0,4.0,4.0,4.0,4.0,0
39,4,1,10,4,1,1,1,0,0,0,0,5,78.0,5.0,2.0,,10.0,Buena atencion y servicio rapido,9.0,7.0,9.0,9.0,10.0,11.0,8.0,8.0,9.0,10.0,9.0,7.0,8.0,8.0,10.0,9.0,7.0,1.0,1.0,1.0,2.0,2.0,4
39,4,1,1,6,0,0,0,1,0,0,0,4,52.0,1.0,1.0,,10.0,Un buen interés,9.0,6.0,8.0,8.0,9.0,9.0,10.0,8.0,8.0,8.0,8.0,8.0,9.0,9.0,10.0,9.0,9.0,2.0,2.0,2.0,2.0,2.0,5
39,4,2,1,6,1,0,0,0,0,0,0,5,992.0,2.0,6.0,,9.0,Rapidez y facilidades en el pago,9.0,6.0,9.0,10.0,8.0,6.0,8.0,9.0,8.0,6.0,6.0,9.0,9.0,9.0,9.0,9.0,8.0,2.0,2.0,2.0,2.0,3.0,3
39,4,1,4,5,1,1,0,0,0,0,0,5,52.0,1.0,1.0,,9.0,Eapidez y eficiencias,8.0,7.0,10.0,10.0,10.0,10.0,9.0,11.0,9.0,10.0,11.0,11.0,9.0,9.0,10.0,9.0,8.0,1.0,2.0,1.0,2.0,1.0,5
39,4,2,10,4,1,0,0,0,0,0,0,5,135.0,2.0,1.0,,9.0,Fieles a lo que dicen,9.0,6.0,8.0,10.0,11.0,11.0,8.0,9.0,10.0,10.0,10.0,8.0,9.0,10.0,9.0,9.0,9.0,1.0,1.0,3.0,3.0,3.0,4
39,4,2,10,4,1,0,0,0,0,0,0,4,397.0,1.0,5.0,,8.0,El servicio de la app,8.0,6.0,7.0,7.0,8.0,8.0,10.0,10.0,9.0,7.0,9.0,9.0,10.0,6.0,9.0,9.0,6.0,3.0,2.0,2.0,2.0,2.0,4
39,4,2,10,4,0,1,0,0,0,0,0,4,52.0,1.0,3.0,,8.0,Ninguno,9.0,6.0,8.0,8.0,8.0,9.0,9.0,9.0,10.0,9.0,7.0,9.0,8.0,7.0,9.0,10.0,8.0,3.0,2.0,3.0,2.0,3.0,4
39,4,1,8,4,1,0,0,0,0,0,0,4,126.0,2.0,1.0,,8.0,menos intereses,7.0,5.0,7.0,8.0,9.0,8.0,9.0,8.0,8.0,10.0,9.0,8.0,7.0,10.0,9.0,8.0,8.0,3.0,3.0,3.0,1.0,2.0,4
39,4,1,12,3,0,0,1,0,0,0,0,4,70.0,3.0,3.0,,4.0,Claridad y condiciones,5.0,5.0,5.0,6.0,5.0,5.0,6.0,4.0,7.0,8.0,5.0,5.0,5.0,3.0,5.0,6.0,4.0,3.0,3.0,3.0,3.0,3.0,1
39,4,2,9,5,1,1,0,0,0,0,0,5,52.0,1.0,2.0,,8.0,Bajar la comisión,8.0,6.0,8.0,10.0,9.0,10.0,10.0,9.0,9.0,10.0,9.0,9.0,9.0,9.0,9.0,9.0,8.0,2.0,2.0,2.0,2.0,2.0,5
39,4,2,17,5,0,1,0,1,0,0,0,5,346.0,1.0,1.0,,9.0,"Confianza, buena resolución de necesidades",9.0,6.0,9.0,9.0,9.0,9.0,9.0,9.0,9.0,9.0,8.0,9.0,9.0,9.0,9.0,9.0,8.0,2.0,2.0,2.0,2.0,2.0,5
39,4,2,9,5,1,1,0,0,0,0,0,5,126.0,5.0,1.0,,10.0,Financiación sin problema,9.0,7.0,9.0,10.0,1.0,10.0,10.0,6.0,6.0,6.0,2.0,5.0,7.0,5.0,7.0,6.0,7.0,2.0,2.0,2.0,2.0,2.0,2
39,4,2,17,5,0,1,0,0,0,0,0,4,382.0,3.0,3.0,,8.0,Muy bueno calidad,7.0,6.0,8.0,9.0,9.0,10.0,9.0,7.0,8.0,9.0,6.0,8.0,9.0,7.0,7.0,7.0,8.0,2.0,2.0,1.0,2.0,2.0,1
39,4,2,12,3,0,1,0,0,0,1,0,5,392.0,4.0,1.0,,10.0,"La rapidez, sencillez y todo el acompañamiento durante el proceso de compra.",10.0,7.0,10.0,11.0,11.0,11.0,11.0,11.0,11.0,11.0,11.0,11.0,11.0,11.0,11.0,11.0,10.0,1.0,1.0,1.0,1.0,1.0,3
39,4,2,1,6,1,1,0,0,1,0,0,5,230.0,1.0,,,3.0,Dan muchos problemas porque la atención al cliente no es muy buena,3.0,3.0,3.0,1.0,1.0,1.0,3.0,1.0,3.0,2.0,2.0,4.0,3.0,2.0,1.0,1.0,0.0,3.0,4.0,4.0,4.0,4.0,0
39,4,2,2,2,0,0,0,1,1,0,0,5,230.0,1.0,,,10.0,Facilidades,10.0,7.0,10.0,8.0,8.0,7.0,8.0,11.0,11.0,10.0,10.0,11.0,9.0,10.0,10.0,10.0,9.0,2.0,2.0,2.0,2.0,3.0,4
39,4,1,11,1,0,1,0,1,0,0,0,5,412.0,4.0,1.0,,10.0,Muy rápido todo,10.0,7.0,10.0,9.0,8.0,11.0,11.0,10.0,11.0,10.0,11.0,10.0,9.0,8.0,11.0,9.0,9.0,1.0,1.0,1.0,1.0,1.0,3
39,4,2,12,3,0,0,0,1,1,0,0,5,392.0,4.0,2.0,,6.0,Son unos maleducados,3.0,5.0,3.0,8.0,8.0,6.0,6.0,5.0,5.0,6.0,4.0,3.0,4.0,5.0,8.0,5.0,4.0,2.0,3.0,2.0,2.0,3.0,1
39,4,1,9,5,0,1,0,0,0,1,0,5,392.0,4.0,1.0,,8.0,Atención al cliente,8.0,6.0,8.0,7.0,6.0,8.0,9.0,8.0,5.0,6.0,6.0,8.0,8.0,8.0,9.0,8.0,5.0,2.0,2.0,2.0,3.0,3.0,2
39,4,1,1,6,1,1,0,0,0,1,0,5,53.0,2.0,1.0,,9.0,La atención personalizada y la claridad de sus condiciones,9.0,6.0,9.0,11.0,9.0,9.0,11.0,9.0,10.0,9.0,7.0,7.0,9.0,10.0,11.0,11.0,7.0,1.0,1.0,2.0,2.0,3.0,5
39,4,1,17,5,1,1,0,0,0,0,0,5,53.0,2.0,6.0,,7.0,Poco o nada,6.0,5.0,7.0,3.0,1.0,3.0,5.0,3.0,2.0,1.0,2.0,5.0,2.0,7.0,7.0,7.0,6.0,4.0,4.0,3.0,3.0,3.0,2
39,4,2,7,4,0,0,0,0,1,0,0,5,126.0,2.0,,,5.0,Nunguna,6.0,6.0,7.0,7.0,7.0,7.0,7.0,7.0,7.0,7.0,7.0,7.0,7.0,7.0,7.0,7.0,6.0,2.0,2.0,2.0,2.0,4.0,2
40,4,1,12,3,1,0,0,0,0,0,0,4,27.0,3.0,3.0,,1.0,Porque son unos usureros.,1.0,2.0,1.0,2.0,2.0,2.0,2.0,2.0,2.0,2.0,2.0,3.0,2.0,2.0,1.0,3.0,2.0,2.0,2.0,2.0,3.0,2.0,0
40,4,2,1,6,0,0,1,0,0,0,0,5,378.0,3.0,3.0,,10.0,Me encanta total confianza,10.0,7.0,10.0,11.0,11.0,11.0,11.0,11.0,11.0,11.0,11.0,11.0,11.0,11.0,11.0,11.0,10.0,1.0,1.0,1.0,1.0,1.0,5
40,4,2,17,5,1,1,0,0,0,0,0,5,78.0,2.0,3.0,,7.0,Menos intereses al solicitar el crédito,7.0,5.0,7.0,6.0,6.0,7.0,8.0,6.0,7.0,6.0,5.0,8.0,8.0,9.0,7.0,7.0,7.0,3.0,3.0,3.0,3.0,4.0,1
40,4,2,1,6,0,1,0,0,0,0,0,4,76.0,1.0,3.0,,8.0,En nada porque me encanta ya,10.0,5.0,9.0,10.0,9.0,9.0,11.0,9.0,9.0,9.0,9.0,10.0,10.0,10.0,10.0,10.0,10.0,2.0,2.0,1.0,1.0,2.0,5
40,4,1,8,4,0,1,1,0,0,0,0,5,385.0,3.0,5.0,,10.0,el interes es normal y te dan hasta 5000 euros,10.0,7.0,10.0,10.0,6.0,11.0,9.0,10.0,10.0,10.0,11.0,10.0,11.0,11.0,9.0,9.0,10.0,1.0,1.0,1.0,2.0,2.0,5
40,4,1,1,6,0,0,1,0,0,0,0,4,380.0,3.0,3.0,,7.0,Mejores prestaciones,7.0,3.0,7.0,7.0,6.0,7.0,10.0,8.0,9.0,7.0,7.0,8.0,9.0,6.0,6.0,7.0,8.0,3.0,3.0,3.0,3.0,4.0,2
40,4,1,12,3,0,1,0,0,0,0,0,5,418.0,2.0,4.0,,10.0,De sus servicios,10.0,7.0,10.0,9.0,11.0,11.0,11.0,11.0,11.0,11.0,11.0,11.0,11.0,11.0,11.0,11.0,10.0,1.0,1.0,1.0,2.0,1.0,3
40,4,1,10,4,0,0,0,1,0,0,0,4,995.0,5.0,2.0,,9.0,No tengo problemas,9.0,6.0,8.0,10.0,9.0,10.0,9.0,9.0,10.0,10.0,9.0,9.0,10.0,7.0,9.0,7.0,9.0,1.0,1.0,1.0,1.0,1.0,4
40,4,1,11,1,1,0,0,0,0,0,0,4,311.0,2.0,6.0,,8.0,Todo está bien,8.0,6.0,8.0,9.0,9.0,8.0,9.0,9.0,8.0,9.0,9.0,10.0,9.0,8.0,8.0,9.0,8.0,2.0,2.0,2.0,2.0,3.0,4
40,4,1,5,7,1,1,0,0,0,0,0,5,76.0,1.0,3.0,,7.0,Mejorar la optimización de su aplicación móvil.,7.0,5.0,6.0,6.0,4.0,6.0,8.0,6.0,6.0,5.0,6.0,6.0,5.0,6.0,6.0,6.0,5.0,2.0,4.0,3.0,3.0,3.0,2
40,4,1,2,2,0,1,0,1,0,0,0,5,52.0,5.0,1.0,,9.0,Estoy muy contento con este banco,10.0,7.0,9.0,10.0,11.0,11.0,10.0,11.0,9.0,10.0,10.0,9.0,11.0,9.0,11.0,10.0,10.0,2.0,1.0,2.0,1.0,3.0,4
40,4,1,2,2,1,0,0,0,0,0,0,4,222.0,1.0,5.0,,5.0,Interés alto,5.0,4.0,5.0,5.0,4.0,6.0,6.0,7.0,5.0,5.0,4.0,6.0,8.0,9.0,5.0,6.0,4.0,3.0,4.0,3.0,3.0,3.0,1
40,4,1,1,6,1,0,0,0,0,0,0,4,53.0,2.0,4.0,,9.0,Es fácil de solicitar,9.0,6.0,9.0,9.0,6.0,11.0,10.0,10.0,7.0,9.0,10.0,10.0,11.0,9.0,9.0,10.0,8.0,1.0,2.0,1.0,2.0,1.0,5
40,4,1,7,4,0,1,0,0,0,0,0,5,346.0,1.0,4.0,,10.0,muy completa,10.0,7.0,10.0,11.0,11.0,11.0,11.0,11.0,11.0,11.0,11.0,11.0,11.0,10.0,8.0,9.0,9.0,2.0,2.0,1.0,2.0,2.0,5
40,4,2,3,1,0,0,0,0,0,1,0,4,52.0,5.0,1.0,,10.0,Si muy buena experiencia,10.0,7.0,10.0,11.0,11.0,11.0,11.0,11.0,11.0,11.0,11.0,11.0,11.0,10.0,11.0,11.0,10.0,1.0,1.0,1.0,1.0,1.0,3
40,4,1,15,2,0,0,1,0,1,1,0,5,337.0,4.0,1.0,,6.0,No me gusta,8.0,5.0,6.0,10.0,6.0,4.0,7.0,8.0,5.0,3.0,8.0,4.0,10.0,7.0,4.0,9.0,6.0,3.0,3.0,3.0,3.0,2.0,1
40,4,1,13,6,1,1,0,0,0,1,0,5,353.0,2.0,1.0,,8.0,Ninguno,8.0,5.0,9.0,9.0,8.0,10.0,10.0,9.0,9.0,8.0,8.0,9.0,8.0,6.0,8.0,10.0,7.0,1.0,2.0,3.0,2.0,2.0,5
40,4,1,6,1,1,1,0,0,0,0,0,5,76.0,1.0,6.0,,7.0,Más margen para pagar las cuotas,7.0,6.0,7.0,5.0,8.0,9.0,11.0,6.0,5.0,5.0,4.0,7.0,7.0,6.0,7.0,7.0,4.0,3.0,3.0,3.0,3.0,4.0,1
40,4,1,4,5,1,1,0,1,1,0,0,5,52.0,5.0,1.0,,9.0,la atención al cliente es maravillosa,9.0,6.0,9.0,11.0,6.0,9.0,10.0,8.0,9.0,9.0,10.0,9.0,8.0,10.0,9.0,8.0,8.0,2.0,2.0,2.0,1.0,1.0,5
40,4,1,4,5,0,1,0,0,1,0,0,5,52.0,1.0,,,7.0,Menores intereses,7.0,7.0,7.0,9.0,6.0,10.0,11.0,7.0,6.0,8.0,8.0,9.0,8.0,9.0,8.0,7.0,8.0,2.0,3.0,2.0,1.0,2.0,2
40,4,1,6,1,1,1,0,0,0,0,0,5,76.0,1.0,3.0,,10.0,La facilidad como usuario y de pago,10.0,7.0,10.0,11.0,11.0,11.0,11.0,11.0,11.0,6.0,6.0,11.0,11.0,11.0,11.0,11.0,10.0,1.0,1.0,1.0,2.0,1.0,3
40,4,1,10,4,0,0,0,1,0,0,0,4,126.0,5.0,2.0,,9.0,La rapidez en todo,9.0,6.0,8.0,9.0,8.0,8.0,9.0,8.0,8.0,9.0,6.0,7.0,8.0,8.0,10.0,8.0,9.0,1.0,1.0,2.0,1.0,2.0,4
40,4,2,4,5,1,1,0,0,0,0,0,5,52.0,1.0,5.0,,7.0,Mas oficinas físicas,7.0,7.0,7.0,8.0,9.0,9.0,10.0,1.0,8.0,10.0,9.0,8.0,7.0,7.0,8.0,8.0,8.0,2.0,2.0,2.0,3.0,3.0,2
40,4,1,4,5,1,1,0,0,0,0,0,5,76.0,1.0,3.0,,9.0,hace unos 15 años les compre mi piso en el cual vivo y sigo pagando en su momento el director de la sucursal de mi pueblo me ayudo mucho con todo el tema de papeles para la compra de mi piso y se implico para ayudarme a comprarla siempre le voy a estar a,9.0,6.0,9.0,10.0,8.0,9.0,11.0,11.0,9.0,10.0,11.0,10.0,11.0,11.0,9.0,11.0,9.0,3.0,2.0,1.0,3.0,2.0,3
40,4,2,10,4,0,1,0,0,0,0,0,5,10.0,3.0,3.0,,9.0,Su facilidad para hacer la gestión.,8.0,6.0,8.0,8.0,10.0,10.0,11.0,10.0,10.0,10.0,10.0,10.0,10.0,10.0,10.0,9.0,8.0,1.0,1.0,1.0,1.0,1.0,4
40,4,1,4,5,0,0,0,1,0,0,0,4,78.0,5.0,1.0,,5.0,Muchos intereses,5.0,3.0,3.0,4.0,4.0,3.0,8.0,5.0,6.0,5.0,3.0,3.0,4.0,6.0,4.0,4.0,6.0,4.0,4.0,4.0,4.0,4.0,0
40,4,1,4,5,0,0,0,1,0,0,0,4,412.0,4.0,1.0,,9.0,facilidad de contratacion,9.0,7.0,9.0,10.0,9.0,9.0,10.0,9.0,9.0,9.0,10.0,8.0,9.0,9.0,8.0,9.0,9.0,1.0,1.0,1.0,2.0,2.0,5
40,4,2,10,4,1,0,0,0,0,0,0,5,346.0,1.0,5.0,,10.0,el trato y la rapidez,10.0,7.0,10.0,11.0,11.0,9.0,11.0,11.0,11.0,11.0,11.0,11.0,11.0,11.0,11.0,11.0,10.0,1.0,1.0,1.0,1.0,1.0,5
40,4,2,10,4,1,1,0,0,0,0,0,5,397.0,1.0,6.0,,6.0,Solo te dan una tarjeta de crédito,7.0,4.0,7.0,5.0,10.0,9.0,10.0,5.0,4.0,1.0,1.0,5.0,7.0,4.0,7.0,8.0,7.0,2.0,4.0,4.0,4.0,4.0,1
40,4,1,3,1,1,0,0,0,0,0,0,4,383.0,3.0,3.0,,6.0,precio caro,6.0,5.0,5.0,6.0,8.0,7.0,7.0,6.0,5.0,1.0,1.0,7.0,6.0,6.0,7.0,7.0,0.0,2.0,3.0,2.0,2.0,2.0,1
40,4,1,10,4,0,0,1,0,0,0,0,4,264.0,3.0,3.0,,7.0,La calidad al cliente,7.0,6.0,6.0,8.0,10.0,8.0,11.0,3.0,11.0,6.0,7.0,7.0,10.0,8.0,2.0,6.0,9.0,1.0,1.0,1.0,1.0,1.0,4
40,4,2,10,4,1,0,0,0,0,0,0,4,222.0,1.0,5.0,,6.0,Baja resolución,6.0,4.0,5.0,6.0,6.0,5.0,6.0,5.0,5.0,5.0,5.0,6.0,8.0,5.0,5.0,6.0,6.0,3.0,4.0,3.0,4.0,3.0,1
40,4,2,15,2,1,0,0,0,0,0,0,5,258.0,1.0,4.0,,8.0,Seguro del préstamo,7.0,3.0,7.0,7.0,7.0,8.0,10.0,8.0,2.0,9.0,8.0,7.0,9.0,8.0,6.0,8.0,6.0,3.0,4.0,4.0,3.0,4.0,1
40,4,1,12,3,1,0,0,0,0,0,0,4,135.0,2.0,1.0,,2.0,Porque son unos usureros,3.0,3.0,2.0,4.0,1.0,4.0,3.0,3.0,1.0,1.0,1.0,3.0,3.0,2.0,4.0,5.0,0.0,3.0,4.0,4.0,4.0,4.0,0
40,4,2,3,1,1,0,0,0,0,0,0,4,52.0,1.0,3.0,,8.0,los intereses,9.0,6.0,9.0,10.0,10.0,9.0,10.0,10.0,10.0,9.0,9.0,10.0,10.0,9.0,10.0,10.0,7.0,2.0,2.0,1.0,1.0,2.0,4
40,4,1,9,5,0,0,0,1,0,0,0,4,53.0,2.0,1.0,,8.0,Me parecen bien sus productos tal como son,8.0,6.0,8.0,10.0,7.0,9.0,10.0,9.0,9.0,9.0,8.0,8.0,8.0,9.0,8.0,8.0,7.0,2.0,2.0,2.0,2.0,2.0,2
40,4,2,9,5,1,1,1,1,0,0,0,5,230.0,1.0,2.0,,7.0,Tener más oficinas presenciales,7.0,6.0,7.0,5.0,6.0,7.0,9.0,7.0,5.0,6.0,6.0,7.0,8.0,7.0,6.0,7.0,5.0,2.0,4.0,4.0,4.0,4.0,1
40,4,1,12,3,1,0,0,0,0,0,0,4,44.0,2.0,1.0,,7.0,planes de fidelización,8.0,5.0,8.0,9.0,9.0,8.0,10.0,8.0,10.0,9.0,10.0,9.0,9.0,9.0,8.0,9.0,8.0,1.0,2.0,2.0,1.0,1.0,4
40,4,2,12,3,1,0,0,0,0,0,0,4,78.0,2.0,1.0,,9.0,No cobra mucho interés,9.0,2.0,9.0,9.0,9.0,9.0,11.0,9.0,9.0,9.0,9.0,9.0,9.0,10.0,10.0,10.0,9.0,2.0,1.0,1.0,2.0,2.0,4
40,4,2,9,5,0,1,0,1,0,1,0,5,53.0,2.0,1.0,,10.0,Buenas condiciones,8.0,6.0,9.0,11.0,10.0,10.0,10.0,9.0,9.0,10.0,9.0,9.0,10.0,10.0,9.0,10.0,9.0,2.0,1.0,2.0,2.0,1.0,5
40,4,1,12,3,0,0,1,0,0,0,0,4,266.0,3.0,3.0,,7.0,Bien,7.0,6.0,7.0,6.0,6.0,5.0,6.0,7.0,3.0,7.0,5.0,5.0,6.0,4.0,5.0,5.0,8.0,3.0,3.0,3.0,3.0,3.0,1
40,4,1,9,5,1,0,0,0,0,1,0,5,348.0,1.0,7.0,,4.0,elevado interes,4.0,5.0,5.0,10.0,10.0,11.0,8.0,10.0,10.0,11.0,10.0,10.0,10.0,11.0,11.0,11.0,9.0,2.0,2.0,1.0,2.0,2.0,2
40,4,2,9,5,0,1,0,1,0,0,0,5,53.0,2.0,1.0,,9.0,Rapidez,10.0,6.0,9.0,10.0,10.0,9.0,11.0,10.0,9.0,9.0,11.0,11.0,10.0,11.0,9.0,10.0,9.0,1.0,1.0,1.0,2.0,2.0,5
40,4,1,15,2,0,1,1,0,0,0,0,5,343.0,3.0,3.0,,7.0,Mejores condiciones. Más baratas,7.0,5.0,6.0,7.0,7.0,9.0,10.0,5.0,6.0,6.0,7.0,7.0,9.0,7.0,7.0,6.0,6.0,3.0,4.0,3.0,4.0,3.0,1
40,4,1,1,6,0,1,1,0,0,0,0,5,146.0,3.0,3.0,,8.0,Yo creo que la marca está muy bien como está,8.0,6.0,9.0,9.0,8.0,10.0,10.0,10.0,8.0,8.0,7.0,8.0,10.0,9.0,9.0,8.0,7.0,2.0,2.0,2.0,2.0,3.0,5
40,4,1,15,2,1,1,1,1,0,0,0,5,469.0,5.0,1.0,,9.0,Atencion y condiciones,9.0,6.0,8.0,9.0,9.0,9.0,9.0,9.0,9.0,9.0,9.0,9.0,9.0,9.0,9.0,7.0,6.0,2.0,4.0,2.0,3.0,4.0,4
40,4,2,8,4,1,0,0,0,0,0,0,4,348.0,1.0,1.0,,8.0,Información,8.0,6.0,8.0,10.0,9.0,10.0,9.0,9.0,8.0,9.0,9.0,8.0,9.0,8.0,9.0,9.0,8.0,2.0,2.0,3.0,2.0,3.0,4
40,4,2,17,5,1,1,0,1,0,0,0,5,53.0,2.0,1.0,,9.0,Buenas condiciones generales,9.0,6.0,10.0,9.0,10.0,11.0,9.0,10.0,9.0,10.0,10.0,10.0,9.0,9.0,10.0,11.0,8.0,1.0,1.0,1.0,2.0,2.0,5
40,4,1,17,5,1,0,1,1,0,0,0,5,53.0,2.0,1.0,,9.0,Simplicidad y confianza,10.0,6.0,10.0,11.0,9.0,11.0,10.0,9.0,10.0,10.0,9.0,10.0,10.0,10.0,9.0,11.0,9.0,1.0,1.0,2.0,1.0,2.0,5
40,4,1,17,5,1,0,0,0,0,1,0,5,53.0,2.0,7.0,,9.0,Condiciones generales,9.0,7.0,10.0,9.0,11.0,9.0,11.0,10.0,10.0,9.0,8.0,9.0,8.0,11.0,10.0,9.0,10.0,2.0,2.0,1.0,1.0,2.0,5
40,4,2,1,6,1,0,0,1,0,0,0,5,53.0,2.0,1.0,,9.0,Sencillez del proceso,10.0,7.0,10.0,10.0,10.0,10.0,10.0,9.0,9.0,10.0,6.0,9.0,10.0,10.0,9.0,10.0,10.0,1.0,1.0,2.0,1.0,1.0,5
40,4,2,1,6,1,0,0,1,0,0,0,5,469.0,5.0,2.0,,7.0,La app y papeleo,7.0,4.0,6.0,8.0,9.0,8.0,8.0,6.0,6.0,8.0,6.0,6.0,8.0,7.0,8.0,8.0,6.0,3.0,3.0,4.0,4.0,3.0,1
41,4,2,9,5,0,0,0,1,0,0,0,4,126.0,5.0,2.0,,7.0,Ninguno está bien,8.0,6.0,8.0,8.0,8.0,7.0,8.0,8.0,8.0,8.0,7.0,6.0,7.0,6.0,7.0,5.0,7.0,3.0,3.0,3.0,3.0,3.0,1
41,4,2,9,5,1,0,0,0,0,0,0,4,135.0,2.0,2.0,,7.0,los intereses,7.0,5.0,7.0,6.0,7.0,6.0,7.0,6.0,6.0,6.0,5.0,6.0,6.0,6.0,7.0,6.0,7.0,3.0,3.0,4.0,3.0,4.0,1
41,4,2,11,1,1,1,0,1,0,0,0,5,348.0,1.0,7.0,Viajes,10.0,Fidelidad y responsabilidad,10.0,7.0,10.0,11.0,11.0,11.0,11.0,11.0,11.0,10.0,11.0,11.0,11.0,11.0,11.0,11.0,10.0,1.0,1.0,1.0,1.0,1.0,3
41,4,2,1,6,1,0,0,0,0,0,0,4,230.0,1.0,3.0,,9.0,"buenas condiciones (intereses,servicio al cliente ,etc)",9.0,6.0,9.0,10.0,9.0,10.0,9.0,10.0,9.0,9.0,9.0,9.0,9.0,9.0,8.0,8.0,8.0,2.0,2.0,2.0,2.0,2.0,3
41,4,2,12,3,0,0,0,1,0,0,0,4,475.0,4.0,1.0,,7.0,Las reparaciones del vehículo tardan mucho,5.0,4.0,6.0,4.0,5.0,7.0,6.0,6.0,7.0,6.0,5.0,5.0,7.0,5.0,7.0,7.0,6.0,4.0,3.0,4.0,4.0,4.0,1
41,4,1,12,3,1,1,0,0,1,0,0,5,78.0,5.0,1.0,,8.0,La cantidad de cuotas a pagar deberían ampliarlas para una mayor facilidad a la hora del pago,7.0,6.0,8.0,10.0,8.0,5.0,11.0,8.0,9.0,11.0,9.0,8.0,8.0,10.0,11.0,10.0,9.0,1.0,1.0,1.0,1.0,2.0,4
41,4,2,6,1,0,1,0,0,0,0,0,4,126.0,2.0,3.0,,0.0,intereses abusivos,0.0,1.0,0.0,1.0,1.0,1.0,12.0,1.0,1.0,1.0,1.0,1.0,1.0,1.0,1.0,1.0,0.0,4.0,4.0,4.0,4.0,4.0,0
41,4,1,1,6,1,0,1,1,0,0,0,5,353.0,5.0,1.0,,10.0,Dispuestos a ayudarme,10.0,7.0,10.0,10.0,10.0,10.0,11.0,11.0,11.0,11.0,10.0,11.0,11.0,11.0,11.0,10.0,10.0,1.0,2.0,1.0,2.0,1.0,5
41,4,1,13,6,1,0,0,0,0,0,0,5,79.0,2.0,7.0,Financiar un proyecto,6.0,"Porque logísticamente son muy lentos, aunque no tengo problemas con ellos",6.0,5.0,7.0,8.0,8.0,7.0,10.0,9.0,7.0,10.0,9.0,10.0,8.0,7.0,6.0,9.0,8.0,3.0,3.0,3.0,4.0,4.0,1
41,4,2,6,1,1,1,0,0,0,0,0,5,230.0,1.0,3.0,,7.0,Menos intereses y que contesten cuando se les hacen consultas x correo,6.0,5.0,7.0,1.0,6.0,1.0,10.0,3.0,1.0,5.0,1.0,8.0,9.0,4.0,4.0,2.0,6.0,4.0,4.0,4.0,4.0,4.0,1
41,4,1,6,1,0,0,1,0,0,0,0,4,993.0,3.0,3.0,,9.0,"qué pude realizar la compra del producto que quería que, en este caso era un sofá, en una tienda de muebles, a doce meses con el cero % de interés, con lo cual, fue bastante buena la financiación por sus condiciones",10.0,7.0,9.0,10.0,7.0,11.0,11.0,9.0,9.0,9.0,11.0,11.0,11.0,11.0,11.0,11.0,9.0,2.0,2.0,1.0,3.0,2.0,3
41,4,1,4,5,0,0,0,0,1,0,0,4,52.0,1.0,,,7.0,Facilidad de crédito,9.0,6.0,9.0,9.0,10.0,9.0,11.0,10.0,10.0,10.0,9.0,9.0,8.0,9.0,10.0,9.0,9.0,3.0,2.0,3.0,3.0,2.0,5
41,4,1,15,2,1,0,0,0,1,0,0,5,258.0,1.0,,,8.0,En no ahogar tanto a la gente.,9.0,6.0,8.0,9.0,6.0,6.0,10.0,9.0,9.0,9.0,8.0,8.0,8.0,8.0,9.0,8.0,8.0,1.0,2.0,2.0,2.0,1.0,4
41,4,2,14,2,0,0,0,0,0,1,0,4,78.0,5.0,7.0,Crédito personal,8.0,Todo está bien,7.0,6.0,7.0,6.0,6.0,7.0,7.0,8.0,7.0,7.0,5.0,7.0,8.0,7.0,9.0,7.0,4.0,2.0,4.0,3.0,4.0,4.0,1
41,4,2,14,2,1,1,0,0,0,0,0,5,52.0,5.0,2.0,,8.0,Quitar pago de amortización,8.0,4.0,7.0,6.0,12.0,6.0,9.0,7.0,4.0,6.0,6.0,6.0,6.0,4.0,6.0,4.0,5.0,3.0,4.0,4.0,4.0,3.0,1
41,4,2,4,5,1,1,0,0,0,0,0,5,343.0,3.0,4.0,,7.0,L'ós precios,8.0,5.0,7.0,10.0,7.0,9.0,9.0,7.0,8.0,4.0,8.0,10.0,10.0,9.0,8.0,8.0,6.0,2.0,3.0,2.0,2.0,3.0,2
41,4,2,4,5,1,0,0,0,0,0,0,4,373.0,3.0,3.0,,9.0,Bajo interes,9.0,7.0,9.0,10.0,8.0,11.0,11.0,9.0,9.0,9.0,6.0,11.0,10.0,9.0,10.0,10.0,9.0,1.0,1.0,1.0,1.0,1.0,5
41,4,1,10,4,0,0,0,1,0,0,0,4,353.0,5.0,2.0,,0.0,Te cobran un seguro sin informarte de ello,0.0,1.0,0.0,1.0,1.0,1.0,10.0,1.0,1.0,5.0,1.0,6.0,6.0,1.0,1.0,1.0,5.0,4.0,4.0,4.0,4.0,4.0,0
41,4,2,14,2,1,0,0,1,0,0,0,5,126.0,5.0,1.0,,9.0,Conmigo han sido muy transparentes,9.0,6.0,8.0,8.0,8.0,9.0,9.0,7.0,8.0,8.0,7.0,7.0,7.0,9.0,9.0,9.0,8.0,1.0,2.0,2.0,2.0,2.0,4
41,4,2,10,4,0,1,0,0,0,0,0,4,53.0,2.0,3.0,,6.0,No me guasta estar endeudado,6.0,5.0,7.0,7.0,4.0,7.0,8.0,11.0,9.0,9.0,8.0,10.0,11.0,8.0,6.0,8.0,6.0,3.0,2.0,2.0,2.0,1.0,2
41,4,1,10,4,0,0,0,1,0,0,0,4,353.0,5.0,2.0,,0.0,Me hicieron un seguro sin consultarme,0.0,1.0,0.0,1.0,1.0,1.0,8.0,1.0,1.0,6.0,6.0,7.0,7.0,1.0,1.0,1.0,5.0,4.0,4.0,4.0,4.0,4.0,0
41,4,1,14,2,0,1,0,1,0,0,0,5,171.0,3.0,3.0,,8.0,Tener mejores productos de electrónica y móviles o informática,8.0,6.0,8.0,10.0,8.0,9.0,10.0,10.0,10.0,9.0,9.0,9.0,10.0,9.0,10.0,9.0,8.0,1.0,2.0,1.0,2.0,2.0,4
41,4,2,10,4,1,0,1,0,0,0,0,5,5.0,1.0,6.0,,9.0,Adaptación del préstamo a mi casi personal y necesidades,9.0,6.0,10.0,7.0,12.0,8.0,12.0,9.0,9.0,9.0,7.0,11.0,11.0,11.0,11.0,10.0,7.0,1.0,2.0,1.0,3.0,2.0,2
41,4,1,14,2,0,1,1,0,0,0,0,5,381.0,3.0,3.0,,7.0,Las compras tengan puntos descuento o acumulativos para la siguiente compra,7.0,5.0,7.0,8.0,7.0,8.0,9.0,8.0,8.0,9.0,8.0,7.0,8.0,8.0,7.0,9.0,7.0,3.0,2.0,2.0,3.0,2.0,1
41,4,2,14,2,1,0,0,0,0,0,0,4,126.0,5.0,1.0,,10.0,Facilidad en el pago y trámite rapido,10.0,7.0,10.0,9.0,9.0,10.0,11.0,10.0,10.0,10.0,10.0,10.0,10.0,10.0,10.0,11.0,10.0,1.0,1.0,1.0,1.0,1.0,3
41,4,1,1,6,1,0,1,1,0,0,0,5,353.0,5.0,1.0,,10.0,confianza y seguridad,10.0,7.0,10.0,11.0,10.0,11.0,11.0,10.0,11.0,11.0,10.0,11.0,11.0,11.0,10.0,11.0,10.0,1.0,1.0,1.0,1.0,1.0,5
41,4,1,17,5,1,0,0,0,1,0,0,5,53.0,2.0,,,7.0,"la atencion al ciente es muy mejorable, igual que la app",8.0,5.0,7.0,9.0,8.0,8.0,9.0,9.0,7.0,8.0,6.0,8.0,8.0,8.0,7.0,7.0,6.0,2.0,3.0,3.0,3.0,3.0,1
41,4,1,5,7,1,0,0,0,0,0,0,5,230.0,1.0,6.0,,9.0,Todo facil,9.0,6.0,8.0,10.0,9.0,10.0,12.0,9.0,10.0,11.0,8.0,9.0,9.0,9.0,9.0,10.0,9.0,1.0,1.0,1.0,2.0,2.0,2
41,4,1,9,5,0,1,1,1,1,0,0,5,334.0,3.0,3.0,,8.0,Es seguro y muy cómodo de usar,7.0,6.0,8.0,8.0,7.0,8.0,7.0,9.0,8.0,6.0,7.0,5.0,7.0,5.0,7.0,8.0,7.0,2.0,2.0,3.0,3.0,2.0,1
41,4,1,1,6,1,1,1,1,1,0,0,5,172.0,3.0,4.0,,8.0,Je vais bien merci pour la semaine de me rendre en train d'attendre la frontière pour le territoire,8.0,5.0,8.0,10.0,10.0,10.0,10.0,10.0,7.0,9.0,9.0,9.0,10.0,9.0,10.0,10.0,8.0,3.0,3.0,3.0,2.0,2.0,5
41,4,1,8,4,1,0,0,0,0,0,0,5,52.0,1.0,5.0,,10.0,Me lo concedieron,8.0,7.0,7.0,9.0,7.0,6.0,6.0,6.0,5.0,6.0,7.0,7.0,8.0,6.0,4.0,9.0,5.0,3.0,4.0,4.0,4.0,4.0,2
41,4,1,12,3,0,0,0,0,0,1,0,5,353.0,5.0,1.0,,8.0,fgbsfdbsfbs,7.0,6.0,8.0,7.0,9.0,8.0,9.0,9.0,9.0,8.0,9.0,8.0,10.0,9.0,8.0,10.0,8.0,3.0,3.0,2.0,2.0,2.0,4
41,4,1,9,5,1,1,0,0,1,0,0,5,348.0,1.0,,,10.0,"Servicio, acción, empatía, conocimiento y asesoría real",10.0,7.0,10.0,11.0,11.0,11.0,11.0,11.0,11.0,9.0,11.0,11.0,11.0,11.0,11.0,9.0,10.0,1.0,1.0,1.0,2.0,1.0,5
41,4,2,9,5,1,1,0,0,0,0,0,5,78.0,2.0,7.0,Viaje,8.0,Bajar los interes,10.0,7.0,10.0,11.0,6.0,11.0,10.0,9.0,7.0,9.0,10.0,11.0,11.0,11.0,9.0,11.0,10.0,1.0,2.0,1.0,1.0,1.0,5
41,4,2,12,3,1,1,1,0,0,0,0,5,381.0,3.0,3.0,,7.0,Facilidades,6.0,5.0,6.0,8.0,8.0,9.0,9.0,9.0,7.0,9.0,7.0,9.0,8.0,7.0,8.0,8.0,7.0,3.0,3.0,3.0,2.0,3.0,1
41,4,2,5,7,0,0,1,1,0,0,0,5,353.0,5.0,1.0,,8.0,En el acceso para ver como van los pagos y cuanto queda,8.0,6.0,8.0,5.0,4.0,8.0,8.0,6.0,1.0,1.0,3.0,3.0,8.0,4.0,6.0,8.0,5.0,3.0,3.0,3.0,4.0,4.0,0
41,4,2,12,3,1,1,0,1,1,0,0,5,44.0,2.0,,,10.0,Rapidez y facilidad,10.0,7.0,10.0,9.0,1.0,6.0,11.0,10.0,10.0,10.0,6.0,10.0,9.0,8.0,8.0,10.0,10.0,3.0,2.0,2.0,4.0,2.0,4
41,4,1,5,7,0,1,0,0,0,0,0,5,230.0,1.0,6.0,,9.0,Todo fácil.,9.0,7.0,9.0,10.0,10.0,12.0,10.0,10.0,10.0,10.0,10.0,9.0,11.0,10.0,10.0,10.0,9.0,1.0,1.0,2.0,1.0,2.0,5
41,4,1,9,5,0,1,1,0,0,0,0,5,374.0,3.0,3.0,,7.0,Mejorar la comisión.,7.0,5.0,6.0,4.0,4.0,4.0,4.0,5.0,2.0,4.0,3.0,3.0,5.0,5.0,5.0,6.0,5.0,3.0,3.0,3.0,3.0,3.0,2
41,4,2,9,5,1,0,0,1,0,0,0,5,337.0,4.0,1.0,,7.0,No se,6.0,5.0,5.0,6.0,6.0,4.0,7.0,8.0,6.0,9.0,5.0,4.0,7.0,8.0,7.0,7.0,6.0,3.0,3.0,4.0,4.0,4.0,1
41,4,1,17,5,1,1,0,0,0,0,0,5,53.0,2.0,1.0,,9.0,Rapidez y seguridad,9.0,6.0,8.0,11.0,10.0,11.0,10.0,10.0,10.0,10.0,8.0,9.0,9.0,9.0,10.0,10.0,8.0,1.0,1.0,1.0,1.0,1.0,5
41,4,1,9,5,0,0,1,0,0,0,0,4,208.0,3.0,3.0,,9.0,Me dieron la línea de crédito sin ningún tipo de problema,10.0,7.0,9.0,11.0,6.0,11.0,11.0,9.0,9.0,8.0,9.0,10.0,10.0,10.0,11.0,9.0,9.0,1.0,2.0,1.0,2.0,2.0,5
41,4,2,8,4,0,0,1,0,0,0,0,5,164.0,3.0,6.0,,10.0,dfsgsd fsdf sdgf f,9.0,6.0,4.0,10.0,9.0,10.0,9.0,7.0,8.0,8.0,7.0,2.0,6.0,9.0,9.0,9.0,8.0,3.0,2.0,1.0,2.0,2.0,4
41,4,1,17,5,1,0,0,1,0,0,0,5,53.0,2.0,1.0,,10.0,Trato excelente,9.0,6.0,9.0,10.0,10.0,10.0,9.0,9.0,10.0,10.0,9.0,8.0,9.0,10.0,11.0,9.0,9.0,1.0,1.0,2.0,1.0,2.0,5
41,4,2,9,5,0,1,0,1,1,0,0,5,469.0,5.0,2.0,,7.0,Es imposible cambiar el número de cuenta y la dirección. Te mandan a la web y es un asco que no funciona,6.0,4.0,6.0,4.0,1.0,3.0,7.0,3.0,2.0,1.0,1.0,2.0,1.0,1.0,1.0,1.0,5.0,4.0,4.0,4.0,4.0,4.0,0
41,4,1,17,5,1,1,0,1,0,0,0,5,412.0,4.0,2.0,,7.0,En los intereses del prestamo,7.0,5.0,7.0,8.0,6.0,8.0,9.0,9.0,7.0,7.0,6.0,11.0,11.0,8.0,7.0,8.0,7.0,2.0,2.0,2.0,2.0,2.0,2
41,4,1,12,3,0,1,0,0,0,1,0,5,392.0,4.0,1.0,,10.0,"La profesionalidad, los plazos y el acompañamiento en el proceso",10.0,7.0,10.0,11.0,11.0,11.0,11.0,11.0,11.0,11.0,11.0,11.0,11.0,11.0,11.0,11.0,10.0,1.0,1.0,1.0,1.0,1.0,3
42,4,2,9,5,0,1,0,0,0,0,0,4,344.0,1.0,4.0,,7.0,Nada,7.0,5.0,7.0,6.0,6.0,6.0,7.0,7.0,6.0,6.0,5.0,3.0,6.0,1.0,6.0,5.0,7.0,2.0,2.0,2.0,2.0,2.0,2
42,4,1,2,2,1,0,0,0,0,0,0,4,348.0,1.0,7.0,Hacer un viaje,10.0,Fue muy fácil conseguirlo solo con nómina y contrato de trabajo,10.0,7.0,10.0,9.0,8.0,9.0,11.0,9.0,8.0,10.0,9.0,10.0,11.0,10.0,9.0,9.0,10.0,2.0,2.0,3.0,3.0,2.0,3
42,4,1,6,1,1,1,0,0,1,0,0,5,171.0,3.0,3.0,,7.0,la cantidad elevada de intereses,6.0,5.0,7.0,7.0,4.0,7.0,7.0,7.0,7.0,6.0,4.0,4.0,3.0,6.0,5.0,8.0,4.0,3.0,3.0,1.0,3.0,2.0,1
42,4,1,12,3,0,1,0,0,0,0,0,4,76.0,1.0,3.0,,10.0,facilidad de uso,10.0,7.0,10.0,10.0,11.0,10.0,10.0,10.0,9.0,10.0,10.0,10.0,10.0,10.0,10.0,10.0,9.0,2.0,2.0,2.0,1.0,2.0,4
42,4,2,1,6,0,1,0,0,0,0,0,4,378.0,3.0,3.0,,10.0,facilidad para el tramite,10.0,7.0,10.0,11.0,11.0,11.0,11.0,11.0,11.0,11.0,11.0,11.0,11.0,11.0,11.0,11.0,10.0,1.0,2.0,1.0,1.0,1.0,5
42,4,1,12,3,1,1,1,0,0,0,0,5,373.0,3.0,3.0,,10.0,La rapidez de la concesión y las ventajas,9.0,6.0,10.0,10.0,4.0,9.0,10.0,10.0,10.0,10.0,6.0,9.0,10.0,10.0,10.0,11.0,9.0,1.0,1.0,1.0,2.0,1.0,4
42,4,1,1,6,0,0,0,0,0,1,0,4,52.0,5.0,1.0,,4.0,No me fio,3.0,4.0,3.0,6.0,6.0,6.0,6.0,6.0,6.0,6.0,6.0,6.0,6.0,6.0,6.0,6.0,4.0,4.0,4.0,4.0,4.0,4.0,0
42,4,1,7,4,1,0,1,0,0,0,0,5,370.0,3.0,3.0,,10.0,"Las facilidades de pago, sin intereses y el trato",10.0,7.0,10.0,11.0,9.0,11.0,11.0,11.0,11.0,11.0,11.0,11.0,11.0,11.0,10.0,11.0,10.0,1.0,1.0,1.0,2.0,2.0,5
42,4,2,10,4,1,0,0,0,0,0,0,5,992.0,2.0,6.0,,9.0,"Rapidez, comodidad",9.0,6.0,9.0,10.0,9.0,10.0,10.0,10.0,10.0,10.0,9.0,9.0,10.0,10.0,9.0,9.0,8.0,1.0,2.0,1.0,1.0,2.0,3
42,4,1,1,6,1,0,0,1,0,0,0,5,353.0,5.0,2.0,,8.0,Tipos de interes,8.0,7.0,8.0,9.0,6.0,8.0,11.0,7.0,9.0,9.0,9.0,9.0,11.0,6.0,8.0,7.0,7.0,2.0,3.0,1.0,3.0,2.0,5
42,4,2,10,4,1,0,0,0,0,0,0,4,52.0,1.0,2.0,,8.0,Que informen bien a la gente. Y que no suban los precios de un año a otro,8.0,6.0,8.0,10.0,10.0,10.0,11.0,11.0,10.0,10.0,9.0,11.0,10.0,11.0,9.0,10.0,8.0,2.0,3.0,2.0,2.0,2.0,4
42,4,1,4,5,0,1,0,0,0,0,0,4,52.0,1.0,3.0,,9.0,bajas comisiones,9.0,6.0,9.0,9.0,6.0,6.0,10.0,8.0,9.0,9.0,8.0,7.0,7.0,7.0,8.0,7.0,7.0,2.0,3.0,2.0,3.0,3.0,2
42,4,2,1,6,1,1,0,1,0,0,0,5,126.0,5.0,2.0,,6.0,Porque tiene intereses altos,5.0,5.0,5.0,5.0,5.0,5.0,4.0,5.0,4.0,6.0,4.0,4.0,5.0,5.0,4.0,4.0,5.0,3.0,4.0,4.0,4.0,4.0,2
42,4,2,1,6,0,0,0,1,0,1,0,5,126.0,5.0,1.0,,8.0,El tipo de interés,9.0,6.0,8.0,9.0,9.0,9.0,10.0,10.0,9.0,10.0,8.0,8.0,9.0,9.0,9.0,9.0,8.0,2.0,2.0,1.0,2.0,2.0,5
42,4,1,13,6,1,1,1,1,0,0,0,5,412.0,4.0,1.0,,8.0,"Quizás, con unos intereses más bajos, pero en general estoy muy contento porque las condiciones eran muy buenas y había mucha flexibilidad a la hora de realizar los pagos",8.0,7.0,8.0,10.0,9.0,9.0,11.0,9.0,8.0,8.0,8.0,10.0,11.0,9.0,9.0,11.0,8.0,2.0,3.0,3.0,3.0,4.0,5
42,4,2,6,1,1,1,0,0,0,0,0,5,76.0,1.0,3.0,,9.0,El trato del personal es muy bueno,9.0,7.0,10.0,10.0,6.0,9.0,11.0,9.0,8.0,8.0,7.0,10.0,10.0,9.0,8.0,6.0,9.0,3.0,3.0,3.0,3.0,3.0,4
42,4,2,6,1,1,0,0,0,0,0,0,4,135.0,2.0,6.0,,6.0,Por sus comisiones que son muy altas,6.0,6.0,6.0,8.0,8.0,8.0,8.0,7.0,7.0,7.0,7.0,7.0,7.0,6.0,7.0,7.0,6.0,2.0,2.0,2.0,2.0,3.0,1
42,4,2,10,4,0,1,0,1,0,0,0,5,10.0,3.0,5.0,,8.0,Buena atención al cliente,9.0,6.0,8.0,6.0,4.0,8.0,6.0,4.0,4.0,5.0,7.0,5.0,5.0,4.0,4.0,5.0,7.0,3.0,2.0,2.0,3.0,3.0,5
42,4,1,6,1,1,0,0,0,0,0,0,4,348.0,1.0,6.0,,6.0,"El crédito estuvo bien, y fue rápido. Pero el interés es alto, o lo fue.",8.0,7.0,8.0,4.0,7.0,9.0,11.0,8.0,4.0,6.0,3.0,10.0,11.0,8.0,4.0,7.0,3.0,3.0,3.0,3.0,4.0,3.0,1
42,4,1,10,4,1,0,0,0,0,0,0,4,126.0,5.0,2.0,,5.0,Intereses,5.0,4.0,5.0,4.0,4.0,5.0,5.0,6.0,6.0,6.0,5.0,4.0,5.0,5.0,6.0,6.0,6.0,3.0,3.0,3.0,3.0,3.0,1
42,4,1,10,4,1,0,0,0,0,0,0,4,76.0,1.0,5.0,,10.0,Muy rápido y sencillo,10.0,7.0,10.0,11.0,11.0,11.0,11.0,11.0,11.0,11.0,9.0,11.0,11.0,10.0,11.0,11.0,10.0,1.0,1.0,1.0,1.0,1.0,5
42,4,2,10,4,1,0,0,0,0,0,0,4,52.0,1.0,2.0,,10.0,La facilidad de gestionar el prestamo a través de la app del bbva,10.0,7.0,10.0,11.0,8.0,11.0,11.0,10.0,9.0,9.0,6.0,10.0,10.0,11.0,9.0,10.0,8.0,1.0,2.0,1.0,2.0,1.0,5
42,4,1,14,2,0,1,0,0,0,1,0,5,348.0,1.0,1.0,,8.0,Comodidad de pagos aplazados en caso neceasario.,8.0,6.0,8.0,8.0,6.0,9.0,11.0,8.0,6.0,10.0,10.0,10.0,10.0,9.0,8.0,9.0,8.0,3.0,3.0,3.0,3.0,3.0,4
42,4,2,15,2,1,1,0,0,1,0,0,5,992.0,2.0,,,4.0,Porque creo que para poder financiar mis deudas se han pasado con los pagos mensuales,4.0,4.0,5.0,4.0,2.0,5.0,7.0,3.0,7.0,7.0,3.0,3.0,6.0,5.0,6.0,4.0,4.0,4.0,4.0,3.0,4.0,4.0,1
42,4,1,3,1,1,0,0,1,0,0,0,5,994.0,4.0,1.0,,8.0,Tener el interés del crédito más bajo.,8.0,5.0,7.0,8.0,12.0,8.0,10.0,9.0,3.0,6.0,6.0,7.0,10.0,7.0,7.0,8.0,5.0,3.0,3.0,3.0,4.0,4.0,1
42,4,2,7,4,1,0,1,0,0,0,0,5,43.0,1.0,4.0,,8.0,OFRECER TIPOS DE INTERES UN POCO MAS BAJOS,8.0,7.0,8.0,8.0,2.0,9.0,11.0,7.0,7.0,6.0,6.0,11.0,10.0,11.0,2.0,9.0,5.0,3.0,3.0,2.0,2.0,3.0,2
42,4,1,17,5,1,1,0,0,0,1,0,5,392.0,4.0,1.0,,9.0,buen plan de financiamiento y excelente atencion al cliente,10.0,6.0,9.0,9.0,10.0,9.0,11.0,9.0,8.0,9.0,10.0,9.0,10.0,9.0,10.0,10.0,8.0,1.0,2.0,1.0,1.0,2.0,5
42,4,2,15,2,1,1,0,0,0,0,0,5,171.0,3.0,3.0,,10.0,Siempre la usamos al hacer las compras y no nos provoca complicaciones,10.0,7.0,10.0,10.0,1.0,10.0,10.0,10.0,10.0,9.0,8.0,10.0,9.0,10.0,8.0,6.0,9.0,3.0,3.0,3.0,3.0,3.0,4
42,4,1,17,5,1,1,1,1,0,0,0,5,469.0,5.0,2.0,,8.0,Cobrando menos intereses a los clientes,6.0,4.0,7.0,6.0,6.0,6.0,9.0,8.0,3.0,4.0,5.0,6.0,6.0,6.0,7.0,10.0,6.0,3.0,4.0,4.0,3.0,3.0,1
42,4,1,17,5,0,0,0,1,0,0,0,4,337.0,4.0,1.0,,6.0,No,7.0,4.0,6.0,5.0,7.0,5.0,4.0,4.0,4.0,5.0,4.0,3.0,1.0,4.0,5.0,6.0,7.0,2.0,2.0,2.0,2.0,2.0,2
42,4,1,9,5,1,1,1,0,0,0,0,5,370.0,3.0,3.0,,6.0,no lo se,6.0,4.0,6.0,4.0,5.0,4.0,5.0,4.0,5.0,4.0,4.0,6.0,4.0,5.0,6.0,5.0,4.0,2.0,2.0,3.0,2.0,2.0,2
42,4,1,12,3,1,1,0,0,0,0,0,5,135.0,2.0,6.0,,7.0,En atención cliente,8.0,6.0,9.0,10.0,11.0,10.0,10.0,9.0,10.0,10.0,10.0,9.0,9.0,8.0,10.0,10.0,9.0,2.0,2.0,2.0,2.0,2.0,4
42,4,2,17,5,1,0,1,1,1,1,0,5,469.0,5.0,1.0,,10.0,Pues me asesoraron súper bien y me encantó la experiencia,10.0,7.0,10.0,11.0,11.0,11.0,9.0,11.0,11.0,11.0,11.0,11.0,11.0,11.0,11.0,11.0,10.0,1.0,1.0,1.0,1.0,1.0,5
42,4,1,9,5,1,1,0,1,0,0,0,5,126.0,5.0,1.0,,8.0,Las respuestas a refinanciaciones o adelantos deseados.,7.0,6.0,7.0,8.0,6.0,8.0,9.0,8.0,7.0,6.0,8.0,8.0,9.0,9.0,7.0,10.0,5.0,3.0,3.0,3.0,4.0,4.0,2
42,4,2,5,7,1,0,1,0,0,0,0,5,348.0,1.0,2.0,,8.0,Mejorar aplicacion y web. Ofrecer cuenta de ahorro mejor,7.0,6.0,8.0,8.0,6.0,9.0,12.0,7.0,7.0,5.0,6.0,9.0,9.0,9.0,8.0,8.0,6.0,2.0,3.0,2.0,3.0,2.0,2
42,4,1,5,7,0,0,0,1,0,0,0,4,412.0,4.0,1.0,,9.0,"tienen intereses bajos, la solicitud fue facil y rapida con un trato humano y cercano",9.0,7.0,10.0,11.0,11.0,10.0,11.0,10.0,11.0,11.0,10.0,11.0,11.0,10.0,11.0,10.0,9.0,1.0,2.0,1.0,2.0,1.0,5
42,4,1,12,3,1,0,0,0,0,0,0,4,126.0,2.0,4.0,,7.0,No cobren tantos intereses,1.0,2.0,1.0,4.0,2.0,3.0,4.0,2.0,4.0,4.0,6.0,3.0,3.0,4.0,2.0,4.0,4.0,2.0,2.0,3.0,3.0,4.0,0
42,4,1,2,2,0,0,1,0,0,0,0,5,266.0,3.0,3.0,,4.0,Por sus intereses,6.0,5.0,6.0,4.0,1.0,8.0,10.0,4.0,3.0,6.0,3.0,5.0,7.0,6.0,3.0,7.0,6.0,4.0,3.0,2.0,4.0,3.0,1
42,4,2,6,1,0,1,0,0,0,0,0,4,230.0,1.0,6.0,,9.0,La soluciones rápidas a problemas y responden rapido,9.0,7.0,9.0,10.0,9.0,9.0,9.0,10.0,10.0,9.0,6.0,9.0,10.0,9.0,9.0,7.0,7.0,2.0,3.0,3.0,3.0,3.0,4
42,4,1,8,4,0,0,1,0,1,1,0,5,392.0,4.0,1.0,,10.0,Una buena idea,9.0,7.0,10.0,10.0,10.0,11.0,10.0,9.0,9.0,9.0,9.0,11.0,10.0,11.0,9.0,10.0,10.0,2.0,1.0,2.0,2.0,2.0,5
42,4,1,5,7,0,0,0,0,0,1,0,4,412.0,4.0,1.0,,9.0,"fue muy faciil y eficaz tratar con ellos, trato profesional",9.0,7.0,9.0,11.0,10.0,10.0,11.0,10.0,11.0,11.0,10.0,11.0,11.0,11.0,10.0,10.0,10.0,1.0,1.0,1.0,1.0,1.0,5
42,4,1,2,2,0,0,0,1,0,0,0,4,337.0,4.0,1.0,,9.0,Flexible,9.0,6.0,9.0,10.0,10.0,10.0,11.0,10.0,8.0,10.0,9.0,10.0,10.0,8.0,9.0,9.0,9.0,2.0,2.0,2.0,2.0,2.0,4
42,4,1,1,6,0,1,0,0,0,0,0,4,370.0,3.0,3.0,,8.0,Te dieran bonos por pronto pago,8.0,5.0,8.0,8.0,3.0,7.0,8.0,4.0,5.0,7.0,4.0,3.0,4.0,2.0,3.0,3.0,8.0,2.0,3.0,2.0,3.0,2.0,2
42,4,2,11,1,0,1,0,0,0,0,0,4,370.0,3.0,4.0,,7.0,Ampliar meses sin intereses,7.0,5.0,7.0,2.0,8.0,6.0,8.0,8.0,6.0,5.0,8.0,5.0,5.0,5.0,8.0,7.0,6.0,3.0,3.0,3.0,2.0,4.0,1
42,4,1,17,5,0,1,1,1,1,0,0,5,412.0,4.0,1.0,,7.0,Bajar el tipo de interés,6.0,4.0,6.0,5.0,10.0,10.0,10.0,10.0,5.0,8.0,8.0,10.0,10.0,8.0,5.0,10.0,5.0,1.0,4.0,4.0,3.0,4.0,2
42,4,1,1,6,0,1,1,0,0,0,0,5,380.0,3.0,4.0,,9.0,Facilidad de uso y prestaciones,9.0,7.0,9.0,10.0,11.0,11.0,10.0,11.0,11.0,10.0,10.0,11.0,10.0,10.0,11.0,9.0,10.0,1.0,1.0,1.0,1.0,1.0,5
42,4,2,4,5,1,0,1,0,0,0,0,5,369.0,3.0,3.0,,10.0,"La facilidad de pago, la buena información del personal y la abundante información vía email",10.0,7.0,9.0,4.0,3.0,5.0,5.0,7.0,4.0,9.0,2.0,7.0,10.0,8.0,10.0,9.0,9.0,1.0,2.0,1.0,2.0,1.0,2
42,4,1,13,6,0,0,0,1,0,0,0,4,469.0,5.0,2.0,,10.0,Especificos y eficientes y rapida respuesta,10.0,7.0,10.0,10.0,10.0,11.0,11.0,9.0,9.0,9.0,11.0,10.0,10.0,11.0,11.0,11.0,10.0,1.0,2.0,2.0,1.0,1.0,5
42,4,1,8,4,1,1,1,0,0,1,0,5,227.0,3.0,5.0,,10.0,"Contentos con todo, rapidez, atención, sin trampas",10.0,7.0,10.0,11.0,11.0,11.0,11.0,11.0,11.0,11.0,11.0,11.0,11.0,11.0,11.0,11.0,10.0,1.0,1.0,1.0,1.0,1.0,5
43,4,2,12,3,1,1,0,0,0,0,0,5,344.0,1.0,3.0,,10.0,EXCEPCIONAL!!!,10.0,7.0,10.0,11.0,11.0,11.0,11.0,11.0,11.0,11.0,10.0,11.0,11.0,11.0,11.0,11.0,10.0,1.0,1.0,1.0,1.0,1.0,3
43,4,1,15,2,1,1,0,1,0,0,0,5,52.0,5.0,1.0,,8.0,La comunicación con clientes,7.0,5.0,7.0,4.0,3.0,8.0,6.0,5.0,8.0,6.0,3.0,9.0,9.0,3.0,9.0,6.0,6.0,2.0,3.0,4.0,3.0,3.0,1
43,4,1,1,6,1,0,0,0,0,0,0,4,373.0,3.0,3.0,,10.0,Es seguro,10.0,7.0,10.0,11.0,6.0,11.0,11.0,11.0,11.0,11.0,11.0,11.0,11.0,11.0,11.0,11.0,10.0,1.0,1.0,1.0,1.0,1.0,5
43,4,1,12,3,1,1,0,0,1,0,0,5,382.0,3.0,3.0,,2.0,Tipos de interés abusivos,2.0,4.0,3.0,3.0,1.0,2.0,5.0,3.0,4.0,3.0,4.0,6.0,6.0,7.0,3.0,3.0,5.0,3.0,4.0,4.0,4.0,4.0,0
43,4,1,2,2,0,1,1,0,0,0,0,5,314.0,1.0,5.0,,8.0,No veo ningún aspecto en concreto en el que debiese mejorar,8.0,6.0,8.0,8.0,6.0,8.0,10.0,6.0,7.0,5.0,5.0,9.0,10.0,8.0,7.0,7.0,5.0,2.0,3.0,2.0,3.0,4.0,4
43,4,2,7,4,0,1,1,0,0,0,0,5,466.0,3.0,3.0,,9.0,Me ha facilitado la vida bastante.,9.0,7.0,9.0,9.0,4.0,9.0,8.0,10.0,10.0,9.0,9.0,9.0,10.0,9.0,9.0,10.0,8.0,1.0,2.0,1.0,2.0,2.0,4
43,4,1,15,2,0,1,0,0,0,1,0,5,994.0,4.0,1.0,,8.0,mejorar el precio,7.0,6.0,7.0,10.0,8.0,9.0,7.0,7.0,9.0,10.0,8.0,9.0,8.0,8.0,7.0,9.0,8.0,2.0,2.0,3.0,3.0,2.0,4
43,4,1,2,2,0,1,0,0,0,0,0,4,76.0,1.0,1.0,,10.0,Interés correcto,9.0,6.0,9.0,4.0,11.0,9.0,7.0,4.0,10.0,9.0,8.0,9.0,10.0,7.0,9.0,9.0,9.0,2.0,2.0,2.0,2.0,2.0,4
43,4,1,1,6,0,1,0,0,0,0,0,5,378.0,3.0,3.0,,9.0,Rapidez t facilidad,10.0,6.0,10.0,10.0,11.0,11.0,9.0,10.0,11.0,9.0,9.0,8.0,10.0,10.0,11.0,10.0,10.0,1.0,1.0,1.0,2.0,2.0,5
43,4,1,2,2,0,1,0,0,0,0,0,4,76.0,1.0,1.0,,9.0,El interes muy correcto,9.0,6.0,9.0,10.0,10.0,11.0,10.0,9.0,9.0,9.0,9.0,9.0,9.0,10.0,9.0,9.0,9.0,2.0,2.0,2.0,2.0,2.0,4
43,4,1,1,6,1,0,0,0,0,0,0,4,52.0,1.0,3.0,,8.0,Ninguno,9.0,7.0,8.0,10.0,10.0,10.0,10.0,10.0,10.0,9.0,10.0,10.0,10.0,10.0,10.0,10.0,9.0,2.0,2.0,2.0,4.0,3.0,3
43,4,1,15,2,1,1,1,0,0,0,0,5,466.0,3.0,3.0,,8.0,"Se ha quedado un poco obsoleto en el diseño de sus tiendas, debería mejor ese aspecto visual de la tienda",8.0,6.0,8.0,9.0,10.0,9.0,9.0,8.0,7.0,8.0,8.0,8.0,9.0,9.0,8.0,8.0,7.0,2.0,2.0,3.0,2.0,3.0,4
43,4,1,6,1,0,0,1,0,0,0,0,4,370.0,3.0,3.0,,7.0,Intereses altos,6.0,4.0,6.0,7.0,7.0,7.0,7.0,6.0,5.0,4.0,4.0,4.0,6.0,5.0,7.0,6.0,6.0,3.0,3.0,3.0,3.0,3.0,1
43,4,2,6,1,1,0,0,0,0,0,0,4,353.0,2.0,4.0,,8.0,Menos intereses,7.0,7.0,6.0,8.0,8.0,7.0,6.0,7.0,5.0,6.0,7.0,7.0,5.0,7.0,7.0,8.0,7.0,2.0,2.0,1.0,2.0,1.0,1
43,4,1,10,4,1,0,0,0,0,0,0,4,53.0,2.0,3.0,,4.0,Altas comisiones,5.0,5.0,6.0,7.0,4.0,5.0,5.0,4.0,3.0,4.0,1.0,3.0,4.0,2.0,4.0,5.0,5.0,4.0,4.0,4.0,4.0,4.0,0
43,4,1,10,4,0,0,0,1,0,0,0,4,126.0,5.0,1.0,,5.0,"No te dejan elegir en el concesionario, no tienes opción de elegir",5.0,4.0,5.0,1.0,6.0,1.0,6.0,6.0,1.0,1.0,1.0,6.0,6.0,5.0,1.0,1.0,5.0,4.0,4.0,4.0,4.0,4.0,0
43,4,2,6,1,1,0,0,0,0,0,0,4,348.0,1.0,4.0,,8.0,Menos intereses,7.0,6.0,7.0,8.0,7.0,6.0,8.0,6.0,8.0,8.0,6.0,8.0,8.0,8.0,7.0,8.0,8.0,1.0,2.0,1.0,1.0,2.0,4
43,4,2,10,4,1,0,0,0,0,0,0,5,78.0,5.0,1.0,,10.0,Bajo interés,8.0,6.0,8.0,9.0,10.0,10.0,11.0,9.0,8.0,10.0,11.0,9.0,10.0,4.0,10.0,8.0,8.0,2.0,3.0,2.0,2.0,2.0,4
43,4,1,10,4,0,0,0,0,1,0,0,4,135.0,2.0,,,5.0,Alto tipo de  interés,5.0,4.0,5.0,6.0,5.0,5.0,7.0,6.0,5.0,6.0,6.0,6.0,5.0,4.0,6.0,5.0,5.0,3.0,3.0,3.0,4.0,4.0,1
43,4,2,10,4,1,0,0,0,0,0,0,4,78.0,5.0,1.0,,8.0,Bajar intereses,8.0,6.0,8.0,9.0,7.0,7.0,11.0,9.0,8.0,9.0,6.0,8.0,10.0,9.0,8.0,10.0,8.0,2.0,2.0,3.0,2.0,1.0,4
43,4,2,10,4,1,0,0,0,0,0,0,4,76.0,1.0,5.0,,9.0,Buena financiación,9.0,6.0,9.0,10.0,9.0,10.0,9.0,8.0,8.0,8.0,9.0,8.0,8.0,9.0,8.0,9.0,8.0,2.0,2.0,2.0,2.0,2.0,4
43,4,2,14,2,0,0,0,1,0,1,0,5,412.0,4.0,1.0,,9.0,La rapidez,8.0,6.0,8.0,11.0,3.0,11.0,4.0,10.0,11.0,6.0,9.0,10.0,11.0,11.0,10.0,11.0,8.0,1.0,1.0,1.0,3.0,2.0,4
43,4,1,14,2,1,0,0,0,0,0,0,4,76.0,1.0,1.0,,0.0,"Cuando solicité mi hipoteca, me obligaron a contratar un seguro de vida carísimo que ahora sé que es ilegal.",2.0,7.0,0.0,1.0,1.0,1.0,11.0,2.0,1.0,6.0,4.0,11.0,10.0,1.0,1.0,7.0,5.0,3.0,4.0,3.0,3.0,4.0,0
43,4,2,14,2,1,0,0,1,0,0,0,5,76.0,1.0,2.0,,7.0,La comunicación,7.0,5.0,8.0,4.0,4.0,3.0,4.0,5.0,5.0,5.0,2.0,4.0,4.0,3.0,4.0,5.0,7.0,2.0,3.0,2.0,3.0,3.0,1
43,4,2,14,2,1,0,0,0,0,0,0,4,76.0,1.0,6.0,,7.0,Jwjjdjehejekdu,6.0,6.0,7.0,4.0,5.0,4.0,5.0,4.0,5.0,5.0,4.0,4.0,6.0,4.0,5.0,4.0,5.0,1.0,1.0,1.0,1.0,1.0,1
43,4,1,14,2,0,1,0,0,0,0,0,4,52.0,1.0,4.0,,8.0,Poner los intereses más bajos,8.0,6.0,8.0,8.0,7.0,8.0,9.0,9.0,8.0,10.0,8.0,9.0,9.0,8.0,8.0,8.0,8.0,2.0,3.0,3.0,2.0,3.0,4
43,4,1,14,2,0,1,0,0,0,0,0,4,52.0,1.0,4.0,,8.0,Proporcionando facilidades para avales ICO y comenzar con inversiones en criptomonedas,8.0,6.0,8.0,8.0,8.0,8.0,9.0,8.0,7.0,9.0,7.0,9.0,9.0,8.0,8.0,8.0,7.0,2.0,3.0,3.0,2.0,3.0,4
43,4,2,10,4,1,0,0,0,0,0,0,4,353.0,2.0,5.0,,10.0,Facilidad en los plazos,8.0,6.0,8.0,8.0,10.0,11.0,10.0,7.0,5.0,11.0,10.0,11.0,11.0,9.0,6.0,10.0,10.0,2.0,3.0,3.0,2.0,3.0,4
43,4,2,14,2,1,1,0,0,1,0,0,5,53.0,2.0,,,8.0,"Intereses, rapidez en la respuesta",9.0,7.0,8.0,9.0,9.0,10.0,10.0,9.0,8.0,9.0,8.0,9.0,9.0,10.0,10.0,7.0,8.0,1.0,3.0,3.0,2.0,2.0,4
43,4,2,9,5,0,1,0,1,0,0,0,5,475.0,4.0,1.0,,7.0,Bajar gastos,7.0,6.0,7.0,1.0,1.0,3.0,8.0,8.0,7.0,8.0,6.0,7.0,8.0,8.0,4.0,9.0,7.0,2.0,3.0,2.0,3.0,2.0,2
43,4,1,17,5,1,0,0,0,0,0,0,4,79.0,2.0,3.0,,9.0,Su rapidez a la hora de aprobar el credito,9.0,6.0,9.0,10.0,10.0,11.0,10.0,10.0,10.0,9.0,7.0,10.0,10.0,10.0,10.0,10.0,9.0,1.0,1.0,1.0,1.0,1.0,5
43,4,2,13,6,0,1,0,0,1,0,0,5,346.0,1.0,,,5.0,es mi banco principal,5.0,5.0,5.0,12.0,6.0,6.0,6.0,6.0,6.0,6.0,6.0,6.0,6.0,6.0,6.0,6.0,6.0,3.0,3.0,3.0,3.0,3.0,2
43,4,2,1,6,0,1,0,0,0,0,0,5,344.0,1.0,5.0,,10.0,Facilidad de aprobación,10.0,7.0,10.0,10.0,10.0,11.0,11.0,10.0,11.0,11.0,11.0,11.0,11.0,10.0,11.0,11.0,10.0,1.0,2.0,1.0,2.0,1.0,5
43,4,2,13,6,1,1,0,0,0,0,0,5,346.0,1.0,6.0,,8.0,no se,8.0,6.0,8.0,12.0,12.0,12.0,12.0,8.0,8.0,8.0,6.0,9.0,8.0,8.0,9.0,7.0,7.0,3.0,3.0,3.0,3.0,3.0,2
43,4,1,9,5,1,0,0,0,0,0,0,4,52.0,1.0,1.0,,6.0,Se pueden mejoras condiciones,6.0,4.0,6.0,7.0,7.0,7.0,7.0,7.0,7.0,7.0,6.0,7.0,7.0,6.0,7.0,7.0,6.0,3.0,4.0,4.0,3.0,4.0,2
43,4,1,1,6,0,1,0,0,0,0,0,4,135.0,2.0,3.0,,9.0,El visto bueno que dieron a la hora de solicitar el préstamo y su comodidad para pagar,10.0,7.0,10.0,11.0,11.0,11.0,11.0,10.0,10.0,10.0,10.0,10.0,11.0,10.0,10.0,10.0,10.0,1.0,1.0,1.0,1.0,1.0,5
43,4,1,2,2,1,0,1,0,0,0,0,5,378.0,3.0,3.0,,5.0,Cada uno allá con su economía,8.0,6.0,8.0,6.0,1.0,6.0,6.0,1.0,2.0,1.0,1.0,6.0,6.0,2.0,1.0,1.0,0.0,2.0,4.0,4.0,4.0,4.0,1
43,4,2,13,6,0,1,1,0,0,1,0,5,380.0,3.0,3.0,,10.0,Las buenas condiciones.,10.0,7.0,10.0,11.0,9.0,12.0,11.0,10.0,8.0,6.0,6.0,10.0,10.0,10.0,11.0,10.0,5.0,1.0,2.0,1.0,1.0,2.0,5
43,4,2,17,5,0,0,0,0,0,1,0,4,337.0,4.0,2.0,,8.0,"mensajes de que tu préstamo va a finalizar, vende el seguro...",8.0,6.0,8.0,9.0,9.0,9.0,9.0,8.0,8.0,8.0,8.0,8.0,8.0,9.0,9.0,9.0,6.0,2.0,2.0,2.0,2.0,2.0,2
43,4,2,12,3,1,1,1,1,0,1,0,5,337.0,4.0,1.0,,9.0,La rapidez con que se hace,9.0,7.0,9.0,10.0,9.0,10.0,10.0,9.0,9.0,10.0,7.0,9.0,10.0,10.0,10.0,9.0,9.0,2.0,1.0,2.0,1.0,2.0,4
43,4,1,11,1,1,0,0,0,0,0,0,4,348.0,1.0,5.0,,9.0,Lo fácil y rápido que fue hacerlo y el interés que se nos puso,9.0,7.0,9.0,11.0,10.0,10.0,11.0,10.0,10.0,11.0,10.0,11.0,10.0,10.0,11.0,11.0,10.0,1.0,1.0,1.0,1.0,2.0,3
43,4,2,12,3,0,0,0,0,0,1,0,5,412.0,4.0,1.0,,10.0,Sostenible,10.0,6.0,9.0,9.0,10.0,9.0,10.0,9.0,9.0,10.0,7.0,8.0,9.0,9.0,9.0,10.0,9.0,2.0,2.0,2.0,2.0,1.0,4
43,4,1,5,7,1,0,0,0,0,0,0,4,230.0,1.0,6.0,,7.0,Rapidez,8.0,5.0,7.0,7.0,8.0,7.0,8.0,8.0,7.0,8.0,6.0,8.0,9.0,8.0,9.0,8.0,8.0,2.0,3.0,3.0,3.0,2.0,2
43,4,2,17,5,1,0,0,0,0,0,0,4,53.0,2.0,6.0,,8.0,Bajar comisiones,10.0,7.0,9.0,11.0,11.0,11.0,11.0,11.0,11.0,11.0,11.0,11.0,11.0,11.0,9.0,9.0,10.0,1.0,1.0,1.0,1.0,2.0,5
44,4,2,4,5,0,1,0,0,0,0,0,4,43.0,1.0,3.0,,10.0,Atencion personalizada con una persona,9.0,7.0,9.0,11.0,12.0,11.0,11.0,10.0,10.0,7.0,6.0,11.0,11.0,10.0,10.0,10.0,5.0,1.0,2.0,2.0,2.0,3.0,5
44,4,1,8,4,1,0,0,0,0,0,0,5,126.0,5.0,2.0,,6.0,Si,6.0,4.0,7.0,4.0,3.0,6.0,6.0,6.0,5.0,4.0,3.0,3.0,3.0,4.0,4.0,6.0,6.0,4.0,4.0,4.0,4.0,4.0,1
44,4,1,2,2,0,1,0,1,0,0,0,5,353.0,2.0,1.0,,10.0,La facilidad de apertura,10.0,7.0,10.0,11.0,11.0,11.0,11.0,10.0,10.0,10.0,10.0,11.0,10.0,9.0,9.0,10.0,10.0,2.0,2.0,2.0,1.0,2.0,3
44,4,1,2,2,0,0,1,0,0,0,0,4,373.0,3.0,3.0,,9.0,Facilidad de compra al hacerlo,9.0,6.0,9.0,7.0,7.0,9.0,9.0,10.0,9.0,9.0,8.0,9.0,10.0,9.0,9.0,9.0,8.0,2.0,2.0,1.0,3.0,1.0,4
44,4,1,1,6,0,0,0,1,0,0,0,4,412.0,4.0,2.0,,8.0,Atención al cliente,8.0,6.0,8.0,10.0,10.0,10.0,10.0,10.0,9.0,8.0,8.0,10.0,9.0,10.0,10.0,10.0,9.0,1.0,2.0,2.0,1.0,2.0,5
44,4,1,2,2,0,1,0,0,0,0,0,5,222.0,1.0,3.0,,8.0,"Miran mucho por ellos, no te dan facilidades",5.0,4.0,6.0,6.0,7.0,6.0,5.0,6.0,6.0,6.0,5.0,6.0,6.0,5.0,6.0,6.0,6.0,2.0,3.0,2.0,2.0,2.0,1
44,4,1,16,2,1,1,0,0,0,1,0,5,44.0,2.0,3.0,,7.0,Agilidad en los trámites,7.0,5.0,8.0,7.0,6.0,7.0,9.0,6.0,6.0,6.0,6.0,7.0,8.0,7.0,6.0,7.0,6.0,2.0,3.0,3.0,3.0,3.0,1
44,4,1,4,5,1,0,0,1,0,0,0,5,76.0,1.0,5.0,,6.0,Seguros de coacción,6.0,5.0,4.0,3.0,2.0,2.0,3.0,4.0,1.0,5.0,5.0,3.0,3.0,3.0,5.0,10.0,5.0,4.0,4.0,3.0,3.0,4.0,0
44,4,1,10,4,1,0,0,0,0,1,0,5,467.0,5.0,1.0,,5.0,4,5.0,5.0,5.0,7.0,9.0,7.0,8.0,7.0,8.0,8.0,7.0,8.0,7.0,7.0,5.0,8.0,6.0,2.0,2.0,2.0,3.0,1.0,2
44,4,2,14,2,0,0,0,0,0,1,0,4,126.0,2.0,1.0,,8.0,Mandar notificaciones menssuales,8.0,6.0,8.0,9.0,8.0,9.0,10.0,7.0,8.0,4.0,6.0,9.0,8.0,10.0,8.0,10.0,5.0,1.0,3.0,3.0,2.0,3.0,4
44,4,2,4,5,0,1,0,0,0,0,0,4,76.0,1.0,6.0,,6.0,La deuda se acumula rápidamente,5.0,5.0,7.0,9.0,5.0,9.0,10.0,7.0,6.0,4.0,5.0,9.0,9.0,9.0,8.0,8.0,6.0,2.0,3.0,2.0,3.0,3.0,2
44,4,2,14,2,0,1,1,0,1,0,0,5,266.0,3.0,5.0,,6.0,Porque tardan mucho en contestar a las dudas por teléfono,6.0,3.0,6.0,8.0,4.0,6.0,9.0,8.0,8.0,6.0,6.0,5.0,8.0,8.0,8.0,7.0,7.0,2.0,3.0,3.0,3.0,3.0,1
44,4,2,14,2,0,1,1,0,1,1,0,5,370.0,3.0,3.0,,9.0,La amabilidad que me dedicó la chica q formalizó la venta,9.0,6.0,8.0,7.0,8.0,9.0,6.0,9.0,10.0,8.0,10.0,10.0,11.0,7.0,10.0,9.0,8.0,2.0,3.0,2.0,2.0,2.0,4
44,4,2,8,4,1,1,0,0,1,1,0,5,469.0,5.0,1.0,,7.0,Que cobren menos comisiones,7.0,5.0,7.0,8.0,8.0,7.0,8.0,8.0,8.0,7.0,6.0,5.0,9.0,8.0,8.0,8.0,7.0,4.0,3.0,3.0,3.0,4.0,2
44,4,2,9,5,0,1,0,0,0,0,0,5,43.0,1.0,1.0,,9.0,me gusta ese banco,9.0,6.0,9.0,10.0,10.0,10.0,10.0,10.0,10.0,10.0,10.0,10.0,9.0,8.0,10.0,10.0,9.0,1.0,1.0,1.0,1.0,1.0,5
44,4,2,11,1,0,0,0,1,0,0,0,4,353.0,5.0,1.0,,5.0,intereses altos,5.0,5.0,5.0,8.0,9.0,8.0,7.0,9.0,8.0,7.0,6.0,7.0,8.0,6.0,7.0,8.0,6.0,2.0,2.0,3.0,2.0,3.0,1
44,4,1,1,6,1,1,0,1,0,0,0,5,353.0,5.0,1.0,,7.0,en la imparcialidad,8.0,6.0,8.0,8.0,8.0,9.0,9.0,7.0,7.0,8.0,7.0,9.0,9.0,9.0,9.0,8.0,7.0,1.0,1.0,3.0,2.0,2.0,2
44,4,1,12,3,0,0,0,1,0,0,0,4,353.0,5.0,1.0,,10.0,Los intereses bajos,10.0,6.0,10.0,11.0,10.0,10.0,11.0,10.0,10.0,11.0,10.0,10.0,11.0,10.0,10.0,10.0,10.0,1.0,1.0,1.0,1.0,2.0,4
44,4,1,12,3,1,0,0,0,0,0,0,4,126.0,2.0,3.0,,9.0,puedo financiar una compra de un electrodoméstico facilmente,9.0,6.0,9.0,10.0,6.0,10.0,11.0,9.0,9.0,11.0,11.0,11.0,11.0,10.0,10.0,11.0,10.0,1.0,2.0,2.0,3.0,3.0,4
44,4,2,17,5,1,0,0,0,0,0,0,4,230.0,1.0,1.0,,8.0,esta todo bien,8.0,5.0,8.0,8.0,9.0,8.0,8.0,6.0,9.0,6.0,9.0,8.0,7.0,8.0,7.0,8.0,7.0,3.0,3.0,3.0,3.0,3.0,2
44,4,1,2,2,1,0,1,0,0,0,0,5,369.0,3.0,3.0,,9.0,"La facilidad de la financiación, sin intereses",10.0,7.0,10.0,11.0,12.0,11.0,11.0,11.0,10.0,11.0,9.0,11.0,11.0,11.0,11.0,10.0,10.0,1.0,3.0,1.0,1.0,3.0,3
44,4,1,1,6,1,0,0,0,1,0,0,5,79.0,2.0,,,9.0,El prestigio y la seguridad,9.0,6.0,9.0,10.0,8.0,9.0,9.0,10.0,9.0,8.0,9.0,9.0,11.0,10.0,9.0,9.0,8.0,3.0,3.0,2.0,2.0,2.0,3
44,4,2,5,7,0,0,1,0,0,0,0,4,369.0,3.0,3.0,,8.0,En bajar los intereses que son abusivos,7.0,6.0,7.0,6.0,6.0,6.0,9.0,6.0,7.0,6.0,6.0,10.0,11.0,6.0,6.0,10.0,4.0,4.0,4.0,4.0,4.0,4.0,1
44,4,1,9,5,0,1,1,0,0,0,0,5,334.0,3.0,3.0,,8.0,Funciona muy bien,8.0,6.0,6.0,7.0,9.0,8.0,10.0,8.0,9.0,7.0,7.0,7.0,8.0,9.0,10.0,8.0,7.0,2.0,3.0,2.0,2.0,1.0,1
44,4,2,2,2,1,1,0,1,0,0,0,5,392.0,4.0,1.0,,8.0,No sabría decirte,7.0,6.0,7.0,9.0,9.0,7.0,8.0,10.0,8.0,7.0,8.0,7.0,6.0,7.0,8.0,7.0,7.0,2.0,3.0,2.0,2.0,2.0,4
44,4,2,1,6,0,1,0,0,0,0,0,4,79.0,2.0,3.0,,10.0,Trato,7.0,7.0,7.0,8.0,8.0,8.0,8.0,6.0,6.0,6.0,6.0,6.0,7.0,6.0,6.0,6.0,7.0,2.0,3.0,3.0,2.0,2.0,2
44,4,1,1,6,1,1,1,0,0,0,0,5,227.0,3.0,3.0,,8.0,Lo veo todo bien. Quizá el precio aunque es algo general,8.0,6.0,8.0,9.0,6.0,9.0,10.0,7.0,6.0,7.0,6.0,6.0,7.0,8.0,8.0,8.0,6.0,2.0,2.0,2.0,2.0,2.0,1
44,4,2,12,3,1,1,0,0,0,0,0,5,230.0,1.0,1.0,,10.0,"Facilidad de uso, inmediatez. Poder operar 24x7",10.0,6.0,10.0,7.0,6.0,7.0,10.0,9.0,7.0,6.0,9.0,10.0,9.0,6.0,4.0,6.0,8.0,3.0,3.0,2.0,3.0,4.0,4
44,4,1,1,6,1,0,0,0,0,0,0,4,381.0,3.0,3.0,,10.0,Muchas,10.0,7.0,10.0,11.0,11.0,11.0,11.0,11.0,11.0,11.0,11.0,11.0,10.0,10.0,10.0,11.0,10.0,1.0,1.0,1.0,1.0,1.0,5
44,4,2,17,5,1,1,0,1,0,1,0,5,392.0,4.0,1.0,,10.0,El servicio y el trato fueron excelentes,10.0,6.0,10.0,10.0,6.0,10.0,9.0,10.0,10.0,9.0,9.0,11.0,11.0,11.0,11.0,10.0,9.0,1.0,1.0,1.0,1.0,2.0,5
44,4,2,12,3,1,1,0,0,0,0,0,5,53.0,2.0,5.0,,10.0,De lo malo es el mejor,10.0,6.0,8.0,10.0,11.0,11.0,10.0,8.0,9.0,10.0,10.0,10.0,10.0,9.0,11.0,11.0,9.0,1.0,2.0,1.0,2.0,1.0,4
44,4,2,12,3,1,0,1,0,0,0,0,5,126.0,2.0,7.0,Estudios universitarios,7.0,Menor comisión,7.0,4.0,7.0,6.0,6.0,6.0,8.0,4.0,2.0,6.0,6.0,6.0,9.0,6.0,6.0,8.0,6.0,2.0,3.0,3.0,2.0,3.0,1
44,4,2,11,1,0,1,0,0,0,0,0,4,126.0,2.0,7.0,Por poder hacer reservas,5.0,Si utilizas con financiación es caro,5.0,4.0,5.0,12.0,3.0,12.0,12.0,6.0,6.0,4.0,11.0,6.0,6.0,6.0,7.0,1.0,5.0,3.0,4.0,3.0,4.0,4.0,1
44,4,1,9,5,1,0,0,0,0,0,0,4,126.0,2.0,3.0,,7.0,La atención al cliente,5.0,4.0,6.0,7.0,6.0,8.0,7.0,5.0,6.0,8.0,4.0,5.0,5.0,5.0,6.0,5.0,6.0,3.0,4.0,2.0,3.0,4.0,1
44,4,2,12,3,1,0,0,0,0,0,0,5,126.0,2.0,4.0,,6.0,Altos intereses y persecución al cliente para que contrate productos,5.0,4.0,6.0,6.0,6.0,6.0,6.0,6.0,6.0,6.0,6.0,6.0,9.0,6.0,6.0,8.0,5.0,3.0,4.0,4.0,4.0,4.0,1
45,5,2,9,5,1,0,0,0,0,0,0,5,135.0,2.0,5.0,,10.0,ME DAN FACILIDAD PARA PAGAR,10.0,7.0,10.0,11.0,11.0,11.0,11.0,11.0,11.0,11.0,11.0,11.0,11.0,11.0,11.0,1.0,10.0,1.0,2.0,1.0,1.0,2.0,5
45,5,2,9,5,1,1,0,0,0,0,0,5,314.0,1.0,5.0,,8.0,Nada,8.0,6.0,8.0,8.0,8.0,8.0,8.0,9.0,9.0,9.0,9.0,9.0,8.0,8.0,8.0,7.0,8.0,3.0,3.0,3.0,3.0,3.0,1
45,5,1,8,4,0,0,0,1,0,0,0,4,994.0,4.0,1.0,,8.0,Sobre garantia,8.0,6.0,8.0,10.0,10.0,10.0,8.0,9.0,10.0,9.0,8.0,10.0,10.0,9.0,8.0,8.0,9.0,2.0,2.0,2.0,3.0,3.0,5
45,5,2,5,7,0,0,1,0,0,0,0,4,370.0,3.0,3.0,,7.0,La verdad es que funciona perfectamente,6.0,6.0,7.0,10.0,8.0,9.0,10.0,6.0,9.0,8.0,8.0,10.0,9.0,10.0,9.0,9.0,8.0,1.0,1.0,1.0,2.0,2.0,5
45,5,1,9,5,0,0,1,0,0,0,0,4,407.0,3.0,3.0,,8.0,Rapidez,9.0,6.0,8.0,10.0,9.0,12.0,10.0,8.0,5.0,9.0,6.0,7.0,8.0,8.0,8.0,9.0,8.0,2.0,2.0,1.0,1.0,2.0,5
45,5,1,13,6,1,0,0,1,1,0,0,5,337.0,4.0,1.0,,9.0,La comodidad en el pago cuoutas,10.0,7.0,10.0,11.0,11.0,11.0,11.0,10.0,10.0,10.0,10.0,10.0,10.0,10.0,10.0,10.0,10.0,1.0,1.0,1.0,1.0,1.0,3
45,5,2,12,3,0,1,0,0,1,0,0,5,222.0,1.0,,,7.0,Los intetess,7.0,5.0,7.0,6.0,5.0,4.0,6.0,6.0,6.0,6.0,5.0,5.0,6.0,5.0,7.0,6.0,7.0,1.0,3.0,1.0,2.0,2.0,1
45,5,1,1,6,0,0,0,1,0,0,0,4,126.0,5.0,2.0,,6.0,El tipo de interés es bastante elevado.,7.0,5.0,6.0,8.0,7.0,8.0,8.0,8.0,6.0,6.0,6.0,9.0,9.0,7.0,7.0,6.0,5.0,3.0,3.0,3.0,3.0,3.0,1
45,5,2,12,3,0,1,0,0,0,0,0,4,76.0,1.0,3.0,,10.0,"sencillo , rapido, comodo , practico ,",10.0,7.0,10.0,11.0,11.0,11.0,11.0,11.0,11.0,11.0,11.0,11.0,11.0,11.0,11.0,11.0,10.0,1.0,1.0,1.0,1.0,1.0,3
45,5,1,12,3,1,1,0,0,0,0,0,5,469.0,5.0,1.0,,7.0,Menos intereses,7.0,6.0,7.0,6.0,9.0,6.0,6.0,7.0,6.0,5.0,4.0,6.0,7.0,5.0,7.0,7.0,7.0,3.0,3.0,3.0,3.0,3.0,1
45,5,2,12,3,1,0,0,0,0,0,0,4,76.0,1.0,7.0,Demtista,10.0,Son amables y seviciales,10.0,7.0,10.0,11.0,8.0,11.0,11.0,11.0,11.0,11.0,11.0,11.0,11.0,11.0,11.0,11.0,10.0,2.0,2.0,2.0,2.0,2.0,3
45,5,1,1,6,1,0,1,1,0,0,0,5,469.0,5.0,2.0,,8.0,Interés,7.0,5.0,7.0,8.0,9.0,8.0,9.0,8.0,9.0,7.0,8.0,8.0,9.0,7.0,8.0,8.0,7.0,2.0,3.0,2.0,2.0,2.0,2
45,5,2,12,3,1,0,0,1,0,0,0,5,994.0,4.0,1.0,,7.0,En el servicio de atención sl cliente,7.0,6.0,7.0,8.0,10.0,9.0,9.0,7.0,8.0,9.0,8.0,7.0,8.0,7.0,9.0,8.0,8.0,3.0,2.0,3.0,3.0,3.0,4
45,5,2,1,6,0,1,1,0,0,0,0,5,382.0,3.0,3.0,,10.0,Los pagos son totalmente fiables,10.0,7.0,10.0,11.0,8.0,11.0,11.0,10.0,10.0,10.0,11.0,11.0,10.0,10.0,10.0,11.0,9.0,1.0,1.0,1.0,2.0,1.0,5
45,5,1,1,6,0,0,0,1,0,0,0,4,991.0,1.0,1.0,,10.0,"La falta de comisiones, el trato y las soluciones que ofrecen",10.0,7.0,10.0,11.0,4.0,4.0,11.0,11.0,8.0,11.0,8.0,11.0,11.0,11.0,9.0,11.0,10.0,1.0,1.0,1.0,1.0,2.0,3
45,5,1,1,6,1,0,0,1,0,0,0,5,126.0,5.0,1.0,,7.0,no lo se,6.0,5.0,6.0,9.0,7.0,7.0,8.0,7.0,8.0,7.0,8.0,7.0,6.0,7.0,8.0,6.0,7.0,3.0,2.0,3.0,3.0,3.0,1
45,5,2,1,6,0,1,0,0,0,0,0,5,283.0,3.0,5.0,,10.0,La compra,10.0,7.0,10.0,11.0,11.0,11.0,11.0,11.0,11.0,11.0,11.0,11.0,11.0,11.0,11.0,11.0,10.0,1.0,1.0,1.0,1.0,1.0,5
45,5,1,13,6,0,0,0,1,0,1,0,5,412.0,4.0,1.0,,5.0,Precio,5.0,5.0,5.0,6.0,6.0,5.0,9.0,8.0,3.0,7.0,6.0,6.0,6.0,6.0,5.0,5.0,5.0,3.0,3.0,3.0,3.0,3.0,1
45,5,2,4,5,1,1,0,1,0,0,0,5,76.0,1.0,1.0,,7.0,Que pedir una hipoteca no sea tan difícil,7.0,5.0,7.0,6.0,7.0,7.0,8.0,7.0,7.0,9.0,6.0,7.0,8.0,7.0,10.0,7.0,7.0,2.0,3.0,2.0,3.0,3.0,2
45,5,1,1,6,0,1,0,0,0,0,0,5,135.0,2.0,1.0,,10.0,Su humildad,9.0,7.0,10.0,11.0,11.0,1.0,11.0,10.0,11.0,10.0,11.0,9.0,10.0,10.0,10.0,10.0,9.0,1.0,1.0,1.0,1.0,3.0,5
45,5,2,7,4,1,1,0,0,0,0,0,5,52.0,1.0,3.0,,9.0,Buena atención al cliente y buenas condiciones financieras.,9.0,6.0,9.0,9.0,10.0,9.0,10.0,10.0,10.0,10.0,10.0,10.0,9.0,9.0,9.0,10.0,9.0,2.0,2.0,2.0,2.0,2.0,5
45,5,2,10,4,1,0,0,0,0,1,0,5,353.0,5.0,1.0,,6.0,las comisiones son bastante elevadas,6.0,5.0,6.0,7.0,5.0,6.0,7.0,7.0,6.0,7.0,9.0,6.0,7.0,6.0,8.0,9.0,7.0,3.0,2.0,2.0,3.0,3.0,1
45,5,1,10,4,0,0,0,0,1,0,0,5,52.0,1.0,,,7.0,la calidad y el tiempo,6.0,5.0,7.0,8.0,8.0,7.0,8.0,7.0,9.0,8.0,8.0,8.0,7.0,8.0,9.0,7.0,6.0,3.0,3.0,2.0,2.0,3.0,2
45,5,2,10,4,0,0,0,1,0,0,0,4,52.0,5.0,1.0,,6.0,calidad,7.0,5.0,5.0,12.0,6.0,7.0,8.0,8.0,9.0,8.0,7.0,6.0,10.0,7.0,6.0,9.0,6.0,3.0,2.0,2.0,3.0,3.0,1
45,5,1,10,4,0,0,1,0,0,0,0,4,296.0,3.0,3.0,,8.0,Está bien así.,8.0,6.0,8.0,9.0,9.0,9.0,9.0,9.0,9.0,9.0,9.0,9.0,9.0,9.0,9.0,9.0,8.0,3.0,3.0,3.0,3.0,3.0,3
45,5,1,4,5,1,1,1,0,0,0,0,5,348.0,1.0,6.0,,8.0,"Trato más directo con el cliente, no tanta IA y no hablar con un ordenador. Más seguridad en ciberataque.",8.0,6.0,8.0,8.0,7.0,7.0,10.0,8.0,6.0,6.0,8.0,8.0,6.0,7.0,5.0,8.0,6.0,3.0,3.0,4.0,4.0,4.0,1
45,5,1,15,2,1,0,0,0,0,0,0,4,418.0,2.0,3.0,,10.0,su facilidad y su rapidez tramitando,10.0,7.0,10.0,11.0,9.0,11.0,10.0,11.0,11.0,11.0,11.0,11.0,10.0,11.0,11.0,11.0,10.0,1.0,1.0,1.0,1.0,1.0,3
45,5,1,10,4,0,0,0,0,1,0,0,5,222.0,1.0,,,8.0,En el servicio,8.0,6.0,8.0,9.0,9.0,10.0,9.0,9.0,10.0,9.0,7.0,9.0,9.0,9.0,9.0,9.0,8.0,2.0,2.0,2.0,2.0,2.0,5
45,5,1,10,4,0,0,0,1,0,0,0,4,348.0,1.0,1.0,,9.0,Fácil contratación y además es mi banco habitual,10.0,6.0,9.0,11.0,9.0,10.0,11.0,11.0,9.0,11.0,10.0,9.0,10.0,10.0,9.0,10.0,9.0,1.0,1.0,1.0,2.0,1.0,5
45,5,1,10,4,0,0,0,1,0,0,0,4,348.0,1.0,2.0,,9.0,Buenos intereses,9.0,5.0,9.0,10.0,11.0,9.0,10.0,10.0,10.0,9.0,10.0,9.0,10.0,11.0,10.0,10.0,9.0,2.0,2.0,2.0,2.0,2.0,5
45,5,1,10,4,1,0,0,0,1,0,0,5,52.0,1.0,,,8.0,La verdad es que todo bien,7.0,5.0,8.0,9.0,8.0,10.0,9.0,10.0,9.0,8.0,7.0,3.0,4.0,9.0,9.0,10.0,9.0,2.0,2.0,2.0,3.0,2.0,2
45,5,2,14,2,0,1,0,0,0,0,0,5,346.0,1.0,2.0,,10.0,Asesoramiento,10.0,7.0,10.0,11.0,10.0,11.0,11.0,11.0,11.0,10.0,11.0,11.0,11.0,11.0,11.0,10.0,9.0,1.0,1.0,1.0,1.0,1.0,3
45,5,2,15,2,1,1,0,0,1,0,0,5,266.0,3.0,4.0,,7.0,mejores prestaciones,8.0,6.0,7.0,8.0,8.0,9.0,8.0,8.0,9.0,10.0,9.0,9.0,7.0,8.0,9.0,10.0,8.0,2.0,1.0,2.0,2.0,3.0,4
45,5,2,15,2,0,1,0,0,0,1,0,5,78.0,5.0,1.0,,10.0,rapidez en la transaccion,10.0,7.0,10.0,8.0,8.0,8.0,8.0,11.0,11.0,11.0,8.0,11.0,11.0,11.0,11.0,11.0,10.0,1.0,1.0,1.0,1.0,1.0,3
45,5,2,15,2,0,0,0,0,1,0,0,4,258.0,1.0,,,3.0,Nos cobran muchas comisiones y es difícil contactar con ellos,3.0,3.0,2.0,4.0,6.0,4.0,11.0,8.0,6.0,6.0,4.0,6.0,8.0,4.0,3.0,5.0,3.0,3.0,4.0,4.0,4.0,4.0,0
45,5,1,7,4,0,0,0,0,1,0,0,4,52.0,1.0,,,8.0,Información,8.0,3.0,7.0,4.0,6.0,4.0,5.0,9.0,8.0,9.0,7.0,8.0,9.0,6.0,10.0,9.0,8.0,2.0,2.0,1.0,2.0,2.0,2
45,5,1,1,6,1,0,0,1,0,0,0,5,126.0,5.0,1.0,,7.0,Bajar los intereses,6.0,6.0,6.0,6.0,5.0,6.0,7.0,6.0,5.0,6.0,3.0,8.0,8.0,6.0,8.0,7.0,5.0,3.0,4.0,3.0,4.0,4.0,2
45,5,2,5,7,0,1,0,0,0,1,0,5,52.0,1.0,1.0,,10.0,Fácil acceso a todos sus productos.,10.0,7.0,10.0,10.0,12.0,10.0,11.0,10.0,8.0,10.0,10.0,11.0,9.0,10.0,10.0,10.0,10.0,3.0,2.0,3.0,3.0,3.0,5
45,5,1,11,1,0,0,1,0,0,0,0,5,171.0,3.0,3.0,,10.0,Facilidad en la contratación,9.0,6.0,8.0,8.0,6.0,10.0,11.0,7.0,8.0,7.0,6.0,9.0,10.0,6.0,9.0,7.0,5.0,2.0,2.0,2.0,2.0,2.0,3
45,5,2,9,5,1,0,0,0,0,0,0,5,346.0,1.0,5.0,,10.0,facilidad rapidez atencion personalizada,10.0,7.0,10.0,11.0,11.0,11.0,11.0,11.0,11.0,11.0,11.0,11.0,11.0,11.0,11.0,11.0,10.0,1.0,1.0,1.0,1.0,1.0,5
45,5,2,17,5,1,1,0,1,0,0,0,5,412.0,4.0,1.0,,8.0,Me parece que funcionan bastante bien,9.0,7.0,9.0,9.0,2.0,9.0,11.0,10.0,9.0,7.0,7.0,10.0,10.0,8.0,9.0,11.0,7.0,2.0,2.0,2.0,3.0,3.0,5
45,5,1,9,5,0,1,0,1,0,0,0,5,53.0,2.0,1.0,,9.0,Facilidad para acceder al prestamo,9.0,6.0,9.0,10.0,10.0,9.0,10.0,10.0,10.0,10.0,9.0,9.0,10.0,10.0,10.0,9.0,10.0,2.0,2.0,1.0,2.0,1.0,5
45,5,1,1,6,0,0,0,0,1,0,0,5,53.0,2.0,,,7.0,Haciendo más publicidad de sus productos,7.0,5.0,7.0,8.0,9.0,8.0,10.0,8.0,9.0,9.0,8.0,8.0,8.0,8.0,8.0,8.0,7.0,2.0,2.0,2.0,3.0,2.0,1
45,5,2,1,6,1,0,0,0,0,1,0,5,126.0,2.0,1.0,,8.0,Acelerar un poco los trámites,8.0,6.0,8.0,10.0,12.0,7.0,10.0,9.0,6.0,6.0,6.0,10.0,10.0,9.0,6.0,9.0,5.0,1.0,3.0,2.0,3.0,4.0,2
45,5,2,11,1,0,0,0,1,0,0,0,4,353.0,5.0,2.0,,1.0,Altisimos intereses fraudulentos,1.0,2.0,1.0,2.0,6.0,1.0,6.0,2.0,1.0,4.0,4.0,5.0,1.0,2.0,1.0,3.0,2.0,3.0,4.0,4.0,4.0,4.0,0
45,5,1,9,5,0,0,0,0,0,1,0,4,475.0,4.0,1.0,,0.0,calidad de sus productos,0.0,3.0,0.0,5.0,12.0,1.0,5.0,3.0,1.0,1.0,1.0,7.0,7.0,1.0,1.0,1.0,0.0,4.0,4.0,3.0,4.0,4.0,0
45,5,2,1,6,0,1,1,0,0,0,0,5,370.0,3.0,3.0,,9.0,Rapidez,9.0,7.0,9.0,9.0,7.0,10.0,9.0,3.0,7.0,2.0,1.0,7.0,9.0,7.0,8.0,7.0,5.0,3.0,4.0,4.0,4.0,4.0,2
45,5,2,12,3,1,0,0,0,0,0,0,4,230.0,1.0,4.0,,10.0,Trámites fáciles y todo online,10.0,7.0,10.0,6.0,9.0,11.0,11.0,11.0,11.0,11.0,11.0,11.0,11.0,9.0,9.0,9.0,9.0,2.0,2.0,2.0,3.0,3.0,3
45,5,1,11,1,0,1,1,0,0,0,0,5,371.0,3.0,3.0,,6.0,Es clara en las condiciones,7.0,5.0,6.0,6.0,4.0,5.0,6.0,7.0,9.0,6.0,7.0,6.0,7.0,7.0,9.0,6.0,6.0,2.0,2.0,2.0,2.0,3.0,1
45,5,2,9,5,1,1,0,0,0,1,0,5,230.0,1.0,7.0,,10.0,El suporte informativo,10.0,7.0,10.0,11.0,12.0,11.0,12.0,11.0,11.0,1.0,11.0,11.0,11.0,11.0,10.0,10.0,10.0,1.0,1.0,1.0,1.0,1.0,5
45,5,2,12,3,0,0,0,1,0,0,0,4,392.0,4.0,1.0,,8.0,Una atención más personalizada y más generosidad en las prestaciones,9.0,5.0,9.0,8.0,6.0,8.0,7.0,8.0,7.0,6.0,7.0,7.0,8.0,6.0,8.0,5.0,8.0,2.0,3.0,2.0,3.0,2.0,1
45,5,1,10,4,0,0,0,0,0,1,0,4,392.0,4.0,1.0,,6.0,"Supongo que habrá en el mercado opciones de mejores condiciones, pero era urgente la adquisición de un nuevo vehículo mediante leasing para la familia",6.0,5.0,6.0,5.0,10.0,8.0,9.0,6.0,4.0,7.0,7.0,10.0,10.0,9.0,5.0,6.0,3.0,2.0,3.0,4.0,3.0,4.0,1
45,5,2,12,3,1,0,0,0,0,1,0,5,337.0,4.0,1.0,,9.0,Transparentes,9.0,7.0,9.0,10.0,6.0,10.0,9.0,10.0,10.0,6.0,8.0,10.0,10.0,10.0,10.0,10.0,9.0,1.0,1.0,2.0,3.0,2.0,3
45,5,1,1,6,0,1,0,0,0,0,0,4,348.0,1.0,3.0,,8.0,En la atencion en las oficinas,8.0,6.0,8.0,9.0,8.0,9.0,11.0,10.0,9.0,9.0,10.0,10.0,11.0,9.0,9.0,10.0,8.0,1.0,2.0,2.0,2.0,1.0,3
45,5,1,12,3,0,1,1,0,0,0,0,5,370.0,3.0,3.0,,10.0,ofrece descuentos para gasolina y productos de marca,10.0,7.0,10.0,8.0,10.0,9.0,10.0,9.0,8.0,11.0,10.0,10.0,9.0,9.0,8.0,11.0,10.0,1.0,2.0,2.0,2.0,2.0,1
45,5,1,1,6,1,0,0,0,0,1,0,5,348.0,1.0,1.0,,7.0,menos pedir seguros aparte para darte mejores intereses,6.0,4.0,6.0,4.0,7.0,7.0,9.0,5.0,4.0,5.0,5.0,6.0,7.0,6.0,6.0,7.0,4.0,3.0,4.0,4.0,3.0,4.0,1
45,5,1,1,6,0,0,1,0,0,0,0,4,164.0,3.0,3.0,,5.0,No me gusta financiar,5.0,3.0,5.0,5.0,7.0,5.0,4.0,7.0,7.0,6.0,5.0,6.0,1.0,6.0,6.0,6.0,6.0,3.0,3.0,4.0,3.0,4.0,1
45,5,1,17,5,0,0,1,0,0,0,0,4,369.0,3.0,3.0,,9.0,La facilidad de hacer la gestión,9.0,7.0,10.0,11.0,11.0,11.0,11.0,9.0,9.0,11.0,9.0,9.0,11.0,11.0,11.0,11.0,9.0,1.0,2.0,1.0,1.0,1.0,5
45,5,1,1,6,1,0,0,1,0,0,0,5,469.0,5.0,1.0,,10.0,Facilidad,10.0,7.0,10.0,11.0,8.0,11.0,11.0,11.0,11.0,11.0,11.0,11.0,11.0,11.0,11.0,11.0,10.0,1.0,1.0,1.0,1.0,1.0,3
45,5,2,1,6,1,0,0,0,0,0,0,4,126.0,2.0,6.0,,7.0,En el pago,7.0,5.0,7.0,8.0,9.0,8.0,7.0,9.0,9.0,9.0,7.0,6.0,8.0,9.0,7.0,8.0,7.0,2.0,2.0,2.0,2.0,2.0,1
46,5,2,9,5,1,0,0,0,0,0,0,4,348.0,1.0,2.0,,9.0,rapidez en el trámite,8.0,7.0,8.0,8.0,12.0,12.0,12.0,7.0,6.0,8.0,6.0,7.0,6.0,6.0,6.0,6.0,5.0,3.0,3.0,4.0,4.0,4.0,2
46,5,1,9,5,1,0,1,0,1,0,0,5,52.0,5.0,1.0,,9.0,Financiacion,9.0,7.0,10.0,10.0,10.0,9.0,10.0,9.0,10.0,9.0,10.0,9.0,11.0,10.0,9.0,10.0,9.0,1.0,1.0,1.0,2.0,2.0,5
46,5,2,7,4,0,1,0,0,0,0,0,4,348.0,1.0,6.0,,10.0,Son muy atentos y me resuelve cualquier duda que tenga,10.0,7.0,10.0,1.0,1.0,1.0,1.0,1.0,1.0,1.0,1.0,1.0,1.0,1.0,1.0,1.0,10.0,1.0,2.0,1.0,1.0,1.0,1
46,5,1,12,3,1,1,0,0,0,0,0,5,43.0,1.0,6.0,,8.0,eliminar las tarjetas revolving,8.0,6.0,9.0,9.0,11.0,10.0,10.0,9.0,7.0,10.0,9.0,10.0,11.0,6.0,6.0,7.0,7.0,3.0,3.0,4.0,2.0,3.0,3
46,5,2,11,1,1,0,0,0,0,0,0,4,5.0,1.0,3.0,,10.0,Su atención y buen servicio además de la cercanía,9.0,6.0,9.0,10.0,11.0,11.0,10.0,9.0,9.0,9.0,8.0,7.0,9.0,10.0,9.0,10.0,9.0,1.0,1.0,1.0,1.0,1.0,3
46,5,2,1,6,1,1,0,0,0,0,0,5,78.0,2.0,3.0,,7.0,"Bajaría los tipos de intereses, son muy altos",5.0,5.0,5.0,6.0,9.0,7.0,11.0,5.0,4.0,9.0,4.0,8.0,9.0,5.0,4.0,6.0,4.0,3.0,4.0,4.0,4.0,3.0,1
46,5,1,11,1,1,1,0,0,1,0,0,5,76.0,1.0,5.0,,7.0,En muchos sobre todo los intereses,7.0,4.0,5.0,8.0,8.0,8.0,9.0,8.0,8.0,10.0,7.0,11.0,11.0,8.0,8.0,8.0,8.0,3.0,3.0,3.0,3.0,4.0,1
46,5,1,8,4,0,0,0,0,1,0,0,4,126.0,2.0,,,7.0,Menos seguimiento,7.0,5.0,8.0,3.0,9.0,8.0,8.0,5.0,5.0,6.0,4.0,4.0,4.0,4.0,5.0,5.0,8.0,2.0,3.0,2.0,2.0,2.0,1
46,5,1,1,6,1,0,0,1,0,0,0,5,52.0,5.0,2.0,,8.0,Tener un espacio personal online donde consultar tu préstamo sin tener que ser cliente de la entidad,6.0,5.0,7.0,9.0,9.0,8.0,10.0,9.0,4.0,6.0,6.0,9.0,8.0,8.0,7.0,8.0,6.0,3.0,4.0,3.0,3.0,3.0,2
46,5,2,1,6,1,0,0,0,0,0,0,5,348.0,1.0,6.0,,10.0,Son fiables,10.0,7.0,10.0,11.0,11.0,11.0,11.0,11.0,11.0,4.0,11.0,11.0,11.0,8.0,9.0,10.0,10.0,1.0,1.0,1.0,2.0,1.0,5
46,5,2,7,4,1,0,0,0,0,0,0,4,53.0,2.0,3.0,,8.0,"por ahora va bien, pero a ver cuando termine que una vez la Caixa me estafó al cerrar un prestamo",9.0,7.0,9.0,10.0,9.0,10.0,10.0,9.0,6.0,10.0,10.0,9.0,11.0,10.0,10.0,11.0,5.0,2.0,2.0,3.0,2.0,2.0,3
46,5,1,10,4,0,1,0,0,0,0,0,5,52.0,1.0,3.0,,8.0,Está muy bien,9.0,7.0,9.0,10.0,10.0,9.0,10.0,9.0,9.0,9.0,9.0,9.0,9.0,8.0,9.0,9.0,10.0,2.0,2.0,2.0,2.0,2.0,5
46,5,2,10,4,1,0,0,0,0,0,0,5,52.0,5.0,1.0,,6.0,si lo recomenaría solo que para mi todos son iguales,6.0,5.0,7.0,8.0,8.0,8.0,8.0,9.0,8.0,8.0,8.0,9.0,9.0,9.0,9.0,9.0,8.0,3.0,3.0,3.0,3.0,3.0,2
46,5,1,1,6,0,0,0,1,0,0,0,4,76.0,1.0,1.0,,9.0,La facilidad que me dieron,9.0,6.0,9.0,11.0,9.0,10.0,10.0,10.0,10.0,9.0,10.0,9.0,9.0,10.0,9.0,9.0,9.0,1.0,1.0,1.0,2.0,2.0,5
46,5,2,16,2,0,1,0,1,0,0,0,5,337.0,4.0,1.0,,7.0,PODER AMORTIZAR SIN COMISIONES,7.0,5.0,7.0,8.0,8.0,7.0,9.0,7.0,7.0,9.0,8.0,8.0,8.0,7.0,7.0,7.0,5.0,2.0,3.0,2.0,2.0,3.0,1
46,5,2,14,2,1,1,0,0,0,0,0,5,230.0,1.0,3.0,,9.0,Sin complicaciones,8.0,6.0,8.0,9.0,10.0,10.0,9.0,7.0,8.0,9.0,9.0,9.0,9.0,7.0,8.0,7.0,9.0,2.0,2.0,2.0,2.0,2.0,3
46,5,1,16,2,0,1,0,1,0,0,0,5,52.0,5.0,1.0,,8.0,Tasas y comisiones,8.0,7.0,8.0,10.0,9.0,10.0,11.0,10.0,10.0,10.0,10.0,9.0,10.0,11.0,10.0,10.0,8.0,2.0,2.0,1.0,2.0,1.0,3
46,5,1,1,6,0,1,0,0,0,0,0,5,76.0,1.0,5.0,,9.0,Su atención y su facilidad para contratar el producto,9.0,7.0,10.0,11.0,8.0,10.0,10.0,10.0,11.0,11.0,10.0,9.0,10.0,9.0,10.0,10.0,9.0,1.0,1.0,1.0,2.0,1.0,5
46,5,2,7,4,0,1,0,1,0,0,0,5,53.0,2.0,1.0,,8.0,Los trámites para la concesión del préstamo.,8.0,3.0,8.0,10.0,7.0,8.0,11.0,9.0,7.0,7.0,6.0,9.0,9.0,11.0,9.0,11.0,10.0,1.0,3.0,2.0,3.0,3.0,4
46,5,2,7,4,0,0,0,0,0,1,0,4,52.0,5.0,1.0,,9.0,La rapidez en el trámite y si necesitas información te ayudan al momento,9.0,6.0,9.0,10.0,12.0,11.0,11.0,10.0,6.0,11.0,8.0,11.0,10.0,11.0,9.0,11.0,8.0,2.0,3.0,3.0,2.0,3.0,3
46,5,2,1,6,1,0,0,0,0,0,0,4,76.0,1.0,5.0,,5.0,Te cobran muchos intereses,0.0,4.0,0.0,5.0,6.0,5.0,6.0,6.0,6.0,6.0,5.0,6.0,5.0,4.0,5.0,4.0,5.0,4.0,4.0,4.0,4.0,4.0,0
46,5,1,10,4,0,1,0,1,0,0,0,5,52.0,1.0,1.0,,8.0,Menos interéses aunque eso sea imposible,8.0,6.0,8.0,10.0,9.0,9.0,10.0,9.0,10.0,9.0,10.0,10.0,9.0,9.0,10.0,9.0,9.0,2.0,2.0,1.0,2.0,2.0,5
46,5,2,10,4,1,0,0,1,0,0,0,5,43.0,1.0,2.0,,5.0,Interes muy alto,4.0,3.0,5.0,8.0,5.0,6.0,7.0,5.0,4.0,7.0,7.0,6.0,3.0,5.0,7.0,4.0,5.0,2.0,3.0,4.0,2.0,3.0,1
46,5,2,12,3,0,0,0,0,0,1,0,4,353.0,5.0,1.0,,7.0,Ser más barato,7.0,5.0,6.0,6.0,6.0,7.0,7.0,5.0,7.0,6.0,4.0,4.0,5.0,6.0,8.0,6.0,7.0,3.0,2.0,2.0,3.0,3.0,1
46,5,2,10,4,1,1,1,0,0,0,0,5,995.0,5.0,7.0,Lavadora,8.0,"Nada, todo bien",8.0,7.0,8.0,9.0,6.0,12.0,12.0,6.0,7.0,6.0,6.0,6.0,6.0,6.0,9.0,9.0,5.0,3.0,3.0,3.0,4.0,4.0,1
46,5,1,10,4,1,0,0,0,0,0,0,5,52.0,1.0,1.0,,9.0,Su atención personalizada,9.0,7.0,8.0,10.0,7.0,10.0,10.0,8.0,10.0,9.0,8.0,10.0,7.0,8.0,9.0,8.0,8.0,2.0,2.0,3.0,2.0,3.0,5
46,5,1,10,4,1,1,0,0,0,0,0,5,991.0,1.0,6.0,,10.0,Su buena practica,10.0,7.0,10.0,8.0,9.0,11.0,11.0,11.0,9.0,7.0,10.0,9.0,8.0,11.0,11.0,9.0,10.0,1.0,3.0,1.0,1.0,2.0,5
46,5,1,10,4,0,0,0,1,0,0,0,4,52.0,1.0,1.0,,8.0,Que no tenga tanto intereses,8.0,6.0,8.0,10.0,9.0,9.0,10.0,9.0,10.0,9.0,10.0,10.0,10.0,10.0,10.0,10.0,9.0,2.0,2.0,2.0,2.0,3.0,5
46,5,1,1,6,1,1,1,0,0,0,0,5,378.0,3.0,3.0,,10.0,Facilidad de pago en 12 meses sin intereses,10.0,7.0,10.0,10.0,9.0,9.0,12.0,11.0,11.0,11.0,9.0,11.0,11.0,11.0,8.0,9.0,10.0,1.0,2.0,2.0,4.0,4.0,5
46,5,2,11,1,0,0,1,0,0,0,0,4,386.0,3.0,3.0,,9.0,Sin intereses,9.0,7.0,9.0,5.0,7.0,6.0,5.0,8.0,8.0,8.0,5.0,8.0,7.0,5.0,7.0,5.0,9.0,1.0,2.0,1.0,1.0,3.0,3
46,5,2,12,3,1,0,0,0,0,0,0,5,370.0,3.0,3.0,,8.0,En no cobrar tan rápido no da tiempo,8.0,6.0,7.0,9.0,8.0,9.0,9.0,9.0,9.0,7.0,5.0,8.0,8.0,7.0,7.0,8.0,8.0,3.0,3.0,3.0,2.0,4.0,1
46,5,2,13,6,0,0,1,1,0,0,0,5,371.0,3.0,3.0,,8.0,Por ahora ninguno,9.0,6.0,9.0,9.0,5.0,3.0,9.0,8.0,7.0,8.0,6.0,7.0,9.0,8.0,7.0,7.0,5.0,1.0,3.0,3.0,2.0,3.0,2
46,5,1,1,6,0,0,0,0,0,1,0,4,337.0,4.0,1.0,,10.0,Trato,10.0,7.0,10.0,11.0,11.0,11.0,11.0,11.0,11.0,11.0,11.0,11.0,11.0,11.0,11.0,11.0,10.0,2.0,2.0,2.0,2.0,2.0,3
46,5,2,17,5,1,0,1,0,0,0,0,5,79.0,2.0,5.0,,7.0,Interés y gastos,7.0,6.0,7.0,7.0,6.0,6.0,10.0,8.0,1.0,8.0,5.0,9.0,11.0,9.0,9.0,11.0,9.0,3.0,4.0,4.0,3.0,2.0,1
46,5,2,3,1,1,1,0,1,0,0,0,5,126.0,5.0,1.0,,4.0,Difícil de contactar con ellos,4.0,4.0,3.0,5.0,5.0,4.0,5.0,5.0,4.0,4.0,5.0,4.0,5.0,4.0,4.0,4.0,4.0,4.0,3.0,4.0,4.0,4.0,0
46,5,2,17,5,1,0,0,1,0,0,0,5,44.0,2.0,1.0,,6.0,Tiene intereses muy altos,6.0,6.0,7.0,7.0,8.0,7.0,8.0,8.0,9.0,10.0,9.0,9.0,9.0,6.0,8.0,7.0,7.0,3.0,3.0,4.0,4.0,4.0,2
46,5,1,9,5,1,1,0,1,0,0,0,5,412.0,4.0,1.0,,7.0,Plazos más largos de amortización para reducir la cuota,7.0,5.0,7.0,8.0,8.0,8.0,9.0,7.0,6.0,6.0,6.0,8.0,8.0,8.0,8.0,8.0,5.0,2.0,3.0,2.0,3.0,4.0,2
46,5,1,1,6,1,0,0,0,0,0,0,4,44.0,2.0,5.0,,7.0,"Mejor web, app y atención al cliente. Es todo muy frío e impersonal",6.0,5.0,7.0,6.0,6.0,6.0,5.0,7.0,6.0,5.0,6.0,5.0,7.0,5.0,7.0,6.0,7.0,4.0,4.0,4.0,4.0,4.0,1
46,5,2,1,6,0,0,0,1,0,0,0,4,412.0,4.0,1.0,,8.0,"Ninguno, todo bien",7.0,6.0,7.0,9.0,8.0,8.0,9.0,7.0,8.0,6.0,5.0,6.0,8.0,7.0,8.0,8.0,7.0,2.0,2.0,2.0,2.0,2.0,2
46,5,2,1,6,1,0,0,0,0,0,0,4,230.0,1.0,3.0,,10.0,Facilidad y intereses,9.0,6.0,10.0,10.0,12.0,11.0,11.0,10.0,10.0,11.0,10.0,10.0,10.0,9.0,10.0,8.0,9.0,2.0,2.0,3.0,3.0,2.0,5
46,5,2,3,1,0,1,0,0,0,0,0,5,346.0,1.0,3.0,,8.0,Ninguna,9.0,6.0,9.0,10.0,6.0,10.0,10.0,10.0,10.0,10.0,9.0,8.0,10.0,9.0,10.0,10.0,9.0,1.0,1.0,2.0,2.0,2.0,4
46,5,1,9,5,0,1,1,0,0,0,0,5,208.0,3.0,3.0,,10.0,Que son muy atentos con el cliente,10.0,7.0,10.0,11.0,9.0,11.0,10.0,11.0,10.0,10.0,9.0,11.0,10.0,10.0,10.0,11.0,9.0,1.0,2.0,1.0,1.0,1.0,5
46,5,1,12,3,0,1,0,0,0,0,0,4,230.0,1.0,5.0,,10.0,buena aplicación,9.0,7.0,9.0,11.0,8.0,10.0,11.0,10.0,11.0,11.0,9.0,9.0,9.0,10.0,11.0,10.0,9.0,4.0,4.0,3.0,4.0,3.0,3
46,5,1,9,5,0,1,0,0,0,0,0,4,44.0,2.0,6.0,,0.0,Nunca acabas de pagar la deuda los intereses son muy altos y no son claros con las condiciones,0.0,7.0,0.0,1.0,1.0,1.0,1.0,1.0,1.0,1.0,1.0,1.0,2.0,3.0,1.0,2.0,5.0,4.0,4.0,4.0,4.0,4.0,0
46,5,2,12,3,0,1,0,0,0,0,0,4,230.0,1.0,7.0,Emergencias,4.0,Me cancelaron la tarjeta estando fuera del país y me supuso un problema enorme,2.0,2.0,2.0,1.0,3.0,3.0,6.0,1.0,1.0,4.0,1.0,3.0,4.0,2.0,1.0,3.0,5.0,4.0,4.0,3.0,4.0,4.0,0
46,5,1,3,1,0,1,0,1,0,0,0,5,392.0,4.0,1.0,,9.0,Todo muy fácil y agil,9.0,6.0,9.0,9.0,10.0,11.0,10.0,10.0,9.0,9.0,10.0,9.0,10.0,8.0,10.0,10.0,9.0,1.0,2.0,2.0,2.0,3.0,3
46,5,2,9,5,1,0,1,1,0,0,0,5,467.0,5.0,1.0,,8.0,En la atención al cliente,8.0,5.0,8.0,9.0,9.0,8.0,9.0,9.0,9.0,9.0,9.0,10.0,10.0,9.0,7.0,9.0,7.0,3.0,4.0,4.0,3.0,4.0,2
46,5,2,4,5,0,1,1,0,0,0,0,5,371.0,3.0,3.0,,6.0,Porque al final si no tienes para pagar mejor no compres,6.0,4.0,6.0,2.0,4.0,6.0,7.0,7.0,5.0,3.0,4.0,4.0,9.0,4.0,5.0,8.0,4.0,2.0,2.0,3.0,3.0,4.0,1
46,5,2,17,5,0,1,0,0,0,0,0,4,126.0,2.0,5.0,,8.0,no lo se,8.0,6.0,8.0,9.0,12.0,12.0,9.0,9.0,9.0,9.0,9.0,8.0,8.0,9.0,9.0,9.0,8.0,2.0,3.0,3.0,3.0,3.0,1
46,5,1,17,5,0,0,0,0,1,0,0,4,126.0,2.0,,,10.0,BUEN TRATO,10.0,7.0,10.0,11.0,11.0,11.0,11.0,11.0,11.0,11.0,11.0,11.0,11.0,10.0,7.0,3.0,10.0,3.0,2.0,1.0,1.0,2.0,5
47,5,1,8,4,1,0,0,0,1,1,0,5,52.0,5.0,1.0,,10.0,Credito,10.0,4.0,10.0,11.0,11.0,11.0,11.0,11.0,11.0,11.0,11.0,10.0,10.0,11.0,11.0,11.0,10.0,3.0,3.0,3.0,3.0,3.0,5
47,5,2,1,6,0,1,0,0,0,0,0,5,10.0,3.0,5.0,,8.0,menos comision,7.0,2.0,7.0,5.0,6.0,2.0,3.0,5.0,7.0,4.0,5.0,6.0,9.0,5.0,5.0,7.0,8.0,2.0,3.0,3.0,2.0,3.0,2
47,5,1,11,1,0,1,0,0,0,0,0,4,348.0,1.0,3.0,,9.0,"Todo bien con ellos, sin problemas, funcionan muy bien",9.0,6.0,9.0,9.0,12.0,9.0,10.0,9.0,9.0,8.0,8.0,10.0,10.0,9.0,9.0,8.0,6.0,2.0,2.0,2.0,2.0,3.0,3
47,5,1,12,3,1,0,0,0,0,0,0,4,126.0,5.0,1.0,,7.0,Mejores condiciones de préstamos,7.0,5.0,7.0,4.0,5.0,4.0,4.0,5.0,4.0,3.0,3.0,3.0,4.0,4.0,4.0,3.0,7.0,2.0,3.0,3.0,4.0,3.0,1
47,5,2,11,1,0,1,0,0,0,0,0,5,378.0,3.0,3.0,,10.0,Financiamiento y facilidad,10.0,7.0,9.0,9.0,9.0,10.0,9.0,9.0,9.0,9.0,8.0,9.0,10.0,9.0,10.0,10.0,7.0,2.0,2.0,2.0,3.0,2.0,3
47,5,2,12,3,1,1,0,0,0,0,0,5,126.0,2.0,6.0,,7.0,Flexibilidad y menos interes,6.0,3.0,5.0,6.0,4.0,7.0,11.0,11.0,6.0,6.0,6.0,11.0,11.0,11.0,6.0,6.0,5.0,3.0,3.0,3.0,3.0,3.0,1
47,5,2,12,3,0,1,1,0,0,0,0,5,373.0,3.0,3.0,,9.0,Es rápida de solicitar y fácil de usar la app,9.0,6.0,8.0,12.0,2.0,12.0,12.0,11.0,7.0,6.0,6.0,9.0,11.0,11.0,11.0,11.0,5.0,2.0,3.0,3.0,3.0,4.0,1
47,5,1,1,6,1,1,1,1,0,0,0,5,994.0,4.0,1.0,,10.0,Todo correcto,10.0,7.0,10.0,8.0,6.0,11.0,11.0,9.0,3.0,8.0,6.0,6.0,10.0,7.0,8.0,8.0,7.0,2.0,2.0,2.0,2.0,4.0,1
47,5,1,12,3,1,0,0,0,0,0,0,5,230.0,1.0,3.0,,9.0,Facilidad,8.0,6.0,8.0,10.0,10.0,10.0,10.0,9.0,10.0,9.0,8.0,9.0,10.0,10.0,10.0,9.0,8.0,1.0,2.0,1.0,2.0,2.0,3
47,5,2,1,6,1,1,1,0,1,1,0,5,52.0,5.0,1.0,,8.0,Rapidez,8.0,5.0,8.0,9.0,8.0,8.0,9.0,9.0,7.0,9.0,9.0,10.0,11.0,9.0,10.0,8.0,8.0,1.0,2.0,2.0,1.0,2.0,5
47,5,1,10,4,0,0,0,0,0,1,0,4,78.0,5.0,1.0,,5.0,Economico,6.0,4.0,5.0,5.0,5.0,6.0,3.0,3.0,5.0,7.0,6.0,5.0,6.0,6.0,4.0,7.0,5.0,3.0,3.0,3.0,2.0,2.0,1
47,5,1,10,4,0,0,0,0,1,0,0,4,5.0,1.0,,,5.0,son popiulares,5.0,4.0,5.0,7.0,8.0,8.0,6.0,6.0,5.0,8.0,7.0,8.0,7.0,5.0,7.0,4.0,5.0,2.0,1.0,2.0,3.0,3.0,1
47,5,1,4,5,0,0,1,0,0,0,0,4,370.0,3.0,3.0,,7.0,No lo sé,7.0,6.0,7.0,6.0,6.0,6.0,6.0,5.0,6.0,6.0,4.0,5.0,6.0,6.0,6.0,6.0,7.0,3.0,3.0,3.0,4.0,3.0,2
47,5,2,10,4,1,1,0,0,0,0,0,5,126.0,2.0,3.0,,10.0,Fácil comodo,10.0,7.0,10.0,11.0,7.0,11.0,10.0,9.0,11.0,8.0,9.0,9.0,11.0,11.0,11.0,10.0,9.0,1.0,1.0,1.0,1.0,1.0,5
47,5,1,10,4,1,0,0,0,0,0,0,5,53.0,2.0,6.0,,10.0,La facilidad y rapidez,10.0,7.0,10.0,11.0,11.0,11.0,11.0,11.0,11.0,11.0,11.0,11.0,11.0,11.0,11.0,11.0,10.0,1.0,1.0,1.0,2.0,2.0,5
47,5,2,14,2,1,0,0,0,0,0,0,4,222.0,1.0,1.0,,5.0,coste,7.0,4.0,6.0,10.0,5.0,3.0,4.0,11.0,8.0,10.0,8.0,6.0,5.0,3.0,7.0,5.0,7.0,3.0,3.0,3.0,4.0,4.0,1
47,5,1,14,2,1,0,1,0,0,0,0,5,369.0,3.0,3.0,,7.0,No se,7.0,6.0,8.0,6.0,6.0,6.0,6.0,6.0,4.0,3.0,3.0,3.0,3.0,6.0,6.0,6.0,6.0,3.0,4.0,4.0,4.0,4.0,1
47,5,1,10,4,1,0,0,0,0,0,0,4,418.0,2.0,6.0,,10.0,La facilidad en contratar,10.0,7.0,10.0,11.0,9.0,11.0,11.0,10.0,10.0,10.0,9.0,9.0,10.0,10.0,9.0,10.0,9.0,2.0,2.0,2.0,2.0,2.0,5
47,5,1,14,2,0,1,0,0,0,0,0,5,370.0,3.0,3.0,,10.0,Devoluciones por uso,10.0,6.0,10.0,9.0,7.0,9.0,10.0,7.0,10.0,8.0,8.0,11.0,10.0,7.0,9.0,1.0,6.0,2.0,2.0,2.0,2.0,2.0,3
47,5,1,10,4,0,0,1,0,0,0,0,4,370.0,3.0,3.0,,9.0,"Facilidad de pago, pago sin intereses",9.0,7.0,9.0,10.0,2.0,7.0,10.0,9.0,9.0,9.0,9.0,9.0,11.0,10.0,9.0,6.0,5.0,2.0,2.0,2.0,3.0,3.0,3
47,5,2,10,4,1,0,0,0,0,0,0,4,76.0,1.0,2.0,,8.0,Una atención más rápida,7.0,6.0,7.0,6.0,5.0,6.0,9.0,7.0,7.0,7.0,7.0,8.0,8.0,7.0,6.0,6.0,7.0,2.0,3.0,3.0,3.0,3.0,2
47,5,2,10,4,1,1,1,1,0,0,0,5,52.0,1.0,2.0,,10.0,La facilidad de respuesta y la comodidad de gestionar todo por el teléfono,10.0,7.0,10.0,11.0,8.0,10.0,11.0,10.0,10.0,10.0,10.0,10.0,10.0,11.0,10.0,10.0,10.0,1.0,1.0,1.0,1.0,2.0,5
47,5,2,10,4,0,0,0,1,1,1,0,5,469.0,5.0,1.0,,9.0,Atención,9.0,6.0,8.0,10.0,8.0,5.0,6.0,6.0,10.0,8.0,4.0,9.0,10.0,6.0,7.0,5.0,7.0,3.0,2.0,3.0,2.0,3.0,2
47,5,2,14,2,1,0,1,0,0,0,0,5,264.0,3.0,3.0,,7.0,Ninguno,8.0,4.0,8.0,7.0,5.0,6.0,5.0,6.0,6.0,6.0,4.0,4.0,5.0,6.0,7.0,7.0,8.0,2.0,2.0,3.0,3.0,3.0,1
47,5,2,15,2,0,1,0,1,0,0,0,5,412.0,4.0,1.0,,10.0,Comodidad,10.0,7.0,10.0,9.0,7.0,9.0,11.0,9.0,10.0,9.0,9.0,8.0,9.0,8.0,9.0,9.0,9.0,2.0,3.0,3.0,2.0,2.0,3
47,5,2,16,2,0,0,0,0,0,1,0,4,475.0,4.0,1.0,,5.0,Intereses altos,5.0,4.0,5.0,5.0,6.0,4.0,6.0,6.0,9.0,6.0,4.0,3.0,6.0,4.0,5.0,5.0,5.0,3.0,3.0,3.0,3.0,3.0,1
47,5,1,12,3,0,1,0,0,1,0,0,5,346.0,1.0,,,8.0,No tengo nada que criticarles,8.0,5.0,8.0,9.0,7.0,8.0,9.0,9.0,10.0,9.0,8.0,9.0,10.0,9.0,9.0,9.0,8.0,1.0,2.0,1.0,2.0,1.0,3
47,5,1,8,4,0,0,0,0,0,1,0,4,126.0,5.0,1.0,,7.0,Mejores condiciones,7.0,4.0,7.0,4.0,5.0,2.0,5.0,6.0,6.0,7.0,6.0,4.0,4.0,6.0,6.0,7.0,8.0,3.0,3.0,3.0,2.0,3.0,1
47,5,1,9,5,1,0,0,1,0,1,0,5,126.0,5.0,1.0,,10.0,"La atención en detalle, seguridad y oferta tipo paquete",10.0,6.0,10.0,10.0,11.0,11.0,11.0,10.0,9.0,8.0,10.0,9.0,9.0,8.0,10.0,10.0,10.0,2.0,1.0,2.0,2.0,1.0,3
47,5,1,17,5,1,0,0,1,0,0,0,5,126.0,5.0,1.0,,10.0,La buena atención y rapidez,10.0,7.0,10.0,11.0,9.0,8.0,11.0,11.0,11.0,11.0,11.0,11.0,11.0,11.0,11.0,11.0,10.0,1.0,1.0,1.0,1.0,1.0,3
47,5,2,1,6,1,0,0,0,0,0,0,4,53.0,2.0,3.0,,8.0,En la comisión,9.0,7.0,8.0,10.0,8.0,9.0,11.0,9.0,8.0,9.0,8.0,9.0,10.0,9.0,8.0,10.0,7.0,2.0,2.0,1.0,3.0,3.0,3
47,5,1,13,6,1,1,0,1,1,0,0,5,346.0,1.0,1.0,,7.0,Eliminar comisiones por mantenimiento de cuenta.  Mejores intereses,6.0,3.0,6.0,4.0,6.0,7.0,6.0,4.0,4.0,4.0,4.0,8.0,6.0,5.0,4.0,3.0,4.0,3.0,4.0,4.0,4.0,3.0,2
47,5,2,1,6,1,1,0,0,0,0,0,5,230.0,1.0,3.0,,9.0,La experiencia en la tramitación,9.0,6.0,9.0,10.0,9.0,9.0,10.0,9.0,9.0,10.0,9.0,9.0,9.0,9.0,10.0,9.0,8.0,3.0,3.0,3.0,3.0,2.0,3
47,5,1,17,5,1,0,0,0,1,0,0,5,79.0,2.0,5.0,,7.0,intereses,7.0,5.0,7.0,7.0,6.0,6.0,8.0,6.0,6.0,6.0,6.0,6.0,8.0,6.0,6.0,6.0,6.0,2.0,3.0,4.0,4.0,4.0,1
47,5,2,17,5,0,1,1,0,0,0,0,5,382.0,3.0,3.0,,6.0,Porque acaba siendo mucho gasto,6.0,6.0,5.0,6.0,5.0,6.0,6.0,6.0,4.0,6.0,6.0,6.0,7.0,6.0,8.0,8.0,5.0,2.0,3.0,3.0,3.0,3.0,2
47,5,1,12,3,0,0,1,0,0,1,0,5,392.0,4.0,1.0,,8.0,Mejores intereses,8.0,6.0,8.0,9.0,9.0,9.0,8.0,9.0,9.0,9.0,7.0,8.0,8.0,7.0,7.0,7.0,8.0,1.0,4.0,2.0,4.0,2.0,4
47,5,1,9,5,1,1,0,1,0,0,0,5,412.0,4.0,1.0,,9.0,rapidez y oferta bien explicada,8.0,6.0,8.0,9.0,6.0,10.0,11.0,7.0,7.0,10.0,10.0,10.0,9.0,9.0,9.0,8.0,8.0,2.0,3.0,3.0,2.0,2.0,5
47,5,1,12,3,0,1,0,0,0,0,0,5,44.0,2.0,3.0,,7.0,"Darle más espacio de pago a los clientes, mejorar el servicio al cliente",2.0,4.0,3.0,5.0,7.0,5.0,9.0,3.0,4.0,6.0,6.0,8.0,8.0,6.0,4.0,7.0,2.0,4.0,3.0,4.0,3.0,4.0,1
47,5,2,1,6,1,1,0,1,1,0,0,5,371.0,3.0,4.0,,6.0,es un lio,5.0,5.0,5.0,6.0,7.0,6.0,5.0,5.0,5.0,5.0,5.0,7.0,4.0,6.0,6.0,6.0,9.0,2.0,3.0,3.0,2.0,3.0,1
47,5,1,9,5,1,1,1,0,0,1,0,5,412.0,4.0,1.0,,6.0,Intereses,6.0,6.0,6.0,11.0,5.0,8.0,10.0,8.0,7.0,6.0,6.0,8.0,8.0,7.0,7.0,7.0,6.0,2.0,3.0,3.0,3.0,3.0,2
47,5,2,1,6,1,1,0,1,0,0,0,5,469.0,5.0,1.0,,6.0,Porque se mantiene el importe mensual,7.0,6.0,7.0,3.0,6.0,5.0,9.0,8.0,3.0,6.0,9.0,6.0,6.0,5.0,3.0,6.0,5.0,2.0,4.0,3.0,4.0,3.0,2
47,5,2,12,3,1,1,1,0,1,1,0,5,469.0,5.0,1.0,,4.0,"Si hay un pequeño retraso, empieza un acoso por teléfono bastante importante",2.0,3.0,2.0,2.0,3.0,1.0,3.0,3.0,1.0,3.0,4.0,5.0,6.0,3.0,5.0,5.0,3.0,4.0,4.0,3.0,4.0,3.0,0
47,5,1,12,3,0,0,0,1,0,0,0,4,469.0,5.0,1.0,,7.0,Mejores condiciones del prestamo,7.0,6.0,7.0,7.0,7.0,8.0,10.0,7.0,6.0,7.0,6.0,8.0,8.0,7.0,7.0,7.0,7.0,2.0,3.0,3.0,4.0,3.0,1
47,5,1,1,6,1,1,0,1,0,0,0,5,53.0,2.0,1.0,,9.0,Unas facilidades y condiciones que no se igualaban en ningún otro sitio,9.0,6.0,9.0,10.0,1.0,10.0,11.0,10.0,11.0,10.0,10.0,10.0,10.0,10.0,9.0,10.0,10.0,1.0,1.0,2.0,2.0,1.0,5
48,5,2,17,5,1,1,1,0,0,0,0,5,370.0,3.0,3.0,,9.0,Son muy flexibles en cuanto a las formas de pago en general..,9.0,7.0,9.0,9.0,8.0,10.0,10.0,9.0,9.0,9.0,9.0,9.0,10.0,10.0,10.0,10.0,9.0,2.0,2.0,2.0,2.0,2.0,5
48,5,2,2,2,0,0,0,0,0,1,0,4,344.0,1.0,7.0,,5.0,No la recomendaría por las comisiones ocultas en algunos servicios.  También puede ser lenta la atención al cliente cuando hay problemas con la cuenta.,7.0,5.0,8.0,6.0,9.0,6.0,8.0,11.0,7.0,8.0,7.0,8.0,11.0,8.0,7.0,11.0,6.0,3.0,1.0,1.0,4.0,3.0,1
48,5,2,9,5,0,0,1,0,0,0,0,4,298.0,3.0,5.0,,7.0,En ninguno,7.0,5.0,7.0,8.0,8.0,8.0,8.0,9.0,8.0,8.0,8.0,9.0,10.0,8.0,8.0,8.0,7.0,2.0,3.0,2.0,3.0,3.0,2
48,5,2,12,3,1,0,0,0,0,0,0,5,230.0,1.0,4.0,,8.0,Interés mejor,9.0,6.0,9.0,11.0,11.0,8.0,11.0,9.0,9.0,9.0,9.0,10.0,9.0,8.0,10.0,10.0,9.0,1.0,2.0,2.0,1.0,2.0,3
48,5,2,9,5,1,1,0,1,0,0,0,5,469.0,5.0,1.0,,8.0,Facilidades,8.0,2.0,7.0,8.0,9.0,9.0,8.0,9.0,8.0,9.0,4.0,7.0,5.0,6.0,9.0,9.0,8.0,2.0,3.0,2.0,4.0,4.0,2
48,5,1,1,6,1,0,0,1,0,1,0,5,392.0,4.0,1.0,,8.0,En la flexibilidad de pagos,9.0,6.0,8.0,9.0,9.0,10.0,11.0,11.0,8.0,11.0,10.0,10.0,11.0,9.0,9.0,11.0,8.0,2.0,1.0,2.0,2.0,2.0,5
48,5,1,13,6,0,1,1,0,0,0,0,5,55.0,1.0,3.0,,8.0,Mejor comunicación,9.0,2.0,9.0,7.0,10.0,10.0,11.0,11.0,9.0,8.0,11.0,11.0,11.0,9.0,9.0,7.0,8.0,2.0,2.0,2.0,3.0,3.0,5
48,5,1,12,3,1,1,1,0,0,1,0,5,469.0,5.0,1.0,,8.0,La atención al cliente en ciertas ocasiones los tiempos de espera son largos y difíciles de contactar.  Cierta claridad en las condiciones a veces no llenos del todo la letra pequeña y ahí es donde nos damos cuenta de ciertos aspectos en mi caso sobre,7.0,5.0,7.0,5.0,4.0,6.0,10.0,9.0,7.0,9.0,8.0,9.0,9.0,6.0,6.0,7.0,8.0,3.0,4.0,3.0,4.0,4.0,1
48,5,1,3,1,0,1,0,0,0,0,0,5,346.0,1.0,5.0,,8.0,Unas comosiones más pequeñas,8.0,6.0,8.0,8.0,12.0,6.0,10.0,9.0,9.0,9.0,9.0,9.0,9.0,8.0,10.0,8.0,5.0,2.0,3.0,3.0,3.0,3.0,1
48,5,2,1,6,0,0,0,1,0,0,0,4,126.0,5.0,2.0,,10.0,Calidad,10.0,7.0,10.0,8.0,10.0,11.0,6.0,8.0,6.0,3.0,6.0,7.0,7.0,10.0,11.0,11.0,10.0,2.0,2.0,2.0,2.0,2.0,3
48,5,1,6,1,1,0,0,0,0,0,0,4,52.0,1.0,5.0,,0.0,son unos ladrones. me engañaron,0.0,1.0,0.0,1.0,1.0,1.0,1.0,4.0,1.0,1.0,2.0,1.0,1.0,1.0,2.0,2.0,0.0,4.0,4.0,4.0,4.0,4.0,0
48,5,2,1,6,0,1,0,0,0,0,0,5,344.0,1.0,3.0,,9.0,Ningunos intereses muchas facilidades,9.0,7.0,10.0,6.0,9.0,8.0,6.0,10.0,7.0,10.0,8.0,9.0,10.0,7.0,7.0,10.0,9.0,1.0,3.0,1.0,2.0,3.0,3
48,5,2,1,6,0,1,0,0,0,0,0,5,344.0,1.0,1.0,,10.0,Muchas facilidades,9.0,7.0,10.0,7.0,9.0,9.0,11.0,8.0,9.0,11.0,9.0,9.0,11.0,10.0,10.0,9.0,10.0,4.0,2.0,3.0,1.0,1.0,5
48,5,2,4,5,0,0,1,0,0,0,0,4,13.0,3.0,4.0,,8.0,En la pág web,8.0,5.0,7.0,7.0,6.0,7.0,7.0,7.0,8.0,8.0,6.0,8.0,9.0,7.0,7.0,8.0,7.0,2.0,2.0,2.0,2.0,2.0,2
48,5,2,6,1,1,0,0,0,0,0,0,5,135.0,2.0,5.0,,10.0,Rapidez y pago de plazos,10.0,7.0,10.0,9.0,9.0,9.0,9.0,10.0,6.0,9.0,8.0,10.0,10.0,8.0,6.0,10.0,5.0,4.0,4.0,3.0,4.0,4.0,4
48,5,1,1,6,0,1,1,1,0,0,0,5,353.0,5.0,1.0,,5.0,Interés abusivo,5.0,4.0,5.0,9.0,6.0,9.0,11.0,6.0,3.0,6.0,1.0,8.0,9.0,3.0,3.0,6.0,6.0,4.0,4.0,2.0,4.0,4.0,2
48,5,1,6,1,1,0,0,0,0,0,0,4,230.0,1.0,4.0,,10.0,Que ofrecían los préstamos preconcedidos y sin comisiones,10.0,6.0,10.0,11.0,7.0,10.0,10.0,8.0,6.0,7.0,6.0,9.0,6.0,7.0,6.0,8.0,5.0,2.0,2.0,2.0,4.0,2.0,3
48,5,1,10,4,0,1,0,0,0,0,0,4,378.0,3.0,3.0,,9.0,Pago en Cómodas cuotas,9.0,6.0,9.0,9.0,10.0,10.0,2.0,9.0,11.0,8.0,9.0,10.0,10.0,10.0,8.0,11.0,8.0,2.0,2.0,1.0,4.0,2.0,4
48,5,2,4,5,0,0,1,1,0,0,0,5,78.0,5.0,1.0,,8.0,Información sobre los tipos d dinteles o cancelación,8.0,6.0,8.0,7.0,8.0,8.0,9.0,9.0,9.0,9.0,9.0,8.0,7.0,8.0,9.0,8.0,8.0,3.0,3.0,3.0,3.0,3.0,2
48,5,1,14,2,0,1,0,0,0,0,0,5,230.0,1.0,3.0,,6.0,No es competitivo,6.0,5.0,7.0,5.0,8.0,5.0,6.0,6.0,6.0,5.0,4.0,4.0,6.0,7.0,7.0,5.0,6.0,3.0,4.0,3.0,3.0,3.0,1
48,5,1,4,5,1,0,0,1,0,0,0,5,469.0,5.0,1.0,,10.0,Intereses bajos,10.0,7.0,10.0,11.0,11.0,11.0,11.0,11.0,9.0,11.0,10.0,11.0,11.0,11.0,11.0,11.0,10.0,1.0,1.0,1.0,1.0,1.0,3
48,5,2,14,2,1,1,0,0,1,0,0,5,76.0,1.0,,,6.0,Por las facilidades,6.0,5.0,6.0,6.0,6.0,6.0,8.0,6.0,4.0,5.0,5.0,7.0,9.0,6.0,6.0,4.0,6.0,3.0,3.0,4.0,3.0,4.0,1
48,5,1,14,2,1,0,0,0,0,0,0,4,230.0,1.0,7.0,inversion,9.0,sin comisiones,9.0,7.0,9.0,10.0,6.0,8.0,1.0,11.0,7.0,7.0,6.0,9.0,10.0,8.0,7.0,9.0,8.0,3.0,2.0,3.0,2.0,1.0,1
48,5,2,10,4,0,1,0,0,0,0,0,4,991.0,1.0,7.0,Para tener esa opción en caso de necesidad,10.0,Buenas atención,10.0,7.0,10.0,10.0,11.0,10.0,10.0,9.0,9.0,9.0,9.0,9.0,9.0,10.0,10.0,9.0,8.0,1.0,2.0,2.0,1.0,1.0,5
48,5,2,10,4,1,0,0,0,0,0,0,4,5.0,1.0,5.0,,6.0,Intereses alros,5.0,4.0,7.0,7.0,3.0,8.0,6.0,7.0,8.0,5.0,5.0,5.0,8.0,9.0,8.0,9.0,5.0,2.0,3.0,2.0,4.0,3.0,1
48,5,2,14,2,0,0,0,0,0,1,0,5,469.0,5.0,2.0,,7.0,En la atención an cliente,7.0,6.0,8.0,9.0,9.0,9.0,10.0,10.0,10.0,9.0,10.0,9.0,10.0,9.0,11.0,10.0,8.0,1.0,2.0,1.0,2.0,2.0,3
48,5,2,12,3,0,0,0,1,0,0,0,4,353.0,5.0,1.0,,8.0,Menos interés,8.0,5.0,8.0,7.0,5.0,6.0,9.0,5.0,5.0,5.0,4.0,7.0,7.0,5.0,6.0,4.0,6.0,4.0,4.0,4.0,4.0,4.0,1
48,5,2,1,6,0,0,0,0,0,1,0,4,52.0,1.0,1.0,,9.0,Todo en general,9.0,7.0,9.0,10.0,10.0,10.0,11.0,10.0,10.0,11.0,10.0,9.0,10.0,9.0,10.0,10.0,9.0,1.0,1.0,1.0,1.0,1.0,5
48,5,2,1,6,0,0,0,0,0,1,0,4,412.0,4.0,1.0,,9.0,Muchas facilidades para pagarlo por meses,10.0,6.0,9.0,11.0,6.0,9.0,8.0,6.0,9.0,8.0,6.0,3.0,10.0,7.0,11.0,9.0,9.0,2.0,1.0,3.0,2.0,3.0,3
48,5,2,7,4,1,1,1,0,1,0,0,5,13.0,3.0,6.0,,6.0,Porque no me termino gustando el trato recibido,5.0,5.0,5.0,6.0,6.0,6.0,8.0,8.0,8.0,8.0,8.0,6.0,6.0,8.0,6.0,7.0,6.0,2.0,3.0,3.0,3.0,3.0,1
48,5,1,9,5,1,0,0,0,0,0,0,4,126.0,5.0,1.0,,10.0,"La atención, han tenido empatía",10.0,7.0,10.0,9.0,8.0,11.0,11.0,11.0,11.0,11.0,11.0,11.0,11.0,11.0,10.0,10.0,10.0,1.0,1.0,1.0,2.0,1.0,3
48,5,2,9,5,0,1,0,1,0,1,0,5,392.0,4.0,1.0,,8.0,Cuando refinancias se vienen arriba con los intereses. Y por acabar de pagarlo también hemos tenido que pagar de más,2.0,5.0,5.0,1.0,1.0,1.0,9.0,1.0,3.0,6.0,6.0,4.0,6.0,1.0,1.0,11.0,0.0,4.0,4.0,4.0,4.0,4.0,0
48,5,1,9,5,1,1,0,0,0,0,0,5,126.0,2.0,3.0,,9.0,Fiable,8.0,6.0,9.0,10.0,11.0,10.0,10.0,9.0,9.0,10.0,8.0,9.0,9.0,9.0,10.0,9.0,9.0,1.0,2.0,2.0,1.0,1.0,3
48,5,1,7,4,0,1,0,0,0,0,0,4,348.0,1.0,7.0,"Hago compras mensuales en mi comercio, todas compras online",8.0,"Hace unos años me hicieron un fraude con mi tarjeta, el banco no se hizo cargo y no reclamé por no entrar en batalla con ellos.",7.0,6.0,8.0,7.0,6.0,7.0,9.0,7.0,6.0,8.0,6.0,6.0,6.0,6.0,6.0,7.0,7.0,3.0,3.0,3.0,3.0,3.0,1
48,5,2,15,2,1,0,0,0,0,0,0,4,380.0,3.0,3.0,,7.0,REBAJAR LOS INTERESES.,6.0,4.0,6.0,7.0,4.0,6.0,8.0,7.0,5.0,7.0,7.0,9.0,6.0,8.0,6.0,9.0,5.0,3.0,3.0,3.0,3.0,3.0,1
48,5,1,17,5,1,0,0,0,0,0,0,4,348.0,1.0,4.0,,5.0,Comisiones e intereses,6.0,5.0,6.0,6.0,5.0,7.0,10.0,7.0,7.0,6.0,7.0,10.0,10.0,6.0,7.0,7.0,7.0,3.0,3.0,3.0,3.0,3.0,1
48,5,1,5,7,1,0,0,0,0,0,0,4,230.0,1.0,6.0,,0.0,Porque es un banco de mierda.,0.0,1.0,0.0,1.0,1.0,1.0,1.0,1.0,1.0,1.0,1.0,1.0,1.0,1.0,1.0,1.0,0.0,4.0,4.0,4.0,4.0,4.0,0
48,5,2,1,6,1,0,0,1,0,0,0,5,475.0,4.0,1.0,,10.0,Te facilita si tienes algun problema de pago,10.0,6.0,10.0,9.0,12.0,12.0,12.0,10.0,6.0,6.0,6.0,10.0,11.0,10.0,8.0,10.0,9.0,1.0,3.0,3.0,4.0,4.0,2
48,5,2,9,5,0,1,0,1,0,0,0,5,392.0,4.0,1.0,,8.0,En los intereses,7.0,6.0,8.0,10.0,11.0,10.0,12.0,11.0,9.0,9.0,9.0,11.0,11.0,10.0,9.0,9.0,8.0,1.0,2.0,1.0,2.0,2.0,2
48,5,1,12,3,0,1,1,0,0,0,0,5,126.0,2.0,3.0,,6.0,Creo que la gente no debe solicitar estos créditos,8.0,4.0,6.0,7.0,1.0,2.0,9.0,7.0,4.0,6.0,3.0,7.0,8.0,6.0,9.0,8.0,0.0,3.0,4.0,3.0,4.0,4.0,1
48,5,1,5,7,1,0,0,1,0,0,0,5,126.0,2.0,2.0,,5.0,Cierto abuso en el % de comisiones que carga,5.0,3.0,3.0,3.0,2.0,4.0,7.0,2.0,2.0,2.0,3.0,3.0,3.0,4.0,4.0,6.0,2.0,4.0,4.0,4.0,4.0,4.0,0
49,5,2,1,6,0,1,0,0,0,0,0,4,76.0,1.0,3.0,,8.0,Las comisiones,8.0,4.0,7.0,10.0,10.0,10.0,7.0,9.0,9.0,9.0,8.0,8.0,9.0,6.0,6.0,7.0,7.0,2.0,3.0,3.0,2.0,2.0,2
49,5,1,8,4,0,0,0,0,1,0,0,5,76.0,1.0,,,8.0,ampliar plazo,8.0,5.0,7.0,8.0,8.0,9.0,8.0,8.0,8.0,9.0,8.0,8.0,8.0,8.0,7.0,7.0,8.0,2.0,3.0,2.0,2.0,2.0,2
49,5,1,1,6,0,1,0,0,0,0,0,4,348.0,1.0,3.0,,9.0,Por su trato hacia mi persona,9.0,6.0,9.0,10.0,10.0,10.0,10.0,10.0,10.0,10.0,10.0,10.0,10.0,10.0,10.0,10.0,9.0,2.0,2.0,2.0,2.0,2.0,5
49,5,1,8,4,0,1,0,0,0,0,0,4,222.0,1.0,1.0,,9.0,MENOS COSTE,9.0,6.0,8.0,10.0,8.0,6.0,9.0,9.0,10.0,8.0,9.0,10.0,10.0,10.0,9.0,10.0,8.0,1.0,2.0,2.0,1.0,2.0,5
49,5,2,13,6,1,0,0,0,0,0,0,4,55.0,1.0,6.0,,8.0,Recargos,4.0,6.0,10.0,11.0,7.0,11.0,10.0,11.0,11.0,11.0,11.0,11.0,11.0,11.0,11.0,11.0,10.0,2.0,2.0,3.0,3.0,2.0,3
49,5,2,1,6,1,0,1,0,0,0,0,5,126.0,5.0,1.0,,6.0,Sólo si lo necesitas,6.0,6.0,6.0,8.0,6.0,6.0,5.0,5.0,4.0,7.0,6.0,6.0,7.0,6.0,5.0,8.0,7.0,3.0,3.0,4.0,4.0,4.0,1
49,5,2,1,6,0,1,0,1,0,0,0,5,258.0,1.0,2.0,,5.0,Los intereses son altos,5.0,5.0,5.0,6.0,6.0,12.0,12.0,10.0,5.0,8.0,8.0,6.0,6.0,6.0,6.0,6.0,7.0,3.0,2.0,3.0,2.0,2.0,2
49,5,1,1,6,1,0,0,0,0,0,0,5,378.0,3.0,3.0,,10.0,no tenia intereses,10.0,6.0,10.0,8.0,12.0,9.0,11.0,11.0,9.0,7.0,6.0,11.0,10.0,10.0,11.0,11.0,5.0,1.0,1.0,1.0,2.0,2.0,5
49,5,2,1,6,1,0,0,0,0,0,0,5,52.0,5.0,1.0,,9.0,Son profesionales,9.0,7.0,9.0,10.0,10.0,10.0,10.0,10.0,10.0,11.0,8.0,9.0,9.0,10.0,10.0,5.0,9.0,1.0,2.0,1.0,1.0,2.0,5
49,5,2,15,2,0,0,0,1,0,0,0,4,353.0,5.0,1.0,,10.0,Bajos intereses y facilidades de pago,10.0,7.0,10.0,11.0,12.0,10.0,11.0,11.0,10.0,10.0,9.0,10.0,10.0,10.0,11.0,11.0,8.0,1.0,3.0,2.0,2.0,3.0,3
49,5,2,1,6,0,1,0,0,0,0,0,5,78.0,2.0,3.0,,10.0,Son de confianza y dan muy buenos resultados,10.0,7.0,10.0,7.0,10.0,7.0,9.0,10.0,11.0,10.0,8.0,8.0,9.0,10.0,11.0,10.0,10.0,1.0,1.0,1.0,2.0,2.0,5
49,5,1,14,2,1,0,0,1,0,0,0,5,52.0,5.0,1.0,,5.0,Intereses altos,5.0,5.0,5.0,6.0,8.0,7.0,8.0,3.0,3.0,3.0,2.0,3.0,4.0,6.0,6.0,5.0,5.0,4.0,4.0,3.0,4.0,4.0,1
49,5,2,1,6,1,1,1,0,0,0,0,5,52.0,5.0,7.0,Personal,9.0,Atención,9.0,6.0,8.0,7.0,4.0,9.0,9.0,8.0,7.0,9.0,10.0,9.0,9.0,8.0,10.0,8.0,5.0,2.0,2.0,2.0,2.0,2.0,1
49,5,2,1,6,0,1,0,1,1,1,0,5,78.0,5.0,1.0,,9.0,Toda,8.0,4.0,8.0,3.0,3.0,2.0,4.0,7.0,6.0,4.0,4.0,4.0,5.0,4.0,5.0,6.0,4.0,1.0,1.0,1.0,1.0,1.0,2
49,5,1,7,4,1,0,1,0,0,0,0,5,146.0,3.0,3.0,,9.0,RAPIDEZ Y EXPLICACION EN LA FINANCIACION SIN INTERESSE,9.0,7.0,9.0,9.0,9.0,9.0,10.0,10.0,9.0,10.0,10.0,10.0,10.0,9.0,9.0,9.0,8.0,3.0,2.0,2.0,3.0,2.0,1
49,5,2,10,4,1,1,0,0,0,0,0,5,348.0,1.0,3.0,,7.0,En dar más facilidades cuando pedimos algo,7.0,6.0,8.0,7.0,7.0,8.0,8.0,8.0,7.0,8.0,7.0,9.0,8.0,8.0,8.0,9.0,7.0,2.0,3.0,3.0,3.0,4.0,2
49,5,2,6,1,0,0,0,0,0,1,0,5,353.0,5.0,2.0,,0.0,Yo no le recomendaria,0.0,2.0,0.0,1.0,1.0,1.0,1.0,1.0,3.0,1.0,1.0,1.0,1.0,1.0,1.0,1.0,0.0,3.0,4.0,4.0,4.0,3.0,0
49,5,2,4,5,1,0,0,0,0,0,0,4,348.0,1.0,2.0,,9.0,Facilidad en liberar el préstamo y tasas bajas,9.0,7.0,9.0,10.0,8.0,10.0,10.0,9.0,9.0,9.0,9.0,10.0,10.0,10.0,10.0,9.0,9.0,2.0,2.0,2.0,3.0,3.0,3
49,5,2,14,2,0,1,0,0,0,0,0,4,76.0,1.0,1.0,,9.0,Todo genial siempre,10.0,7.0,9.0,10.0,11.0,8.0,10.0,10.0,10.0,9.0,9.0,9.0,10.0,9.0,10.0,10.0,9.0,3.0,2.0,2.0,2.0,3.0,3
49,5,2,14,2,1,0,0,0,0,0,0,5,76.0,1.0,5.0,,10.0,Buenas condiciones y facilidad de pago,10.0,6.0,10.0,9.0,9.0,10.0,10.0,10.0,10.0,8.0,9.0,8.0,10.0,9.0,8.0,8.0,10.0,2.0,2.0,2.0,3.0,2.0,3
49,5,2,4,5,0,0,0,1,0,0,0,4,126.0,5.0,1.0,,9.0,Facilidad de tramitación,9.0,6.0,9.0,9.0,9.0,9.0,10.0,8.0,8.0,8.0,8.0,10.0,9.0,8.0,8.0,8.0,9.0,2.0,2.0,2.0,2.0,2.0,5
49,5,1,10,4,1,0,0,0,0,0,0,4,52.0,1.0,5.0,,8.0,no se,8.0,5.0,7.0,9.0,9.0,9.0,9.0,9.0,9.0,9.0,9.0,9.0,9.0,9.0,9.0,9.0,7.0,2.0,2.0,2.0,2.0,2.0,4
49,5,2,10,4,0,0,1,0,0,0,0,4,370.0,3.0,3.0,,8.0,Interés más bajo,8.0,5.0,8.0,8.0,9.0,8.0,9.0,9.0,9.0,9.0,9.0,7.0,8.0,9.0,9.0,8.0,8.0,3.0,3.0,3.0,3.0,3.0,2
49,5,1,12,3,1,1,1,1,0,0,0,5,994.0,4.0,1.0,,8.0,"No tuve problemas ni los tengo, fue bien",8.0,7.0,8.0,8.0,7.0,8.0,9.0,8.0,6.0,7.0,6.0,6.0,9.0,8.0,8.0,6.0,8.0,2.0,2.0,3.0,4.0,4.0,4
49,5,2,9,5,0,1,0,1,0,0,0,5,126.0,5.0,2.0,,8.0,Espacio clientes para empresas y solicitudes de operaciones online,7.0,6.0,8.0,7.0,7.0,8.0,8.0,7.0,7.0,7.0,7.0,7.0,7.0,7.0,8.0,8.0,7.0,3.0,3.0,3.0,4.0,4.0,2
49,5,2,12,3,1,1,0,0,0,0,0,5,230.0,1.0,7.0,Hipoteca,8.0,No se,7.0,6.0,8.0,6.0,8.0,7.0,6.0,7.0,6.0,6.0,4.0,6.0,5.0,6.0,8.0,7.0,10.0,2.0,2.0,2.0,2.0,2.0,1
49,5,1,9,5,1,0,0,0,0,0,0,4,52.0,1.0,2.0,,7.0,Dificultad para contactar con soporte útil,6.0,3.0,5.0,7.0,7.0,5.0,10.0,9.0,4.0,4.0,5.0,9.0,9.0,8.0,5.0,7.0,4.0,3.0,4.0,4.0,3.0,3.0,1
49,5,1,9,5,0,1,0,0,0,0,0,4,52.0,1.0,3.0,,8.0,No cobrando tanto por las tarjetas,6.0,5.0,5.0,5.0,5.0,6.0,7.0,6.0,7.0,8.0,6.0,5.0,6.0,6.0,6.0,5.0,5.0,4.0,4.0,4.0,4.0,4.0,1
49,5,1,9,5,0,1,0,0,0,0,0,5,346.0,1.0,7.0,Por tener otra tarjeta,8.0,Más prosctividad con sus clientes,8.0,6.0,8.0,7.0,6.0,11.0,11.0,11.0,5.0,6.0,5.0,10.0,10.0,9.0,7.0,7.0,7.0,3.0,3.0,2.0,3.0,2.0,1
49,5,1,17,5,1,1,0,0,0,0,0,5,346.0,1.0,4.0,,8.0,Cuotas más competitivas,7.0,6.0,8.0,10.0,9.0,9.0,9.0,9.0,10.0,8.0,8.0,8.0,8.0,9.0,9.0,9.0,8.0,2.0,2.0,2.0,2.0,2.0,5
49,5,2,17,5,0,1,0,0,1,0,0,5,230.0,1.0,,,8.0,en tener mas oficinas y cajeros presenciales,9.0,6.0,9.0,10.0,12.0,9.0,10.0,10.0,10.0,9.0,6.0,10.0,10.0,8.0,8.0,7.0,5.0,2.0,2.0,2.0,3.0,2.0,2
49,5,2,12,3,0,1,0,0,0,0,0,5,230.0,1.0,7.0,por nada en especial,9.0,Comodidad,8.0,6.0,9.0,9.0,6.0,9.0,10.0,8.0,9.0,9.0,6.0,8.0,10.0,1.0,8.0,9.0,5.0,2.0,2.0,2.0,2.0,2.0,3
49,5,1,17,5,1,1,0,0,0,0,0,5,346.0,1.0,5.0,,10.0,Buena tasa y excelente atención,10.0,5.0,10.0,10.0,11.0,11.0,11.0,11.0,11.0,9.0,11.0,11.0,11.0,11.0,9.0,11.0,8.0,2.0,1.0,1.0,2.0,3.0,5
49,5,1,12,3,1,0,0,0,0,0,0,5,44.0,2.0,6.0,,7.0,Más tiempo de duración en los préstamos o menores comisiones,7.0,6.0,7.0,8.0,8.0,9.0,7.0,8.0,8.0,10.0,7.0,7.0,7.0,6.0,8.0,7.0,7.0,3.0,3.0,3.0,3.0,3.0,1
49,5,1,1,6,0,1,0,0,0,0,0,5,230.0,1.0,3.0,,10.0,Todas las facilidades que ofrece el banco,10.0,7.0,10.0,11.0,9.0,11.0,11.0,11.0,11.0,10.0,11.0,10.0,11.0,11.0,10.0,10.0,10.0,1.0,2.0,1.0,2.0,1.0,5
49,5,1,12,3,1,0,0,0,0,0,0,4,348.0,1.0,3.0,,8.0,dando mas facilidades,8.0,6.0,8.0,8.0,8.0,9.0,9.0,9.0,6.0,9.0,9.0,9.0,9.0,8.0,8.0,8.0,6.0,3.0,3.0,3.0,3.0,3.0,1
49,5,1,1,6,0,0,0,1,0,0,0,4,412.0,4.0,1.0,,7.0,Menos comisión,7.0,4.0,5.0,3.0,12.0,3.0,12.0,11.0,1.0,4.0,4.0,11.0,11.0,11.0,9.0,11.0,7.0,4.0,4.0,4.0,4.0,4.0,2
49,5,1,13,6,0,0,1,0,0,0,0,4,172.0,3.0,3.0,,8.0,"En principio todo está bien, nos lo explicaron todo bien.",9.0,6.0,9.0,10.0,4.0,10.0,11.0,11.0,10.0,11.0,11.0,11.0,11.0,11.0,11.0,11.0,9.0,1.0,2.0,1.0,1.0,2.0,5
49,5,1,10,4,1,0,0,0,0,0,0,5,469.0,5.0,1.0,,6.0,No recomiendo ninguna financiera.,6.0,4.0,5.0,6.0,6.0,6.0,6.0,5.0,5.0,6.0,5.0,6.0,5.0,6.0,6.0,7.0,5.0,4.0,3.0,4.0,4.0,4.0,1
49,5,1,1,6,0,1,0,0,0,0,0,4,348.0,1.0,3.0,,7.0,Más oficinas y no tanto agente,7.0,5.0,7.0,6.0,6.0,6.0,7.0,8.0,9.0,8.0,7.0,7.0,8.0,8.0,9.0,8.0,8.0,1.0,1.0,1.0,1.0,1.0,2
49,5,1,1,6,0,1,0,0,0,0,0,4,348.0,1.0,3.0,,7.0,Más sucursales y menos agentes,7.0,5.0,7.0,8.0,9.0,9.0,9.0,8.0,9.0,8.0,9.0,4.0,5.0,9.0,8.0,8.0,7.0,1.0,1.0,1.0,1.0,1.0,2
49,5,1,15,2,0,0,1,1,0,0,0,5,383.0,3.0,5.0,,9.0,"Profesionalidad,experiencia,facilidad,trato amable",9.0,7.0,10.0,11.0,10.0,11.0,10.0,10.0,10.0,11.0,10.0,11.0,10.0,11.0,11.0,11.0,10.0,1.0,1.0,1.0,1.0,1.0,3
49,5,1,13,6,1,0,1,1,0,0,0,5,469.0,5.0,2.0,,9.0,La rapidez,9.0,6.0,9.0,10.0,10.0,10.0,10.0,10.0,10.0,10.0,10.0,10.0,10.0,10.0,10.0,10.0,9.0,2.0,2.0,2.0,2.0,2.0,5
49,5,1,9,5,1,1,0,1,0,0,0,5,392.0,4.0,1.0,,10.0,Facilidad de alta y cuotas convenientes,10.0,7.0,10.0,11.0,12.0,11.0,11.0,11.0,11.0,6.0,6.0,11.0,11.0,11.0,11.0,11.0,5.0,2.0,3.0,2.0,4.0,3.0,5
50,5,1,17,5,0,1,1,0,0,0,0,5,283.0,3.0,3.0,,9.0,EL PAGO,8.0,6.0,8.0,10.0,10.0,10.0,9.0,10.0,10.0,10.0,9.0,10.0,10.0,10.0,7.0,7.0,7.0,2.0,2.0,2.0,2.0,1.0,5
50,5,2,15,2,1,0,0,0,0,0,0,4,76.0,1.0,2.0,,8.0,Mejores intereses,8.0,6.0,8.0,9.0,12.0,8.0,8.0,9.0,8.0,9.0,7.0,9.0,9.0,8.0,8.0,9.0,8.0,3.0,3.0,3.0,3.0,3.0,1
50,5,1,1,6,1,0,0,0,0,0,0,5,353.0,5.0,1.0,,8.0,menos intereses,9.0,6.0,9.0,10.0,10.0,10.0,10.0,10.0,10.0,10.0,10.0,10.0,10.0,10.0,10.0,10.0,9.0,2.0,2.0,2.0,2.0,2.0,5
50,5,2,9,5,1,1,1,1,0,1,0,5,412.0,4.0,1.0,,10.0,La rapidez,9.0,7.0,10.0,9.0,9.0,8.0,10.0,11.0,11.0,11.0,11.0,11.0,7.0,11.0,11.0,11.0,10.0,1.0,3.0,2.0,2.0,4.0,3
50,5,2,10,4,0,0,0,1,0,0,0,5,76.0,1.0,1.0,,10.0,Nunca defraudan,10.0,7.0,10.0,11.0,11.0,11.0,11.0,11.0,11.0,11.0,11.0,11.0,11.0,11.0,11.0,11.0,10.0,1.0,1.0,1.0,1.0,1.0,5
50,5,1,12,3,0,0,0,1,0,0,0,4,52.0,5.0,1.0,,9.0,"Calidad, transparencia y confianza.",9.0,6.0,9.0,10.0,9.0,10.0,10.0,9.0,10.0,9.0,9.0,10.0,10.0,9.0,10.0,10.0,9.0,2.0,2.0,1.0,2.0,1.0,3
50,5,2,7,4,0,0,0,0,0,1,0,4,346.0,1.0,7.0,,9.0,Tarjeta de crédito,9.0,1.0,9.0,11.0,11.0,11.0,11.0,11.0,11.0,11.0,11.0,11.0,11.0,11.0,11.0,11.0,10.0,2.0,2.0,2.0,2.0,2.0,5
50,5,1,11,1,0,0,1,0,0,0,0,4,172.0,3.0,3.0,,8.0,Más profesionalidad a la hora de explicar el producto.,8.0,6.0,8.0,8.0,7.0,9.0,9.0,8.0,8.0,8.0,8.0,9.0,9.0,8.0,8.0,9.0,8.0,1.0,2.0,2.0,1.0,2.0,4
50,5,2,2,2,0,1,0,0,0,0,0,5,380.0,3.0,5.0,,9.0,Muy buena,9.0,3.0,9.0,8.0,7.0,5.0,8.0,5.0,5.0,5.0,3.0,8.0,9.0,9.0,8.0,9.0,8.0,3.0,3.0,3.0,3.0,2.0,1
50,5,2,12,3,0,1,0,0,0,0,0,5,397.0,1.0,6.0,,8.0,Que no sea tan alta la comisión.,7.0,5.0,8.0,8.0,6.0,7.0,9.0,8.0,8.0,6.0,6.0,9.0,8.0,8.0,8.0,9.0,6.0,2.0,3.0,3.0,3.0,3.0,1
50,5,1,4,5,0,1,0,0,0,0,0,5,469.0,2.0,3.0,,9.0,Ofrece buenas condiciones de pago,9.0,6.0,9.0,10.0,11.0,10.0,10.0,10.0,10.0,10.0,10.0,10.0,10.0,10.0,10.0,10.0,5.0,1.0,1.0,1.0,1.0,1.0,3
50,5,1,4,5,1,1,0,0,0,0,0,5,230.0,1.0,4.0,,9.0,La rapidez en la operativa,9.0,6.0,9.0,11.0,9.0,10.0,11.0,9.0,9.0,9.0,7.0,9.0,10.0,8.0,7.0,8.0,7.0,2.0,2.0,3.0,3.0,2.0,1
50,5,2,10,4,1,0,0,0,0,0,0,4,222.0,1.0,1.0,,7.0,Que los intereses de todos sus productos fueran mas bajos,7.0,6.0,8.0,9.0,12.0,9.0,9.0,8.0,8.0,8.0,9.0,9.0,10.0,9.0,9.0,8.0,8.0,3.0,3.0,2.0,2.0,2.0,2
50,5,1,14,2,1,1,0,0,0,0,0,5,78.0,5.0,1.0,,8.0,Más información,8.0,5.0,8.0,9.0,8.0,9.0,11.0,7.0,6.0,7.0,6.0,9.0,11.0,7.0,7.0,8.0,7.0,3.0,4.0,3.0,3.0,4.0,3
50,5,2,10,4,1,0,0,0,0,0,0,4,222.0,1.0,1.0,,8.0,Bajar los tipos de interes,8.0,6.0,8.0,7.0,9.0,9.0,10.0,10.0,8.0,10.0,9.0,9.0,10.0,9.0,9.0,9.0,8.0,3.0,2.0,2.0,3.0,2.0,5
50,5,2,4,5,1,0,0,0,0,0,0,4,52.0,1.0,3.0,,3.0,por su usura como banco,1.0,2.0,2.0,12.0,3.0,12.0,12.0,5.0,5.0,5.0,5.0,5.0,4.0,4.0,4.0,4.0,3.0,3.0,3.0,3.0,2.0,3.0,0
50,5,1,4,5,0,1,0,0,0,0,0,5,78.0,2.0,3.0,,5.0,No me gusta meterme donde no me importa,8.0,5.0,6.0,4.0,3.0,3.0,4.0,4.0,6.0,4.0,4.0,4.0,5.0,5.0,4.0,5.0,5.0,3.0,4.0,3.0,4.0,3.0,1
50,5,1,1,6,1,0,0,0,0,0,0,4,397.0,1.0,1.0,,5.0,Ninguna,6.0,6.0,6.0,6.0,12.0,6.0,9.0,9.0,6.0,6.0,6.0,9.0,9.0,6.0,6.0,6.0,6.0,3.0,3.0,3.0,3.0,4.0,2
50,5,1,10,4,1,1,0,0,0,0,0,5,43.0,1.0,3.0,,10.0,"Comodidad, eficiencia, interés razonable",10.0,7.0,10.0,11.0,10.0,11.0,11.0,11.0,11.0,11.0,11.0,11.0,11.0,11.0,11.0,11.0,10.0,1.0,1.0,1.0,2.0,1.0,5
50,5,1,10,4,1,1,1,0,0,0,0,5,373.0,3.0,3.0,,10.0,Rapidez. Seriedad.,10.0,6.0,10.0,9.0,9.0,9.0,10.0,9.0,9.0,8.0,8.0,7.0,8.0,9.0,8.0,7.0,9.0,2.0,3.0,2.0,3.0,3.0,1
50,5,1,14,2,1,1,0,0,0,0,0,5,991.0,1.0,2.0,,10.0,Cercanía y buenas condiciones.,10.0,7.0,10.0,11.0,9.0,10.0,9.0,10.0,8.0,11.0,11.0,11.0,11.0,11.0,9.0,9.0,9.0,1.0,2.0,2.0,2.0,2.0,3
50,5,2,15,2,0,0,0,1,0,0,0,4,76.0,1.0,2.0,,8.0,En mejorar precios,8.0,6.0,8.0,9.0,9.0,9.0,9.0,9.0,9.0,9.0,8.0,10.0,9.0,8.0,9.0,10.0,8.0,3.0,2.0,2.0,2.0,2.0,4
50,5,2,15,2,0,1,0,0,0,0,0,5,258.0,1.0,3.0,,8.0,Mas barato el mantenimiento de la tarjeta,7.0,5.0,8.0,9.0,6.0,9.0,11.0,7.0,8.0,8.0,8.0,9.0,7.0,8.0,9.0,9.0,7.0,3.0,3.0,4.0,3.0,3.0,3
50,5,2,15,2,1,1,0,0,0,0,0,5,418.0,2.0,5.0,,7.0,Atención personalizada,6.0,5.0,7.0,6.0,3.0,7.0,9.0,4.0,2.0,2.0,3.0,8.0,8.0,7.0,8.0,7.0,4.0,3.0,3.0,3.0,2.0,4.0,1
50,5,2,9,5,0,0,0,0,1,1,0,5,53.0,2.0,1.0,,10.0,Buen trato cliente,10.0,7.0,10.0,11.0,7.0,11.0,8.0,9.0,6.0,8.0,6.0,7.0,8.0,8.0,8.0,9.0,9.0,2.0,3.0,1.0,1.0,1.0,5
50,5,1,13,6,0,0,0,0,0,1,0,4,337.0,4.0,1.0,,10.0,facilidad de credito,10.0,7.0,10.0,11.0,11.0,11.0,11.0,11.0,11.0,11.0,11.0,11.0,11.0,11.0,11.0,11.0,10.0,1.0,1.0,1.0,1.0,1.0,3
50,5,2,12,3,1,1,1,1,0,0,0,5,392.0,4.0,1.0,,9.0,Facilidades en todo,9.0,6.0,9.0,9.0,6.0,9.0,9.0,9.0,9.0,9.0,7.0,8.0,8.0,9.0,9.0,10.0,9.0,1.0,1.0,1.0,2.0,1.0,3
50,5,1,11,1,1,1,1,0,0,0,0,5,311.0,2.0,3.0,,5.0,interese de su tarjeta,0.0,6.0,3.0,3.0,3.0,3.0,8.0,4.0,1.0,2.0,2.0,4.0,4.0,3.0,3.0,4.0,0.0,3.0,4.0,4.0,4.0,4.0,0
50,5,1,1,6,0,0,1,0,0,0,0,4,374.0,3.0,3.0,,10.0,comodidad en el pago y muy buena app,10.0,7.0,10.0,11.0,11.0,11.0,11.0,11.0,11.0,11.0,11.0,11.0,11.0,11.0,11.0,11.0,10.0,1.0,2.0,1.0,2.0,1.0,5
50,5,2,5,7,0,1,1,1,0,0,0,5,337.0,4.0,1.0,,7.0,En la atención al cliente,8.0,6.0,8.0,10.0,10.0,10.0,10.0,8.0,8.0,9.0,9.0,8.0,10.0,9.0,9.0,9.0,8.0,2.0,3.0,3.0,2.0,3.0,5
50,5,1,11,1,1,1,0,1,0,0,0,5,475.0,4.0,1.0,,9.0,Empresa consolidada,9.0,6.0,10.0,9.0,9.0,8.0,11.0,10.0,8.0,8.0,8.0,10.0,10.0,9.0,9.0,9.0,10.0,2.0,2.0,1.0,2.0,2.0,3
50,5,2,5,7,0,1,0,0,0,0,0,4,346.0,1.0,3.0,,3.0,Personal no puede explicar nada,2.0,2.0,1.0,2.0,2.0,1.0,2.0,1.0,1.0,1.0,1.0,2.0,2.0,1.0,2.0,2.0,8.0,4.0,4.0,4.0,4.0,4.0,0
50,5,1,1,6,0,1,1,1,0,0,0,5,146.0,3.0,6.0,,8.0,Mejores comisiones,8.0,5.0,9.0,8.0,9.0,9.0,9.0,8.0,9.0,8.0,9.0,8.0,8.0,8.0,7.0,8.0,7.0,2.0,3.0,2.0,3.0,3.0,2
50,5,1,5,7,1,0,0,0,0,0,0,4,230.0,1.0,5.0,,8.0,Bajar los intereses,7.0,7.0,8.0,5.0,6.0,7.0,10.0,5.0,5.0,6.0,6.0,9.0,8.0,6.0,6.0,9.0,6.0,2.0,4.0,4.0,4.0,4.0,1
50,5,1,9,5,0,1,0,0,0,0,0,5,230.0,1.0,2.0,,8.0,"en muchos, habría que mejorar la atención al cliente",8.0,6.0,8.0,7.0,8.0,10.0,5.0,7.0,10.0,9.0,11.0,9.0,11.0,9.0,9.0,8.0,6.0,2.0,1.0,2.0,3.0,4.0,1
50,5,1,17,5,1,0,0,1,0,0,0,5,475.0,4.0,1.0,,10.0,Rapidez,10.0,7.0,10.0,11.0,9.0,11.0,11.0,10.0,11.0,9.0,9.0,10.0,9.0,8.0,8.0,11.0,10.0,1.0,2.0,1.0,1.0,2.0,3
50,5,2,2,2,1,0,0,0,0,0,0,4,126.0,2.0,3.0,,10.0,Todo bien no es la primera vez,10.0,7.0,10.0,10.0,10.0,11.0,10.0,10.0,10.0,9.0,9.0,9.0,9.0,7.0,5.0,7.0,5.0,1.0,3.0,3.0,3.0,3.0,4
50,5,2,5,7,0,0,1,0,0,0,0,4,378.0,3.0,3.0,,9.0,Servicio,10.0,7.0,10.0,10.0,10.0,10.0,10.0,10.0,10.0,11.0,11.0,10.0,10.0,11.0,11.0,11.0,9.0,2.0,2.0,1.0,2.0,2.0,5
50,5,2,1,6,0,1,1,0,0,0,0,5,370.0,3.0,5.0,,10.0,Servicio garantizado totalmente,10.0,7.0,10.0,11.0,11.0,11.0,11.0,11.0,9.0,11.0,10.0,11.0,11.0,8.0,11.0,10.0,10.0,1.0,2.0,1.0,1.0,2.0,5
50,5,2,12,3,0,1,1,0,0,0,0,5,378.0,3.0,3.0,,8.0,MEJOR INÓRMACIÓN DE LOS INTERESES A PAGAR,8.0,6.0,8.0,9.0,6.0,8.0,9.0,10.0,9.0,9.0,9.0,10.0,10.0,8.0,8.0,9.0,8.0,2.0,3.0,3.0,3.0,3.0,3
50,5,1,1,6,1,1,0,0,0,0,0,5,378.0,3.0,3.0,,6.0,pocas prestaciones ventajosas.,6.0,5.0,5.0,6.0,7.0,7.0,7.0,7.0,6.0,7.0,7.0,5.0,6.0,5.0,7.0,7.0,4.0,3.0,3.0,3.0,4.0,3.0,2
50,5,1,12,3,0,0,0,1,0,0,0,4,337.0,4.0,2.0,,7.0,Garantía extra del vehículo,6.0,5.0,7.0,6.0,6.0,6.0,7.0,6.0,2.0,6.0,6.0,6.0,6.0,7.0,6.0,7.0,5.0,3.0,4.0,3.0,3.0,3.0,1
50,5,1,9,5,0,1,0,0,0,0,0,5,369.0,3.0,3.0,,8.0,Más información,7.0,6.0,8.0,3.0,7.0,6.0,7.0,7.0,8.0,5.0,8.0,7.0,9.0,7.0,4.0,7.0,7.0,1.0,2.0,2.0,3.0,4.0,1
50,5,1,11,1,0,1,0,1,0,0,0,5,208.0,3.0,3.0,,8.0,Mejoras en la financiación aumentando tiempo de pago,8.0,6.0,8.0,9.0,7.0,8.0,11.0,9.0,10.0,10.0,9.0,9.0,10.0,9.0,9.0,10.0,8.0,1.0,2.0,1.0,1.0,2.0,4
50,5,1,9,5,1,0,0,0,0,0,0,5,469.0,5.0,1.0,,6.0,Tuve problemas al contratarlo,6.0,6.0,6.0,7.0,5.0,7.0,7.0,8.0,8.0,7.0,7.0,7.0,7.0,7.0,7.0,7.0,7.0,3.0,3.0,3.0,4.0,3.0,2
50,5,2,2,2,0,0,0,0,1,0,0,4,126.0,2.0,,,10.0,FACIL,8.0,6.0,8.0,10.0,10.0,10.0,9.0,9.0,8.0,9.0,8.0,9.0,10.0,9.0,9.0,9.0,8.0,1.0,1.0,2.0,2.0,1.0,3
51,5,1,12,3,0,1,0,0,0,0,0,5,76.0,1.0,6.0,,10.0,Cercanía con el cliente,10.0,7.0,10.0,10.0,11.0,9.0,11.0,10.0,11.0,10.0,10.0,11.0,11.0,10.0,9.0,10.0,9.0,1.0,1.0,1.0,2.0,2.0,3
51,5,1,2,2,0,0,1,0,0,0,0,5,208.0,3.0,3.0,,7.0,no sabria decirle,7.0,5.0,6.0,8.0,8.0,8.0,6.0,6.0,7.0,7.0,8.0,8.0,8.0,7.0,7.0,9.0,6.0,3.0,3.0,2.0,2.0,2.0,1
51,5,1,1,6,1,0,0,0,0,0,0,4,372.0,3.0,3.0,,7.0,En poner un black frade y bajar precios,7.0,5.0,6.0,10.0,9.0,12.0,7.0,7.0,6.0,8.0,5.0,7.0,6.0,8.0,8.0,8.0,7.0,3.0,3.0,3.0,3.0,2.0,2
51,5,2,5,7,1,0,0,0,1,0,0,5,78.0,2.0,5.0,,10.0,Es muy bueno,10.0,7.0,10.0,11.0,11.0,11.0,11.0,11.0,11.0,11.0,11.0,11.0,11.0,11.0,11.0,11.0,10.0,1.0,1.0,1.0,1.0,1.0,5
51,5,2,9,5,1,1,0,0,0,1,0,5,412.0,4.0,1.0,,8.0,Interés más bajos,7.0,6.0,7.0,8.0,6.0,7.0,10.0,7.0,5.0,10.0,7.0,8.0,10.0,5.0,7.0,9.0,6.0,3.0,3.0,3.0,4.0,4.0,2
51,5,2,9,5,1,0,0,0,0,0,0,4,52.0,5.0,1.0,,6.0,Si lo recomiendo,6.0,6.0,6.0,8.0,8.0,7.0,7.0,6.0,6.0,5.0,6.0,1.0,5.0,5.0,6.0,5.0,6.0,2.0,3.0,1.0,3.0,3.0,1
51,5,2,15,2,1,0,0,0,0,0,0,4,258.0,1.0,6.0,,0.0,Interés muy alto y préstamo superior al que yo neceesitava,0.0,1.0,0.0,1.0,1.0,1.0,11.0,1.0,1.0,1.0,1.0,1.0,1.0,11.0,1.0,1.0,3.0,4.0,4.0,4.0,4.0,4.0,0
51,5,1,1,6,1,1,0,0,0,0,0,5,43.0,1.0,3.0,,7.0,Mas tiendas,7.0,6.0,7.0,9.0,8.0,9.0,7.0,7.0,8.0,8.0,7.0,8.0,7.0,6.0,8.0,9.0,7.0,2.0,2.0,2.0,2.0,2.0,2
51,5,1,12,3,1,1,1,1,0,1,0,5,52.0,5.0,2.0,,9.0,buen atencion al cliente,10.0,6.0,8.0,10.0,9.0,9.0,9.0,8.0,9.0,10.0,9.0,9.0,7.0,10.0,9.0,9.0,8.0,2.0,2.0,1.0,2.0,2.0,3
51,5,2,5,7,1,1,0,1,0,0,0,5,353.0,5.0,1.0,,9.0,Que a tener nomina me pusieron muy fácil los pagos,9.0,6.0,9.0,8.0,9.0,9.0,9.0,9.0,9.0,9.0,9.0,7.0,9.0,9.0,9.0,9.0,9.0,2.0,2.0,2.0,2.0,2.0,3
51,5,1,15,2,0,0,1,0,0,1,0,5,412.0,4.0,1.0,,5.0,Coste elevado,4.0,4.0,4.0,3.0,5.0,6.0,9.0,8.0,3.0,6.0,6.0,8.0,9.0,3.0,8.0,4.0,4.0,4.0,4.0,4.0,4.0,4.0,1
51,5,1,7,4,0,1,0,0,0,0,0,5,222.0,1.0,3.0,,8.0,Los tipos de interés,8.0,5.0,8.0,9.0,9.0,8.0,9.0,9.0,9.0,10.0,9.0,8.0,9.0,8.0,9.0,8.0,8.0,3.0,3.0,3.0,2.0,3.0,4
51,5,1,4,5,1,0,0,0,0,0,0,4,348.0,1.0,1.0,,10.0,Pude hacer el préstamo online al momento con toda comodidad,10.0,7.0,9.0,6.0,6.0,9.0,11.0,6.0,4.0,8.0,6.0,6.0,8.0,6.0,5.0,4.0,6.0,4.0,4.0,4.0,4.0,4.0,1
51,5,2,13,6,1,0,0,0,0,0,0,5,126.0,5.0,1.0,,7.0,tiene buenos prestamos pero para mi no es tan fiable como un banco convencional,8.0,6.0,7.0,9.0,9.0,8.0,8.0,9.0,9.0,9.0,9.0,9.0,10.0,9.0,9.0,9.0,8.0,3.0,3.0,2.0,2.0,3.0,2
51,5,1,1,6,1,1,0,0,0,1,0,5,126.0,5.0,1.0,,8.0,Mejorar precio,8.0,6.0,8.0,7.0,7.0,6.0,9.0,8.0,8.0,6.0,6.0,7.0,7.0,7.0,7.0,8.0,5.0,3.0,3.0,2.0,3.0,3.0,2
51,5,2,15,2,0,0,0,1,0,0,0,4,126.0,5.0,7.0,Para que me saliera más económico el coche,7.0,Tal cual 6 está me parece correcto,6.0,4.0,7.0,3.0,8.0,3.0,8.0,4.0,1.0,4.0,7.0,6.0,6.0,6.0,3.0,6.0,4.0,2.0,4.0,4.0,4.0,4.0,1
51,5,1,1,6,0,1,1,1,0,0,0,5,126.0,5.0,1.0,,8.0,Menos interés,8.0,6.0,8.0,9.0,9.0,9.0,9.0,9.0,8.0,9.0,8.0,7.0,9.0,7.0,9.0,9.0,8.0,2.0,3.0,3.0,2.0,3.0,5
51,5,1,1,6,1,1,0,0,0,0,0,5,258.0,1.0,3.0,,10.0,Miré varios créditos personales y el que mejor condiciones tenía y encima lo más rápido.,9.0,6.0,10.0,9.0,10.0,9.0,11.0,10.0,10.0,10.0,8.0,9.0,10.0,10.0,10.0,11.0,9.0,2.0,3.0,2.0,2.0,2.0,5
51,5,2,1,6,0,0,0,1,0,0,0,4,76.0,1.0,1.0,,9.0,Pues fue rápido y eficaz,8.0,6.0,8.0,7.0,9.0,1.0,8.0,10.0,10.0,10.0,1.0,8.0,10.0,10.0,10.0,10.0,9.0,1.0,1.0,1.0,1.0,1.0,3
51,5,1,4,5,1,0,0,0,0,0,0,5,76.0,1.0,2.0,,5.0,Alto comisiones,7.0,3.0,7.0,5.0,4.0,5.0,2.0,8.0,7.0,8.0,3.0,5.0,8.0,5.0,6.0,8.0,6.0,3.0,3.0,3.0,2.0,2.0,2
51,5,2,14,2,0,0,0,1,0,0,0,4,991.0,1.0,1.0,,10.0,Inmediatez,10.0,7.0,10.0,11.0,11.0,11.0,11.0,11.0,11.0,11.0,11.0,11.0,11.0,11.0,11.0,11.0,10.0,1.0,1.0,1.0,1.0,1.0,3
51,5,1,4,5,1,0,0,0,0,0,0,4,348.0,1.0,1.0,,9.0,Todo fue rápido y sencillo,9.0,7.0,9.0,6.0,6.0,8.0,10.0,7.0,6.0,6.0,6.0,6.0,6.0,6.0,6.0,7.0,7.0,3.0,4.0,4.0,4.0,4.0,1
51,5,2,4,5,0,0,1,0,0,0,0,4,370.0,3.0,3.0,,7.0,menos intereses,7.0,5.0,7.0,8.0,5.0,8.0,8.0,8.0,8.0,8.0,8.0,8.0,8.0,8.0,8.0,8.0,6.0,2.0,2.0,2.0,2.0,2.0,2
51,5,1,10,4,0,0,0,1,0,0,0,4,353.0,5.0,1.0,,7.0,INTERESES BAJOS Y FACILIDAD PARA SOLICITAR PRESTAMOS,7.0,6.0,6.0,7.0,5.0,6.0,9.0,7.0,7.0,7.0,6.0,9.0,9.0,8.0,9.0,10.0,6.0,1.0,2.0,3.0,2.0,3.0,2
51,5,2,10,4,0,0,0,1,0,0,0,4,995.0,5.0,1.0,,5.0,LOS INTERESES AL FINAL SON ALTOS,6.0,6.0,6.0,6.0,6.0,7.0,7.0,6.0,5.0,6.0,6.0,8.0,6.0,6.0,6.0,6.0,5.0,3.0,4.0,4.0,4.0,4.0,1
51,5,2,15,2,0,0,1,0,0,0,0,4,993.0,3.0,3.0,,8.0,Está bien en veneral,8.0,6.0,8.0,8.0,9.0,10.0,10.0,6.0,6.0,6.0,6.0,6.0,6.0,4.0,4.0,4.0,7.0,2.0,2.0,2.0,2.0,3.0,1
51,5,2,9,5,1,1,0,0,0,0,0,5,126.0,2.0,4.0,,9.0,Variedad en el tiempo de devolver el credito,9.0,7.0,9.0,10.0,8.0,10.0,11.0,10.0,10.0,10.0,8.0,8.0,10.0,9.0,10.0,9.0,8.0,1.0,1.0,1.0,2.0,1.0,5
51,5,1,17,5,1,0,1,0,0,0,0,5,126.0,5.0,1.0,,9.0,Rapidez,8.0,7.0,8.0,9.0,9.0,10.0,11.0,9.0,9.0,9.0,8.0,9.0,9.0,9.0,9.0,10.0,9.0,1.0,1.0,1.0,1.0,1.0,5
51,5,1,17,5,1,1,0,1,0,0,0,5,412.0,4.0,1.0,,10.0,Muy amable y responsable,10.0,7.0,10.0,11.0,10.0,8.0,9.0,11.0,8.0,7.0,9.0,8.0,8.0,10.0,8.0,9.0,10.0,1.0,1.0,1.0,1.0,2.0,3
51,5,1,12,3,0,1,0,0,0,0,0,4,230.0,1.0,7.0,Venia de serie con la cuenta,8.0,Mejorar la rentabilidad de sus productos,8.0,7.0,9.0,8.0,6.0,8.0,10.0,9.0,6.0,6.0,8.0,8.0,11.0,8.0,8.0,9.0,8.0,2.0,3.0,2.0,3.0,2.0,3
51,5,1,12,3,1,1,0,0,0,0,0,5,230.0,1.0,6.0,,8.0,Implementar más herramientas,8.0,4.0,8.0,9.0,6.0,7.0,9.0,9.0,9.0,6.0,6.0,11.0,11.0,9.0,9.0,9.0,8.0,1.0,2.0,3.0,3.0,4.0,1
51,5,1,9,5,0,1,0,0,0,0,0,5,343.0,3.0,7.0,Conbustible,10.0,"Calidad,atencion al cliente",10.0,7.0,10.0,6.0,6.0,8.0,11.0,11.0,11.0,11.0,11.0,11.0,11.0,7.0,7.0,6.0,10.0,2.0,2.0,1.0,2.0,3.0,5
51,5,1,12,3,0,1,0,0,0,0,0,4,230.0,1.0,5.0,,7.0,Mas sucursales fisicas,8.0,4.0,8.0,7.0,7.0,7.0,8.0,8.0,7.0,8.0,5.0,6.0,8.0,7.0,7.0,6.0,7.0,3.0,2.0,3.0,3.0,3.0,1
51,5,1,13,6,0,0,1,0,0,0,0,4,370.0,3.0,3.0,,7.0,la cuantía,7.0,6.0,8.0,7.0,10.0,9.0,8.0,7.0,8.0,7.0,8.0,6.0,3.0,8.0,5.0,8.0,8.0,2.0,2.0,1.0,2.0,1.0,2
51,5,1,11,1,0,0,1,0,0,0,0,4,383.0,3.0,3.0,,5.0,Está bien,6.0,5.0,5.0,6.0,4.0,5.0,6.0,6.0,8.0,5.0,5.0,6.0,8.0,4.0,7.0,5.0,6.0,2.0,3.0,2.0,2.0,3.0,1
51,5,2,1,6,0,1,1,0,0,0,0,5,371.0,3.0,5.0,,6.0,Sin buenos,7.0,6.0,7.0,7.0,8.0,8.0,7.0,7.0,8.0,7.0,6.0,6.0,7.0,7.0,7.0,6.0,6.0,2.0,3.0,3.0,2.0,2.0,1
51,5,1,15,2,0,0,1,0,0,0,0,4,377.0,3.0,3.0,,7.0,"No se está bien,no sabría decir.",8.0,6.0,7.0,6.0,4.0,6.0,8.0,9.0,6.0,6.0,7.0,8.0,8.0,7.0,9.0,9.0,6.0,3.0,4.0,3.0,4.0,4.0,1
51,5,2,15,2,0,1,0,0,0,0,0,4,171.0,3.0,3.0,,10.0,Muy bien,10.0,7.0,10.0,11.0,11.0,11.0,11.0,11.0,11.0,11.0,11.0,11.0,11.0,11.0,11.0,11.0,10.0,1.0,1.0,1.0,1.0,1.0,3
52,5,1,9,5,0,0,0,1,0,0,0,4,126.0,5.0,1.0,,7.0,Intereses,7.0,6.0,7.0,8.0,8.0,8.0,8.0,7.0,7.0,7.0,7.0,7.0,7.0,7.0,7.0,7.0,6.0,2.0,2.0,2.0,2.0,2.0,1
52,5,1,9,5,0,1,0,0,0,0,0,5,78.0,2.0,3.0,,7.0,Comisiones,7.0,6.0,9.0,9.0,8.0,3.0,6.0,9.0,8.0,8.0,8.0,4.0,5.0,5.0,7.0,6.0,7.0,3.0,2.0,2.0,3.0,1.0,1
52,5,2,17,5,0,0,0,1,0,0,0,4,78.0,5.0,1.0,,6.0,INTERESES ALTOS,6.0,4.0,6.0,6.0,6.0,6.0,8.0,6.0,6.0,6.0,6.0,7.0,8.0,6.0,7.0,6.0,5.0,3.0,3.0,3.0,3.0,3.0,1
52,5,1,1,6,0,0,0,1,0,0,0,4,126.0,5.0,1.0,,8.0,Precio,8.0,6.0,7.0,7.0,3.0,8.0,8.0,11.0,8.0,9.0,6.0,9.0,3.0,5.0,3.0,5.0,10.0,3.0,2.0,1.0,3.0,2.0,1
52,5,2,1,6,1,0,0,0,0,0,0,4,52.0,1.0,5.0,,9.0,Me dieron el préstamo de forma rápida y el interés ha sido mínimo.,9.0,7.0,10.0,11.0,9.0,11.0,11.0,11.0,9.0,11.0,11.0,11.0,11.0,9.0,10.0,11.0,10.0,1.0,3.0,2.0,2.0,2.0,5
52,5,1,15,2,0,1,0,0,0,0,0,4,52.0,1.0,3.0,,5.0,Es formal,5.0,5.0,5.0,6.0,6.0,4.0,5.0,6.0,6.0,6.0,4.0,4.0,5.0,4.0,6.0,6.0,5.0,4.0,4.0,4.0,3.0,4.0,1
52,5,1,11,1,0,0,0,0,0,1,0,5,52.0,5.0,1.0,,8.0,Funciona bien,7.0,5.0,7.0,5.0,5.0,3.0,5.0,7.0,9.0,8.0,5.0,5.0,7.0,4.0,8.0,7.0,7.0,1.0,2.0,2.0,1.0,1.0,1
52,5,2,4,5,1,0,0,0,0,0,0,4,348.0,1.0,2.0,,10.0,son muy profecionales,10.0,7.0,10.0,11.0,12.0,11.0,11.0,11.0,11.0,11.0,11.0,11.0,11.0,11.0,11.0,11.0,10.0,1.0,1.0,1.0,1.0,1.0,5
52,5,1,1,6,0,0,0,1,0,0,0,4,52.0,1.0,1.0,,10.0,"Al solicitar el préstamo para la compra de mi coche nuevo con BBVA, lo más positivo que experimenté fue la rapidez y claridad en el proceso, ya que desde el primer momento me ofrecieron información transparente sobre las condiciones, cuotas y plazos.",10.0,7.0,10.0,11.0,9.0,10.0,11.0,11.0,10.0,9.0,9.0,11.0,11.0,10.0,10.0,9.0,8.0,1.0,2.0,1.0,2.0,2.0,5
52,5,2,1,6,1,0,0,0,0,0,0,4,10.0,3.0,3.0,,10.0,facilidad,9.0,6.0,9.0,9.0,10.0,9.0,9.0,9.0,8.0,9.0,8.0,9.0,8.0,8.0,7.0,8.0,7.0,1.0,1.0,2.0,2.0,2.0,3
52,5,2,1,6,1,0,0,0,1,0,0,5,21.0,1.0,3.0,,9.0,Fácil,9.0,7.0,9.0,9.0,9.0,9.0,10.0,10.0,9.0,10.0,9.0,10.0,10.0,8.0,10.0,10.0,9.0,2.0,2.0,2.0,3.0,3.0,3
52,5,1,1,6,0,1,0,0,0,0,0,4,348.0,1.0,6.0,,7.0,En el tipo de interés de la tarjeta,7.0,6.0,7.0,8.0,4.0,8.0,11.0,8.0,8.0,9.0,8.0,9.0,10.0,10.0,9.0,10.0,8.0,2.0,2.0,1.0,1.0,2.0,2
52,5,2,2,2,1,0,0,0,0,0,0,5,85.0,2.0,4.0,,10.0,"Cuota,plazo , accesibles",10.0,7.0,10.0,11.0,3.0,11.0,11.0,11.0,11.0,10.0,10.0,10.0,10.0,10.0,10.0,10.0,9.0,2.0,2.0,2.0,2.0,2.0,3
52,5,2,7,4,1,0,0,0,0,0,0,4,52.0,1.0,1.0,,5.0,no me gusta recomendar nada,8.0,5.0,6.0,6.0,12.0,12.0,6.0,6.0,2.0,6.0,6.0,6.0,6.0,6.0,6.0,6.0,5.0,3.0,3.0,4.0,4.0,4.0,1
52,5,2,14,2,1,0,0,0,0,0,0,4,76.0,1.0,3.0,,7.0,En muchos,7.0,5.0,7.0,8.0,8.0,7.0,8.0,8.0,7.0,7.0,7.0,8.0,7.0,7.0,7.0,7.0,7.0,3.0,3.0,3.0,3.0,3.0,1
52,5,1,10,4,0,0,1,0,0,0,0,4,373.0,3.0,3.0,,7.0,Más facilidades,7.0,5.0,7.0,7.0,8.0,8.0,7.0,7.0,7.0,7.0,6.0,8.0,7.0,7.0,6.0,7.0,6.0,1.0,2.0,1.0,2.0,2.0,2
52,5,1,10,4,0,0,1,0,0,0,0,4,343.0,3.0,3.0,,7.0,Ninguno,6.0,5.0,6.0,7.0,6.0,6.0,7.0,7.0,7.0,7.0,6.0,5.0,7.0,7.0,8.0,7.0,6.0,2.0,2.0,1.0,2.0,2.0,1
52,5,1,8,4,1,1,0,0,0,0,0,5,397.0,1.0,3.0,,8.0,Mejorar la app,8.0,6.0,9.0,10.0,12.0,10.0,10.0,7.0,7.0,5.0,7.0,7.0,7.0,9.0,8.0,8.0,8.0,2.0,2.0,2.0,3.0,4.0,2
52,5,1,5,7,0,0,1,0,0,0,0,4,227.0,3.0,3.0,,5.0,esta bien y no es de los mas caros,5.0,4.0,7.0,7.0,12.0,9.0,12.0,8.0,8.0,7.0,7.0,9.0,8.0,8.0,7.0,7.0,5.0,1.0,1.0,1.0,1.0,1.0,2
52,5,2,12,3,0,0,0,1,0,0,0,4,353.0,5.0,1.0,,5.0,Los elevados intereses,6.0,5.0,6.0,4.0,4.0,5.0,6.0,5.0,2.0,4.0,5.0,5.0,6.0,5.0,6.0,6.0,5.0,3.0,4.0,4.0,4.0,4.0,1
52,5,1,9,5,1,1,0,0,0,1,0,5,469.0,5.0,1.0,,9.0,Cuotas,9.0,7.0,10.0,10.0,12.0,12.0,11.0,11.0,8.0,6.0,9.0,11.0,11.0,9.0,8.0,3.0,7.0,1.0,2.0,4.0,4.0,4.0,5
52,5,2,17,5,1,0,1,0,0,0,0,5,381.0,3.0,3.0,,10.0,Fue muy cómodo realizar la compra y la financiación,10.0,7.0,10.0,11.0,11.0,11.0,11.0,10.0,10.0,10.0,10.0,10.0,10.0,10.0,10.0,10.0,10.0,1.0,1.0,1.0,1.0,1.0,5
52,5,2,12,3,1,1,0,1,0,0,0,5,467.0,5.0,1.0,,5.0,Intereses un poco elevado,5.0,4.0,5.0,5.0,9.0,6.0,7.0,5.0,4.0,5.0,4.0,7.0,6.0,5.0,5.0,7.0,4.0,4.0,4.0,4.0,3.0,4.0,1
52,5,1,1,6,1,0,0,0,0,0,0,4,382.0,3.0,3.0,,8.0,Así es correcta,8.0,6.0,8.0,9.0,6.0,9.0,9.0,8.0,8.0,7.0,7.0,8.0,10.0,8.0,9.0,9.0,7.0,1.0,2.0,2.0,3.0,3.0,2
52,5,1,12,3,1,0,0,0,0,0,0,4,370.0,3.0,3.0,,5.0,Interés un poco alto,6.0,5.0,7.0,7.0,8.0,6.0,8.0,6.0,5.0,6.0,6.0,8.0,8.0,6.0,6.0,6.0,5.0,3.0,3.0,3.0,3.0,4.0,1
52,5,1,17,5,0,1,0,0,0,1,0,5,343.0,3.0,5.0,,8.0,Ajustar los intereses,8.0,7.0,9.0,9.0,8.0,11.0,11.0,8.0,8.0,10.0,9.0,8.0,8.0,9.0,9.0,10.0,8.0,2.0,3.0,2.0,3.0,3.0,5
52,5,1,1,6,0,0,0,0,0,1,0,4,392.0,4.0,1.0,,8.0,Bajar los intereses,8.0,6.0,8.0,9.0,8.0,10.0,10.0,10.0,10.0,9.0,9.0,10.0,10.0,11.0,10.0,10.0,8.0,1.0,1.0,2.0,2.0,3.0,5
52,5,1,9,5,1,1,0,0,0,1,0,5,469.0,5.0,1.0,,8.0,No lo sé. Sólo pago las cuotas,8.0,7.0,8.0,6.0,6.0,6.0,11.0,9.0,6.0,6.0,11.0,11.0,11.0,8.0,6.0,7.0,5.0,1.0,4.0,4.0,4.0,4.0,1
52,5,2,10,4,1,0,0,0,0,0,0,4,146.0,3.0,3.0,,7.0,Los precios,7.0,5.0,7.0,7.0,5.0,8.0,9.0,8.0,7.0,6.0,7.0,6.0,7.0,7.0,7.0,7.0,7.0,2.0,2.0,2.0,2.0,3.0,2
52,5,1,13,6,1,0,0,0,0,1,0,5,126.0,2.0,1.0,,9.0,seguridad,9.0,7.0,9.0,10.0,10.0,10.0,10.0,10.0,10.0,10.0,9.0,10.0,10.0,10.0,10.0,9.0,9.0,1.0,1.0,1.0,1.0,1.0,5
53,5,2,17,5,0,1,0,0,0,0,0,4,126.0,2.0,3.0,,10.0,Es fiable,10.0,7.0,9.0,10.0,10.0,10.0,10.0,11.0,11.0,11.0,11.0,9.0,10.0,4.0,5.0,5.0,9.0,1.0,1.0,1.0,1.0,1.0,5
53,5,2,11,1,0,1,1,0,0,0,0,5,369.0,3.0,3.0,,8.0,en la financiacion que no sea solo a fin de mes,8.0,6.0,7.0,10.0,9.0,8.0,9.0,9.0,9.0,9.0,10.0,8.0,9.0,9.0,9.0,8.0,8.0,2.0,2.0,2.0,2.0,3.0,3
53,5,1,12,3,0,1,0,0,0,0,0,4,76.0,1.0,3.0,,8.0,Más información personal sobre las condiciones,8.0,6.0,8.0,7.0,7.0,8.0,11.0,9.0,8.0,10.0,7.0,10.0,11.0,9.0,8.0,9.0,7.0,3.0,3.0,3.0,3.0,3.0,3
53,5,2,15,2,0,1,0,0,0,0,0,5,346.0,1.0,1.0,,10.0,Intereses bajos,10.0,7.0,10.0,11.0,10.0,9.0,11.0,11.0,10.0,10.0,10.0,11.0,9.0,10.0,10.0,9.0,10.0,2.0,1.0,1.0,2.0,2.0,3
53,5,1,1,6,1,0,0,0,0,0,0,5,52.0,5.0,1.0,,9.0,Me lo conceden pronto,8.0,6.0,7.0,11.0,12.0,10.0,10.0,9.0,8.0,8.0,7.0,10.0,10.0,10.0,9.0,10.0,9.0,1.0,1.0,3.0,1.0,2.0,5
53,5,1,4,5,0,1,0,0,0,0,0,5,369.0,3.0,3.0,,8.0,Los plazos mas pequeños y las cuotas,7.0,5.0,7.0,6.0,6.0,6.0,6.0,6.0,7.0,4.0,5.0,6.0,10.0,9.0,10.0,10.0,6.0,2.0,3.0,3.0,3.0,3.0,1
53,5,1,1,6,0,1,1,0,0,0,0,5,370.0,3.0,3.0,,9.0,Facilidad de pagos y comisiones bajas,9.0,6.0,10.0,9.0,8.0,11.0,11.0,11.0,9.0,10.0,11.0,10.0,9.0,11.0,10.0,11.0,10.0,1.0,2.0,2.0,3.0,2.0,5
53,5,1,15,2,1,0,0,0,0,0,0,4,43.0,1.0,5.0,,6.0,Tienen comisiones algo altas,5.0,4.0,6.0,8.0,5.0,6.0,9.0,7.0,3.0,6.0,6.0,9.0,9.0,6.0,8.0,7.0,5.0,2.0,3.0,3.0,3.0,3.0,1
53,5,2,10,4,0,1,1,0,0,0,0,5,43.0,1.0,7.0,Para pagar pólizas de seguros,8.0,No sé,8.0,5.0,8.0,10.0,1.0,6.0,11.0,10.0,9.0,9.0,7.0,11.0,11.0,8.0,10.0,7.0,6.0,3.0,4.0,4.0,4.0,4.0,2
53,5,1,14,2,0,1,1,0,0,0,0,5,76.0,1.0,5.0,,8.0,MÁS ATENCION PERSONAL EN OFICINA,9.0,4.0,8.0,10.0,9.0,8.0,9.0,9.0,8.0,8.0,9.0,9.0,8.0,9.0,10.0,10.0,8.0,3.0,3.0,3.0,2.0,2.0,3
53,5,2,14,2,0,0,0,1,0,0,0,4,337.0,4.0,1.0,,10.0,Rapidez en la gestión,10.0,7.0,10.0,11.0,11.0,11.0,11.0,2.0,11.0,11.0,11.0,11.0,11.0,11.0,11.0,11.0,10.0,1.0,1.0,1.0,1.0,1.0,3
53,5,2,15,2,0,0,0,0,0,1,0,4,126.0,5.0,1.0,,10.0,Variedad de oportunidades dw bajo coste y intereses,10.0,7.0,10.0,11.0,7.0,9.0,11.0,10.0,9.0,11.0,9.0,9.0,11.0,11.0,9.0,9.0,10.0,1.0,1.0,2.0,2.0,2.0,3
53,5,2,15,2,0,0,1,0,0,0,0,4,373.0,3.0,4.0,,6.0,Interés,6.0,3.0,4.0,6.0,3.0,4.0,4.0,4.0,5.0,2.0,5.0,4.0,5.0,4.0,4.0,6.0,5.0,2.0,3.0,3.0,2.0,4.0,1
53,5,2,15,2,0,0,0,1,0,0,0,4,21.0,1.0,7.0,,7.0,Precio,6.0,4.0,6.0,6.0,5.0,5.0,6.0,8.0,7.0,7.0,5.0,7.0,6.0,3.0,5.0,7.0,7.0,3.0,2.0,3.0,3.0,1.0,1
53,5,2,17,5,0,0,0,0,1,0,0,4,52.0,1.0,,,7.0,En la ampliación de créditos,7.0,6.0,8.0,10.0,11.0,9.0,10.0,9.0,9.0,9.0,10.0,9.0,9.0,9.0,10.0,9.0,8.0,2.0,2.0,3.0,2.0,3.0,5
53,5,2,9,5,1,0,0,0,0,1,0,5,126.0,5.0,1.0,,8.0,ofertas mas interesantes y atractivas,7.0,5.0,7.0,8.0,8.0,8.0,8.0,8.0,8.0,8.0,8.0,8.0,8.0,8.0,8.0,8.0,7.0,3.0,3.0,3.0,3.0,3.0,2
53,5,1,1,6,0,0,1,0,0,0,0,5,370.0,3.0,3.0,,8.0,"La veo correcta, quizás que las comisiones se elevan mucho",9.0,7.0,9.0,11.0,10.0,10.0,11.0,10.0,10.0,10.0,7.0,8.0,10.0,9.0,10.0,10.0,9.0,2.0,3.0,1.0,2.0,1.0,5
53,5,1,7,4,1,1,1,1,0,0,0,5,126.0,5.0,2.0,,2.0,Intransigentes y mal educados en el trato con el cliente,0.0,1.0,1.0,1.0,12.0,2.0,12.0,1.0,1.0,1.0,1.0,1.0,1.0,1.0,2.0,2.0,1.0,4.0,4.0,4.0,4.0,4.0,0
53,5,1,5,7,1,1,0,0,0,0,0,5,227.0,3.0,3.0,,10.0,LOS PLAZOS Y EL TIPO DE INTERES TAE,10.0,7.0,10.0,11.0,10.0,11.0,11.0,11.0,11.0,11.0,11.0,11.0,11.0,11.0,11.0,11.0,10.0,1.0,1.0,1.0,1.0,1.0,5
53,5,1,17,5,1,1,0,0,0,0,0,5,346.0,1.0,1.0,,10.0,santander super bank,10.0,7.0,10.0,11.0,6.0,11.0,11.0,11.0,11.0,11.0,11.0,6.0,11.0,11.0,11.0,11.0,10.0,1.0,1.0,1.0,2.0,1.0,5
53,5,1,12,3,0,0,0,0,1,0,0,4,230.0,1.0,,,8.0,Funciona muy bien,8.0,7.0,8.0,10.0,10.0,10.0,10.0,9.0,9.0,9.0,1.0,7.0,10.0,9.0,9.0,9.0,8.0,2.0,2.0,2.0,1.0,2.0,4
53,5,1,9,5,1,0,0,0,0,0,0,4,230.0,1.0,1.0,,10.0,Facilidad,9.0,7.0,10.0,6.0,1.0,6.0,11.0,6.0,6.0,6.0,6.0,11.0,11.0,6.0,6.0,6.0,5.0,3.0,3.0,3.0,3.0,3.0,1
53,5,1,12,3,1,0,0,0,0,0,0,4,230.0,1.0,1.0,,9.0,Las tasas de interés son de las mejores de todo el mercado,9.0,7.0,9.0,10.0,10.0,11.0,11.0,10.0,10.0,10.0,8.0,9.0,10.0,10.0,10.0,10.0,9.0,2.0,2.0,2.0,2.0,3.0,3
53,5,2,17,5,0,0,0,0,0,1,0,4,392.0,4.0,1.0,,8.0,Precio,8.0,6.0,8.0,8.0,8.0,9.0,10.0,9.0,9.0,9.0,9.0,9.0,9.0,9.0,9.0,9.0,8.0,1.0,2.0,2.0,2.0,2.0,3
53,5,2,11,1,1,0,0,0,0,0,0,4,164.0,3.0,3.0,,6.0,Usura,3.0,3.0,2.0,4.0,4.0,4.0,3.0,2.0,4.0,4.0,1.0,1.0,2.0,2.0,3.0,3.0,2.0,4.0,4.0,4.0,4.0,4.0,0
53,5,1,8,4,0,1,0,0,0,0,0,4,348.0,1.0,6.0,,10.0,facilidad,8.0,6.0,8.0,11.0,10.0,10.0,10.0,9.0,9.0,10.0,11.0,11.0,10.0,9.0,10.0,11.0,8.0,1.0,1.0,1.0,1.0,1.0,5
53,5,1,8,4,0,1,0,1,0,0,0,5,337.0,4.0,1.0,,9.0,"El pago, las condiciones, el trato como cliente.",9.0,7.0,10.0,11.0,12.0,8.0,11.0,11.0,11.0,11.0,6.0,11.0,11.0,11.0,11.0,11.0,10.0,1.0,2.0,2.0,2.0,2.0,5
53,5,1,9,5,1,0,1,1,0,0,0,5,392.0,4.0,1.0,,7.0,En mejorar % de financiacion,7.0,5.0,7.0,9.0,9.0,8.0,8.0,9.0,9.0,9.0,8.0,8.0,9.0,8.0,8.0,8.0,7.0,3.0,3.0,3.0,3.0,3.0,2
53,5,2,11,1,1,0,0,0,0,0,0,4,230.0,1.0,6.0,,9.0,"Poder pagar el préstamo,la cantidad que yo quiero",10.0,7.0,10.0,12.0,2.0,11.0,11.0,11.0,9.0,9.0,7.0,11.0,11.0,11.0,11.0,11.0,9.0,1.0,1.0,1.0,1.0,1.0,3
53,5,1,1,6,1,0,1,0,0,0,0,5,146.0,3.0,3.0,,9.0,Muy rapido todo,9.0,7.0,9.0,11.0,8.0,11.0,11.0,11.0,11.0,11.0,11.0,11.0,11.0,11.0,8.0,11.0,10.0,1.0,1.0,1.0,1.0,1.0,5
53,5,2,12,3,0,0,1,0,0,0,0,4,370.0,3.0,3.0,,0.0,Intereses abusivos y poca transparencia,2.0,5.0,0.0,1.0,1.0,1.0,5.0,1.0,1.0,1.0,1.0,1.0,1.0,1.0,2.0,1.0,0.0,4.0,4.0,4.0,4.0,4.0,0
53,5,1,8,4,1,0,0,0,0,0,0,4,126.0,2.0,5.0,,7.0,mas claridad en la web,7.0,5.0,7.0,6.0,7.0,8.0,7.0,7.0,5.0,6.0,6.0,8.0,7.0,8.0,7.0,9.0,4.0,2.0,3.0,3.0,4.0,4.0,1
53,5,1,9,5,1,0,0,1,0,0,0,5,126.0,2.0,2.0,,8.0,Inetereses,7.0,5.0,7.0,6.0,6.0,6.0,5.0,4.0,3.0,5.0,4.0,3.0,2.0,4.0,4.0,4.0,4.0,4.0,4.0,4.0,4.0,4.0,2
54,5,2,17,5,0,1,0,0,0,0,0,5,397.0,1.0,6.0,,10.0,Muchos elementos,10.0,7.0,10.0,12.0,12.0,12.0,12.0,11.0,11.0,11.0,11.0,11.0,11.0,11.0,11.0,11.0,10.0,1.0,1.0,1.0,1.0,1.0,5
54,5,2,8,4,0,0,0,0,0,1,0,4,353.0,5.0,1.0,,10.0,que es muy fácil trabajar con ellos,10.0,7.0,10.0,11.0,12.0,11.0,11.0,11.0,11.0,11.0,11.0,11.0,11.0,11.0,11.0,11.0,10.0,1.0,1.0,1.0,1.0,1.0,5
54,5,2,9,5,1,1,0,0,0,0,0,5,76.0,1.0,6.0,,10.0,"información, servicio",10.0,7.0,8.0,9.0,12.0,6.0,9.0,10.0,6.0,10.0,6.0,10.0,10.0,9.0,6.0,6.0,8.0,3.0,3.0,4.0,4.0,4.0,2
54,5,1,12,3,0,1,0,0,0,0,0,4,373.0,3.0,3.0,,6.0,Good service,6.0,5.0,7.0,4.0,5.0,5.0,6.0,6.0,7.0,6.0,5.0,4.0,5.0,2.0,4.0,3.0,7.0,3.0,3.0,4.0,1.0,3.0,1
54,5,1,1,6,0,1,0,1,0,0,0,5,52.0,5.0,2.0,,5.0,no temgo ningun beneficio,3.0,7.0,5.0,1.0,11.0,12.0,11.0,11.0,6.0,11.0,11.0,11.0,11.0,3.0,3.0,11.0,10.0,4.0,4.0,3.0,4.0,4.0,2
54,5,1,1,6,0,0,0,0,0,1,0,5,392.0,4.0,2.0,,8.0,En serio más rápido de tramitar y en pedir menos cosas para el tramite,7.0,4.0,7.0,6.0,6.0,7.0,7.0,7.0,6.0,6.0,6.0,7.0,6.0,7.0,7.0,7.0,7.0,2.0,3.0,2.0,3.0,3.0,1
54,5,1,2,2,1,1,0,1,0,1,0,5,475.0,4.0,1.0,,9.0,De momento todo ha ido según lo paztado.,9.0,2.0,10.0,11.0,10.0,10.0,11.0,9.0,9.0,9.0,9.0,10.0,9.0,9.0,9.0,9.0,9.0,2.0,2.0,1.0,3.0,2.0,3
54,5,1,5,7,0,1,0,0,0,0,0,4,275.0,3.0,6.0,,5.0,a´DKFPPAHH,1.0,2.0,1.0,3.0,12.0,12.0,12.0,5.0,3.0,4.0,2.0,6.0,6.0,6.0,4.0,5.0,4.0,4.0,4.0,4.0,3.0,2.0,0
54,5,2,1,6,0,1,0,0,0,0,0,5,76.0,1.0,4.0,,9.0,Facilidad y su atención personalizada,10.0,1.0,9.0,1.0,5.0,2.0,2.0,10.0,10.0,10.0,10.0,10.0,11.0,10.0,11.0,11.0,10.0,1.0,2.0,1.0,2.0,2.0,2
54,5,2,1,6,0,0,1,0,0,0,0,4,993.0,3.0,3.0,,8.0,Precios más competitivos,8.0,5.0,8.0,7.0,7.0,6.0,9.0,8.0,6.0,6.0,6.0,9.0,9.0,8.0,9.0,9.0,5.0,2.0,2.0,3.0,2.0,3.0,2
54,5,2,14,2,1,0,0,0,0,0,0,4,991.0,1.0,4.0,,7.0,Mejorar en la comunicación con los clientes,7.0,6.0,7.0,8.0,9.0,7.0,8.0,9.0,7.0,8.0,5.0,9.0,9.0,8.0,8.0,9.0,6.0,3.0,3.0,3.0,3.0,4.0,1
54,5,1,14,2,1,1,1,1,0,0,0,5,78.0,5.0,2.0,,7.0,Nos tuvieron un fin de semana sin confirmar y el coche se quedó en el concesionario,7.0,5.0,7.0,6.0,6.0,6.0,8.0,7.0,6.0,6.0,6.0,7.0,6.0,6.0,6.0,6.0,5.0,2.0,4.0,4.0,3.0,4.0,1
54,5,2,15,2,0,0,1,0,0,0,0,4,373.0,3.0,3.0,,9.0,Fidelización y servicio postventa,9.0,6.0,9.0,10.0,9.0,10.0,11.0,10.0,10.0,10.0,10.0,10.0,10.0,10.0,10.0,10.0,9.0,1.0,1.0,1.0,1.0,2.0,3
54,5,2,12,3,0,1,0,0,1,0,0,5,346.0,1.0,5.0,,10.0,Las cuotas y comisiones,10.0,7.0,10.0,11.0,11.0,11.0,10.0,11.0,10.0,11.0,11.0,11.0,11.0,11.0,11.0,11.0,10.0,1.0,1.0,1.0,1.0,1.0,3
54,5,2,9,5,1,1,0,0,0,1,0,5,392.0,4.0,1.0,,10.0,"Cómodas cuotas, fácil financiación",10.0,7.0,10.0,11.0,11.0,11.0,11.0,11.0,10.0,10.0,11.0,10.0,11.0,10.0,11.0,11.0,10.0,1.0,1.0,1.0,1.0,1.0,3
54,5,1,3,1,0,0,0,0,1,0,0,4,126.0,2.0,,,6.0,"Lo recomendaría , pero no mucho x que son unos sinvergüenzas, ladrones como todos los bancos",6.0,5.0,6.0,6.0,1.0,3.0,5.0,7.0,2.0,1.0,7.0,3.0,7.0,8.0,7.0,7.0,3.0,3.0,3.0,3.0,3.0,4.0,1
54,5,2,2,2,0,0,0,1,0,0,0,4,126.0,2.0,1.0,,9.0,facilidad de comunicacion,9.0,7.0,9.0,8.0,12.0,9.0,10.0,9.0,6.0,6.0,6.0,9.0,11.0,10.0,6.0,9.0,5.0,2.0,2.0,2.0,3.0,4.0,3
54,5,2,12,3,0,1,0,0,0,0,0,5,346.0,1.0,5.0,,10.0,"No cobra comisiones, atención oportuna, solución de incidencias rápidas",10.0,6.0,9.0,11.0,11.0,10.0,10.0,10.0,10.0,11.0,9.0,10.0,9.0,10.0,9.0,10.0,10.0,2.0,1.0,1.0,1.0,1.0,3
54,5,2,17,5,1,0,0,0,0,0,0,4,126.0,5.0,1.0,,5.0,Pues sale muy caro,1.0,6.0,2.0,9.0,10.0,8.0,11.0,3.0,5.0,5.0,4.0,3.0,5.0,4.0,5.0,5.0,1.0,3.0,4.0,4.0,3.0,4.0,0
54,5,1,3,1,1,0,1,0,0,0,0,5,370.0,3.0,3.0,,9.0,Fácil tramitación del préstamo,9.0,6.0,9.0,9.0,7.0,9.0,9.0,8.0,6.0,9.0,9.0,8.0,9.0,8.0,9.0,8.0,3.0,2.0,3.0,3.0,2.0,4.0,3
54,5,2,12,3,1,0,0,0,0,0,0,4,348.0,1.0,7.0,Reagrupación de deuda,9.0,Me han tratado muy bien.,9.0,6.0,9.0,11.0,12.0,9.0,11.0,11.0,6.0,6.0,6.0,10.0,10.0,10.0,6.0,10.0,5.0,2.0,2.0,2.0,2.0,4.0,3
54,5,2,17,5,0,0,0,1,0,1,0,5,412.0,4.0,1.0,,10.0,Me gusta la oferta contrastada,10.0,7.0,10.0,11.0,10.0,11.0,8.0,10.0,10.0,10.0,9.0,10.0,6.0,10.0,10.0,10.0,10.0,1.0,1.0,1.0,1.0,1.0,5
54,5,1,12,3,0,1,0,0,1,1,0,5,348.0,1.0,,,6.0,"precio, dificultad, clausulas poco claras",5.0,3.0,5.0,4.0,2.0,4.0,9.0,5.0,3.0,6.0,4.0,5.0,6.0,3.0,4.0,4.0,4.0,4.0,4.0,4.0,3.0,4.0,1
54,5,1,1,6,1,0,0,0,0,0,0,4,230.0,1.0,5.0,,9.0,La atención y profesionalidad de los agentes,10.0,7.0,10.0,11.0,9.0,9.0,11.0,10.0,9.0,10.0,11.0,11.0,11.0,10.0,10.0,11.0,9.0,2.0,2.0,2.0,3.0,3.0,5
54,5,2,12,3,1,1,0,0,0,0,0,5,230.0,1.0,1.0,,10.0,Las condiciones fueron muy buenas,10.0,7.0,10.0,11.0,11.0,11.0,11.0,11.0,11.0,11.0,11.0,11.0,11.0,11.0,11.0,11.0,10.0,1.0,1.0,1.0,1.0,1.0,3
54,5,2,13,6,0,0,0,1,0,0,0,4,469.0,5.0,1.0,,9.0,que ha sido muy fiable y perfecto para adquirir el coche sin agobios,9.0,6.0,8.0,10.0,9.0,10.0,9.0,10.0,9.0,10.0,8.0,9.0,9.0,9.0,10.0,9.0,9.0,3.0,3.0,3.0,3.0,3.0,5
54,5,1,1,6,0,1,0,0,1,0,0,5,126.0,2.0,2.0,,9.0,bien,9.0,6.0,9.0,8.0,9.0,10.0,10.0,10.0,9.0,9.0,10.0,10.0,10.0,8.0,10.0,9.0,8.0,2.0,2.0,2.0,3.0,3.0,3
55,6,2,12,3,1,0,0,0,0,0,0,4,373.0,3.0,3.0,,10.0,Una buena compra y facilidad de pago,10.0,7.0,10.0,10.0,8.0,6.0,9.0,8.0,8.0,10.0,8.0,9.0,9.0,6.0,8.0,7.0,10.0,2.0,2.0,2.0,3.0,2.0,3
55,6,1,12,3,0,0,0,1,0,0,0,4,353.0,5.0,1.0,,0.0,No me gusta como funciona,0.0,1.0,0.0,1.0,1.0,1.0,6.0,1.0,1.0,1.0,1.0,6.0,6.0,1.0,1.0,1.0,0.0,4.0,4.0,4.0,4.0,4.0,0
55,6,1,9,5,1,1,0,0,0,0,0,5,43.0,1.0,6.0,,8.0,mejores productos a la hora de remunerar,9.0,6.0,8.0,9.0,10.0,10.0,11.0,10.0,8.0,7.0,6.0,9.0,9.0,9.0,7.0,10.0,6.0,2.0,3.0,2.0,2.0,3.0,1
55,6,2,1,6,1,0,0,0,0,0,0,5,354.0,2.0,3.0,,5.0,Muchos intereses,6.0,5.0,6.0,4.0,6.0,4.0,5.0,6.0,4.0,4.0,4.0,2.0,6.0,5.0,5.0,6.0,7.0,3.0,3.0,3.0,3.0,3.0,2
55,6,1,12,3,1,1,0,0,0,0,0,5,44.0,2.0,4.0,,10.0,La facilidad para solicitar el préstamo,10.0,7.0,10.0,10.0,11.0,11.0,11.0,9.0,8.0,9.0,7.0,9.0,8.0,9.0,9.0,9.0,10.0,1.0,2.0,1.0,2.0,2.0,3
55,6,1,1,6,0,1,1,0,0,0,0,5,43.0,1.0,6.0,,10.0,Cercanía,9.0,6.0,8.0,8.0,6.0,10.0,10.0,6.0,3.0,6.0,6.0,6.0,9.0,10.0,6.0,8.0,5.0,3.0,2.0,2.0,2.0,2.0,1
55,6,1,12,3,0,0,1,1,0,0,0,5,353.0,5.0,1.0,,2.0,No me gusta su gestión con los clientes,2.0,2.0,2.0,1.0,1.0,1.0,11.0,1.0,1.0,1.0,1.0,6.0,3.0,1.0,1.0,1.0,0.0,4.0,4.0,4.0,4.0,4.0,0
55,6,1,1,6,1,0,0,0,0,0,0,4,76.0,1.0,6.0,,9.0,La facilidad y el buen trato,9.0,6.0,9.0,10.0,7.0,10.0,12.0,10.0,11.0,9.0,9.0,10.0,10.0,8.0,10.0,10.0,9.0,2.0,3.0,1.0,3.0,3.0,2
55,6,1,12,3,0,0,0,1,0,0,0,4,126.0,5.0,1.0,,9.0,Poco papeleo,9.0,5.0,9.0,10.0,10.0,10.0,10.0,10.0,10.0,10.0,10.0,10.0,10.0,9.0,9.0,9.0,9.0,2.0,2.0,2.0,3.0,2.0,3
55,6,2,4,5,0,0,1,0,0,0,0,4,993.0,3.0,7.0,pagar tratamiento dental,8.0,no veo nada negativo,8.0,7.0,9.0,6.0,6.0,9.0,12.0,6.0,8.0,6.0,6.0,6.0,6.0,6.0,7.0,10.0,5.0,1.0,3.0,4.0,4.0,4.0,2
55,6,1,1,6,0,1,0,0,0,0,0,5,348.0,1.0,4.0,,8.0,Bajar tipos de interes,8.0,6.0,9.0,8.0,9.0,9.0,11.0,9.0,7.0,9.0,9.0,10.0,10.0,10.0,10.0,10.0,9.0,1.0,1.0,1.0,2.0,2.0,5
55,6,2,13,6,1,0,0,1,0,0,0,5,78.0,5.0,1.0,,8.0,Para mi esta perfecto como está,8.0,6.0,8.0,8.0,9.0,9.0,11.0,8.0,8.0,8.0,9.0,9.0,9.0,9.0,4.0,9.0,8.0,1.0,2.0,1.0,1.0,1.0,3
55,6,1,13,6,0,1,0,0,0,0,0,4,52.0,1.0,3.0,,7.0,Mejores tipos de interés en depósitos y fondos,7.0,6.0,7.0,6.0,9.0,10.0,10.0,9.0,7.0,8.0,8.0,9.0,9.0,7.0,6.0,7.0,6.0,4.0,4.0,3.0,4.0,3.0,2
55,6,1,7,4,0,0,1,0,0,0,0,4,298.0,3.0,5.0,,9.0,que no tube ningun problema,10.0,7.0,9.0,11.0,9.0,11.0,11.0,11.0,11.0,10.0,11.0,9.0,10.0,10.0,11.0,11.0,10.0,1.0,1.0,1.0,1.0,2.0,3
55,6,1,1,6,1,0,1,0,0,0,0,5,223.0,3.0,3.0,,10.0,la facilidad para elegir la manera de pagar,10.0,7.0,10.0,11.0,8.0,11.0,11.0,10.0,9.0,8.0,8.0,11.0,11.0,9.0,11.0,11.0,8.0,1.0,2.0,2.0,3.0,3.0,5
55,6,1,4,5,0,1,0,0,0,0,0,5,418.0,2.0,7.0,Vengo city Bank,6.0,Costoso,6.0,3.0,4.0,4.0,3.0,2.0,3.0,3.0,4.0,3.0,2.0,1.0,2.0,3.0,6.0,4.0,5.0,3.0,2.0,4.0,4.0,3.0,0
55,6,1,10,4,0,1,0,1,0,0,0,5,52.0,1.0,1.0,,9.0,seguridad,9.0,6.0,9.0,9.0,7.0,10.0,10.0,10.0,10.0,10.0,10.0,10.0,10.0,9.0,9.0,9.0,9.0,2.0,2.0,2.0,2.0,2.0,3
55,6,1,6,1,0,1,0,0,0,0,0,5,344.0,1.0,3.0,,10.0,muy eficiente y rapido,10.0,7.0,10.0,11.0,11.0,11.0,11.0,11.0,11.0,11.0,11.0,11.0,11.0,11.0,11.0,11.0,10.0,1.0,1.0,1.0,1.0,1.0,3
55,6,1,6,1,0,0,1,0,0,0,0,4,266.0,3.0,3.0,,9.0,Lo ponen todo muy fácil,10.0,7.0,10.0,11.0,11.0,11.0,11.0,11.0,11.0,11.0,11.0,11.0,11.0,8.0,8.0,8.0,10.0,3.0,2.0,2.0,2.0,2.0,3
55,6,2,14,2,1,0,1,0,0,0,0,5,126.0,5.0,2.0,,7.0,No ser tan pesados para que aceptes más prestamos,7.0,6.0,7.0,7.0,6.0,7.0,9.0,9.0,9.0,7.0,7.0,8.0,9.0,3.0,8.0,7.0,6.0,3.0,3.0,3.0,3.0,3.0,1
55,6,2,14,2,0,0,0,1,0,0,0,4,353.0,5.0,2.0,,10.0,Rapidez en los trámites buen trato y facilidad,10.0,7.0,9.0,11.0,9.0,10.0,10.0,9.0,9.0,5.0,8.0,6.0,6.0,9.0,9.0,10.0,7.0,2.0,2.0,2.0,4.0,3.0,3
55,6,1,1,6,0,1,1,0,0,0,0,5,373.0,3.0,3.0,,6.0,no deja de ser una tarjeta de credito capada,7.0,6.0,7.0,4.0,4.0,4.0,8.0,4.0,4.0,8.0,4.0,6.0,6.0,9.0,6.0,8.0,3.0,3.0,4.0,4.0,4.0,4.0,2
55,6,2,14,2,1,0,0,0,0,0,0,4,378.0,3.0,3.0,,8.0,"No lo se, la uso poco y funciona bien",9.0,5.0,8.0,6.0,12.0,12.0,9.0,2.0,2.0,6.0,7.0,6.0,6.0,4.0,8.0,9.0,5.0,2.0,2.0,4.0,2.0,4.0,1
55,6,2,14,2,0,0,1,0,0,0,0,5,382.0,3.0,3.0,,8.0,Funciona bien no sé en qué podría mejorar,9.0,7.0,9.0,11.0,2.0,7.0,10.0,8.0,6.0,8.0,5.0,7.0,8.0,9.0,9.0,9.0,5.0,2.0,2.0,3.0,2.0,3.0,3
55,6,2,14,2,0,0,1,0,0,0,0,4,171.0,3.0,3.0,,10.0,rapidez y sencillez,10.0,7.0,10.0,11.0,3.0,6.0,11.0,7.0,6.0,8.0,6.0,11.0,10.0,8.0,8.0,3.0,10.0,2.0,3.0,2.0,3.0,3.0,3
55,6,2,15,2,0,0,0,0,0,1,0,4,44.0,2.0,1.0,,7.0,"No lo sé, mejorar el precio?",7.0,6.0,7.0,6.0,6.0,6.0,4.0,6.0,5.0,6.0,6.0,7.0,7.0,5.0,5.0,4.0,7.0,3.0,4.0,3.0,3.0,3.0,1
55,6,2,15,2,0,1,0,0,0,1,0,5,412.0,4.0,1.0,,10.0,Facilidad de contrato y de pago,10.0,7.0,10.0,11.0,11.0,11.0,11.0,11.0,11.0,9.0,11.0,11.0,11.0,11.0,11.0,11.0,10.0,1.0,2.0,1.0,1.0,2.0,3
55,6,2,2,2,0,0,0,0,1,0,0,5,21.0,1.0,,,5.0,Te anuncian que es sin intereses y la realidad es bien distinta,4.0,2.0,3.0,4.0,5.0,4.0,7.0,4.0,2.0,2.0,1.0,2.0,2.0,1.0,1.0,1.0,2.0,4.0,4.0,4.0,3.0,4.0,0
55,6,2,15,2,0,1,0,0,0,0,0,5,85.0,2.0,3.0,,5.0,Por usar los datos del consumo,5.0,4.0,5.0,5.0,6.0,6.0,5.0,6.0,6.0,5.0,3.0,3.0,5.0,3.0,6.0,7.0,3.0,3.0,4.0,3.0,2.0,4.0,1
55,6,1,12,3,1,0,0,0,1,0,0,5,346.0,1.0,2.0,,7.0,En no poner tantas trabas,7.0,4.0,7.0,8.0,9.0,8.0,9.0,8.0,6.0,7.0,6.0,9.0,9.0,9.0,6.0,6.0,5.0,1.0,3.0,3.0,2.0,3.0,1
55,6,1,16,2,0,0,0,1,0,0,0,4,78.0,5.0,1.0,,6.0,Muy caro,5.0,4.0,5.0,6.0,6.0,6.0,7.0,6.0,6.0,6.0,6.0,6.0,6.0,6.0,6.0,6.0,5.0,1.0,1.0,1.0,1.0,2.0,1
55,6,2,2,2,0,0,1,0,0,0,0,5,370.0,3.0,3.0,,9.0,La posibilidad de pagar en cómodos plazos una compra importante.,9.0,6.0,9.0,10.0,5.0,7.0,9.0,9.0,7.0,8.0,3.0,9.0,9.0,10.0,10.0,9.0,8.0,1.0,2.0,2.0,3.0,3.0,1
55,6,2,12,3,0,0,1,0,0,0,0,4,370.0,3.0,3.0,,10.0,Recompensa por utilizar la tarjeta,10.0,7.0,9.0,7.0,6.0,9.0,9.0,9.0,8.0,6.0,4.0,9.0,9.0,9.0,7.0,9.0,4.0,2.0,4.0,3.0,4.0,4.0,3
55,6,1,5,7,1,0,0,1,0,0,0,5,337.0,4.0,1.0,,9.0,"Trato rápido, buenos intereses, fácil de realizar.",9.0,6.0,8.0,9.0,6.0,9.0,10.0,10.0,10.0,9.0,9.0,9.0,10.0,8.0,10.0,9.0,8.0,2.0,2.0,2.0,4.0,2.0,5
55,6,1,1,6,1,1,0,1,0,0,0,5,412.0,4.0,2.0,,8.0,Dando créditos más blandos,8.0,6.0,8.0,9.0,9.0,10.0,9.0,8.0,9.0,9.0,10.0,10.0,11.0,9.0,10.0,10.0,8.0,3.0,2.0,2.0,3.0,2.0,5
55,6,2,1,6,0,1,0,1,0,0,0,5,392.0,4.0,2.0,,8.0,Bajar las cuotas,8.0,7.0,9.0,9.0,12.0,10.0,12.0,8.0,6.0,6.0,7.0,7.0,9.0,7.0,8.0,6.0,8.0,3.0,4.0,3.0,4.0,4.0,2
55,6,1,5,7,0,1,0,1,0,0,0,5,337.0,4.0,1.0,,9.0,La facilidad y claridad de sus trámites.,9.0,6.0,9.0,10.0,10.0,11.0,11.0,10.0,11.0,10.0,10.0,10.0,10.0,10.0,9.0,10.0,9.0,2.0,2.0,2.0,3.0,3.0,5
56,6,2,1,6,1,0,0,0,0,0,0,4,52.0,5.0,1.0,,7.0,en nadaa,8.0,6.0,8.0,8.0,9.0,9.0,9.0,10.0,10.0,9.0,9.0,10.0,9.0,9.0,9.0,9.0,9.0,3.0,2.0,3.0,3.0,3.0,5
56,6,2,12,3,0,1,0,0,0,0,0,4,76.0,1.0,3.0,,8.0,bonificaciones,8.0,6.0,8.0,10.0,8.0,8.0,9.0,8.0,8.0,8.0,7.0,9.0,8.0,8.0,9.0,7.0,7.0,3.0,3.0,2.0,3.0,4.0,1
56,6,1,10,4,0,0,0,1,0,0,0,4,348.0,1.0,1.0,,8.0,Mas facikidad en la tramitacion,7.0,5.0,7.0,9.0,8.0,9.0,9.0,8.0,8.0,8.0,8.0,8.0,9.0,8.0,8.0,9.0,7.0,3.0,3.0,3.0,3.0,2.0,2
56,6,1,5,7,1,0,0,0,0,0,0,4,283.0,3.0,3.0,,8.0,En ninguno el préstamo está muy bien,8.0,6.0,8.0,10.0,10.0,9.0,10.0,9.0,9.0,9.0,9.0,9.0,9.0,9.0,9.0,9.0,8.0,2.0,1.0,2.0,2.0,1.0,5
56,6,1,12,3,0,0,0,0,1,0,0,4,76.0,1.0,,,8.0,Menos interes,8.0,5.0,8.0,10.0,11.0,11.0,10.0,8.0,8.0,10.0,8.0,9.0,9.0,10.0,10.0,9.0,8.0,2.0,2.0,3.0,3.0,3.0,4
56,6,1,12,3,0,0,1,0,0,0,0,4,369.0,3.0,3.0,,7.0,un interes mas bajo de devolucion y gestion online,7.0,6.0,7.0,7.0,7.0,8.0,8.0,9.0,6.0,6.0,9.0,9.0,9.0,8.0,6.0,7.0,6.0,3.0,3.0,3.0,3.0,4.0,1
56,6,1,12,3,1,0,0,0,0,0,0,4,43.0,1.0,5.0,,8.0,En ajustar el tipo de interés,8.0,4.0,7.0,6.0,12.0,6.0,11.0,6.0,1.0,6.0,6.0,10.0,10.0,6.0,1.0,6.0,2.0,4.0,4.0,4.0,4.0,4.0,1
56,6,1,2,2,1,0,1,0,0,0,0,5,995.0,5.0,7.0,Para terminales,7.0,En el precio,7.0,5.0,7.0,9.0,8.0,8.0,9.0,9.0,8.0,8.0,7.0,7.0,6.0,8.0,7.0,9.0,7.0,2.0,3.0,3.0,3.0,3.0,1
56,6,1,1,6,0,1,1,0,0,0,0,5,381.0,3.0,5.0,,9.0,Facilidad de financiación sin demasiados tramites,9.0,6.0,10.0,11.0,10.0,11.0,11.0,10.0,11.0,11.0,11.0,10.0,11.0,11.0,11.0,11.0,9.0,1.0,2.0,1.0,1.0,2.0,5
56,6,2,14,2,0,1,0,0,0,0,0,4,76.0,1.0,6.0,,10.0,"Que es una tarjeta muy buena, dinámica, te facilita las compras, el día a día",6.0,7.0,6.0,9.0,11.0,9.0,9.0,10.0,7.0,11.0,10.0,9.0,7.0,11.0,11.0,11.0,9.0,3.0,3.0,3.0,3.0,3.0,3
56,6,2,10,4,1,1,0,0,0,0,0,5,397.0,1.0,6.0,,5.0,No tengo buena impresión en productos financieros,5.0,4.0,5.0,2.0,6.0,6.0,6.0,3.0,3.0,3.0,3.0,6.0,6.0,3.0,3.0,3.0,5.0,4.0,4.0,3.0,4.0,3.0,0
56,6,1,6,1,0,1,0,0,0,0,0,4,230.0,1.0,3.0,,10.0,Trato y rapidez en la gestión,10.0,7.0,10.0,10.0,10.0,10.0,10.0,10.0,10.0,10.0,9.0,9.0,11.0,10.0,10.0,11.0,10.0,1.0,1.0,2.0,2.0,1.0,3
56,6,1,6,1,1,1,0,0,0,0,0,5,52.0,1.0,5.0,,9.0,excelente atención y servicio,10.0,7.0,10.0,10.0,11.0,10.0,10.0,11.0,10.0,11.0,11.0,11.0,11.0,10.0,11.0,10.0,10.0,1.0,1.0,1.0,1.0,1.0,3
56,6,2,10,4,1,1,0,0,0,0,0,5,223.0,3.0,7.0,Para tener y usar crédito,8.0,Reduciendo la comisión y aumentando los puntos,7.0,5.0,7.0,6.0,1.0,9.0,10.0,8.0,3.0,1.0,1.0,11.0,9.0,9.0,1.0,1.0,0.0,4.0,4.0,3.0,4.0,3.0,1
56,6,1,10,4,1,1,0,1,0,0,0,5,53.0,2.0,6.0,,10.0,Atención. transparencia.  plazos. Rapidez.,10.0,7.0,10.0,11.0,11.0,11.0,11.0,11.0,11.0,11.0,11.0,11.0,11.0,11.0,11.0,11.0,10.0,1.0,2.0,1.0,2.0,1.0,3
56,6,1,14,2,1,1,0,0,0,0,0,5,222.0,1.0,5.0,,8.0,todo esta bien,9.0,7.0,9.0,9.0,6.0,6.0,10.0,9.0,9.0,9.0,9.0,9.0,10.0,10.0,10.0,11.0,8.0,2.0,2.0,3.0,3.0,2.0,3
56,6,2,10,4,0,1,0,0,0,0,0,4,76.0,1.0,3.0,,10.0,la atencion,10.0,7.0,10.0,11.0,11.0,10.0,10.0,11.0,11.0,11.0,11.0,10.0,10.0,10.0,10.0,11.0,10.0,2.0,2.0,2.0,3.0,3.0,3
56,6,2,2,2,0,1,0,0,0,0,0,4,222.0,1.0,3.0,,5.0,"Porque lo tienes que hacer todo tu en los cajeros, la que esta en mi sucursal es una inecta que no hace nada",3.0,2.0,3.0,3.0,1.0,1.0,8.0,3.0,1.0,1.0,3.0,5.0,6.0,2.0,3.0,3.0,0.0,4.0,4.0,4.0,4.0,4.0,0
56,6,1,6,1,1,0,0,0,0,0,0,5,230.0,1.0,6.0,,5.0,No he dicho que no tecomendaria,5.0,4.0,5.0,10.0,7.0,6.0,11.0,6.0,2.0,5.0,2.0,5.0,6.0,7.0,5.0,6.0,5.0,4.0,4.0,3.0,4.0,4.0,1
56,6,2,1,6,1,0,0,1,0,0,0,5,353.0,5.0,1.0,,10.0,La amabilidad y coherencia,9.0,6.0,9.0,8.0,4.0,9.0,5.0,10.0,5.0,8.0,4.0,10.0,10.0,7.0,2.0,4.0,7.0,2.0,3.0,2.0,3.0,3.0,1
56,6,2,3,1,1,0,0,0,1,0,0,5,44.0,2.0,4.0,,0.0,intereses abusivos,0.0,2.0,1.0,2.0,1.0,2.0,6.0,6.0,6.0,6.0,6.0,6.0,6.0,6.0,6.0,6.0,2.0,2.0,4.0,3.0,4.0,4.0,0
56,6,2,11,1,0,1,0,0,0,0,0,4,348.0,1.0,5.0,,10.0,Información muy completa y un proceso rápido y sencillo,10.0,7.0,10.0,11.0,12.0,11.0,11.0,11.0,11.0,11.0,11.0,11.0,11.0,11.0,11.0,11.0,10.0,2.0,2.0,2.0,2.0,2.0,3
56,6,2,12,3,1,0,0,0,0,0,0,4,230.0,1.0,5.0,,10.0,"Eficacia, rápidez y no demasiados intereses",9.0,7.0,10.0,9.0,10.0,10.0,10.0,10.0,10.0,8.0,8.0,11.0,10.0,9.0,9.0,11.0,9.0,1.0,2.0,1.0,2.0,2.0,3
56,6,1,1,6,0,1,0,1,0,0,0,5,78.0,2.0,5.0,,7.0,No lo se,6.0,4.0,5.0,7.0,7.0,6.0,8.0,10.0,8.0,10.0,8.0,7.0,2.0,8.0,10.0,4.0,8.0,2.0,2.0,4.0,2.0,3.0,1
56,6,1,1,6,1,0,0,0,0,0,0,4,230.0,1.0,2.0,,10.0,Si bajo interes,9.0,6.0,9.0,10.0,9.0,9.0,11.0,9.0,10.0,9.0,9.0,10.0,10.0,9.0,10.0,10.0,10.0,2.0,3.0,2.0,3.0,2.0,3
57,6,2,7,4,1,0,1,0,0,0,0,5,53.0,2.0,1.0,,10.0,Inteses bajo,10.0,6.0,10.0,9.0,12.0,11.0,11.0,11.0,10.0,11.0,11.0,11.0,11.0,11.0,11.0,11.0,10.0,1.0,1.0,1.0,1.0,3.0,3
57,6,1,8,4,0,1,0,0,0,0,0,5,230.0,1.0,3.0,,9.0,Facilidad de uso y buenos intereses,9.0,6.0,9.0,10.0,8.0,10.0,10.0,10.0,10.0,10.0,9.0,10.0,10.0,10.0,10.0,9.0,8.0,1.0,2.0,1.0,2.0,2.0,3
57,6,2,8,4,0,0,0,1,0,0,0,4,126.0,5.0,1.0,,8.0,menos comisiones,8.0,5.0,6.0,8.0,8.0,8.0,9.0,9.0,8.0,8.0,8.0,9.0,9.0,9.0,9.0,8.0,8.0,3.0,3.0,2.0,3.0,2.0,2
57,6,2,13,6,0,1,0,0,0,0,0,4,353.0,2.0,4.0,,10.0,La atención y buen trato,10.0,7.0,10.0,11.0,11.0,11.0,11.0,10.0,11.0,11.0,11.0,11.0,10.0,11.0,11.0,11.0,10.0,1.0,2.0,1.0,2.0,1.0,3
57,6,1,1,6,1,0,0,1,0,0,0,5,230.0,1.0,1.0,,9.0,Funciona según lo esperado,9.0,6.0,9.0,10.0,6.0,9.0,11.0,10.0,9.0,9.0,6.0,11.0,11.0,10.0,10.0,11.0,8.0,2.0,3.0,2.0,3.0,2.0,5
57,6,1,1,6,1,0,0,0,0,0,0,4,135.0,2.0,3.0,,10.0,Facilidades para  pagar,10.0,6.0,10.0,11.0,11.0,10.0,11.0,11.0,11.0,11.0,9.0,10.0,10.0,9.0,10.0,10.0,10.0,1.0,1.0,1.0,1.0,1.0,3
57,6,1,5,7,1,1,0,0,0,0,0,5,76.0,1.0,6.0,,6.0,"No he manifestado mi negativa , solo expreso opinión personal",8.0,7.0,10.0,7.0,6.0,6.0,11.0,9.0,7.0,6.0,6.0,9.0,9.0,11.0,6.0,9.0,6.0,3.0,3.0,2.0,3.0,3.0,1
57,6,1,1,6,1,0,1,0,0,0,0,5,370.0,3.0,3.0,,7.0,Ninguno en especial,8.0,6.0,8.0,6.0,3.0,8.0,11.0,6.0,6.0,2.0,6.0,8.0,8.0,9.0,10.0,10.0,4.0,3.0,3.0,4.0,4.0,3.0,2
57,6,2,12,3,0,1,0,1,0,0,0,5,283.0,3.0,3.0,,10.0,"Todo me gusta  sus productos, sus empleados, ofertas",10.0,7.0,10.0,11.0,11.0,11.0,11.0,10.0,10.0,11.0,10.0,10.0,10.0,10.0,10.0,10.0,10.0,1.0,1.0,1.0,1.0,1.0,3
57,6,1,12,3,0,0,1,0,0,0,0,4,375.0,3.0,3.0,,10.0,Financiación al 0 % de interés.,10.0,7.0,10.0,11.0,11.0,11.0,11.0,11.0,10.0,11.0,11.0,11.0,11.0,11.0,11.0,11.0,10.0,1.0,1.0,1.0,1.0,3.0,3
57,6,2,4,5,0,1,0,0,0,0,0,4,76.0,1.0,6.0,,5.0,No estoy contenta,5.0,4.0,5.0,1.0,2.0,1.0,11.0,3.0,1.0,1.0,1.0,3.0,2.0,1.0,1.0,1.0,2.0,4.0,4.0,4.0,4.0,4.0,0
57,6,1,1,6,1,0,0,0,0,0,0,4,348.0,1.0,5.0,,8.0,"No encontré posibles mejoras, estoy saliendo con sus servicios",8.0,6.0,8.0,9.0,12.0,10.0,11.0,9.0,8.0,8.0,7.0,9.0,8.0,8.0,6.0,7.0,7.0,3.0,3.0,3.0,3.0,2.0,1
57,6,2,1,6,1,0,0,0,0,0,0,4,52.0,1.0,5.0,,8.0,En un poco de más personas,9.0,7.0,8.0,7.0,4.0,3.0,6.0,5.0,5.0,8.0,5.0,7.0,8.0,6.0,8.0,8.0,7.0,2.0,2.0,2.0,2.0,2.0,2
57,6,1,6,1,0,0,0,1,0,0,0,4,412.0,4.0,1.0,,9.0,"Claridad, experiencia y trasparencia",9.0,6.0,9.0,9.0,7.0,8.0,9.0,9.0,6.0,8.0,7.0,10.0,10.0,8.0,7.0,7.0,7.0,2.0,3.0,3.0,2.0,3.0,3
57,6,2,6,1,0,0,0,1,0,0,0,5,78.0,5.0,1.0,,5.0,La atención del personal,5.0,3.0,5.0,5.0,6.0,5.0,7.0,6.0,1.0,4.0,1.0,1.0,3.0,5.0,4.0,3.0,5.0,4.0,4.0,4.0,4.0,4.0,1
57,6,1,14,2,1,0,0,0,0,0,0,4,76.0,1.0,6.0,,6.0,El credito fue bastante alto y sale muchos intereses,4.0,3.0,4.0,5.0,6.0,5.0,6.0,5.0,5.0,7.0,6.0,5.0,5.0,5.0,5.0,6.0,5.0,3.0,4.0,4.0,4.0,4.0,1
57,6,1,14,2,1,0,0,0,0,0,0,4,76.0,1.0,6.0,,4.0,Porque me cobraron intereses bastante altos,4.0,3.0,4.0,5.0,5.0,5.0,5.0,5.0,5.0,5.0,5.0,4.0,5.0,5.0,5.0,5.0,4.0,4.0,4.0,4.0,3.0,4.0,0
57,6,2,14,2,1,1,0,1,0,0,0,5,76.0,1.0,5.0,,10.0,La atención prestada y la facilidad a la hora de hacer la gestión.,10.0,7.0,10.0,11.0,10.0,11.0,11.0,11.0,11.0,11.0,10.0,11.0,11.0,11.0,11.0,11.0,10.0,1.0,1.0,1.0,2.0,2.0,3
57,6,2,15,2,1,0,0,0,0,0,0,5,469.0,5.0,7.0,Dentista,7.0,Está bien,8.0,5.0,7.0,7.0,6.0,6.0,8.0,5.0,4.0,4.0,3.0,6.0,3.0,5.0,4.0,6.0,3.0,3.0,4.0,4.0,4.0,4.0,1
57,6,2,2,2,1,1,0,0,0,0,0,5,314.0,1.0,3.0,,9.0,Siempre contestan rápidamente y sin muy eficaces,9.0,6.0,9.0,9.0,6.0,9.0,9.0,8.0,10.0,6.0,8.0,9.0,10.0,6.0,8.0,7.0,8.0,3.0,3.0,2.0,3.0,2.0,3
57,6,2,2,2,0,0,0,1,0,0,0,4,126.0,5.0,1.0,,9.0,facilidad al hacerlo,9.0,6.0,9.0,10.0,7.0,9.0,9.0,7.0,7.0,7.0,6.0,8.0,8.0,8.0,8.0,8.0,6.0,2.0,2.0,2.0,2.0,2.0,3
57,6,2,2,2,1,0,0,1,0,0,0,5,475.0,4.0,1.0,,5.0,problemas en la financiacion,4.0,3.0,4.0,5.0,6.0,5.0,8.0,7.0,5.0,6.0,6.0,5.0,6.0,6.0,6.0,6.0,5.0,3.0,3.0,3.0,3.0,3.0,1
57,6,2,2,2,0,0,1,0,0,0,0,5,70.0,3.0,4.0,,10.0,una compra que realice,10.0,7.0,10.0,11.0,11.0,11.0,11.0,11.0,11.0,11.0,11.0,11.0,11.0,11.0,11.0,10.0,10.0,1.0,2.0,1.0,1.0,1.0,3
57,6,2,1,6,0,0,0,1,0,0,0,4,353.0,5.0,1.0,,7.0,una tasa menor,8.0,6.0,8.0,8.0,8.0,8.0,8.0,8.0,8.0,8.0,8.0,8.0,8.0,8.0,8.0,8.0,7.0,2.0,2.0,2.0,2.0,2.0,2
57,6,1,1,6,0,0,1,0,0,0,0,4,370.0,3.0,3.0,,8.0,Menos intereses,7.0,6.0,8.0,9.0,9.0,9.0,10.0,9.0,8.0,9.0,7.0,9.0,10.0,9.0,9.0,10.0,8.0,2.0,2.0,2.0,1.0,2.0,5
57,6,2,8,4,0,1,0,0,1,0,0,5,266.0,3.0,4.0,,7.0,mas seguridad,7.0,5.0,7.0,8.0,8.0,7.0,8.0,8.0,8.0,8.0,7.0,8.0,9.0,7.0,7.0,8.0,7.0,2.0,2.0,2.0,3.0,2.0,2
57,6,2,7,4,0,0,1,0,0,0,0,4,382.0,3.0,3.0,,9.0,todo fácil y rápido,9.0,7.0,10.0,11.0,9.0,10.0,10.0,10.0,11.0,11.0,10.0,11.0,10.0,11.0,11.0,10.0,8.0,3.0,3.0,2.0,3.0,4.0,1
57,6,1,17,5,1,1,0,0,1,0,0,5,346.0,1.0,,,8.0,No cobrar tan altos intereses por los crédito préstamos y tarjetas revolving,8.0,4.0,6.0,2.0,11.0,5.0,6.0,8.0,10.0,9.0,10.0,9.0,5.0,7.0,2.0,2.0,8.0,3.0,3.0,4.0,4.0,4.0,1
57,6,1,8,4,0,0,1,0,0,0,0,4,407.0,3.0,3.0,,6.0,No puedo concretar,7.0,6.0,7.0,7.0,6.0,5.0,8.0,7.0,5.0,6.0,6.0,6.0,6.0,7.0,8.0,5.0,5.0,3.0,4.0,3.0,4.0,4.0,1
57,6,1,12,3,0,0,0,1,0,0,0,4,53.0,2.0,1.0,,7.0,Rapido y bien de porcentajes,7.0,5.0,7.0,8.0,8.0,8.0,8.0,8.0,8.0,7.0,9.0,9.0,8.0,8.0,8.0,9.0,7.0,2.0,3.0,3.0,3.0,4.0,1
58,6,1,17,5,0,0,1,0,0,0,0,4,382.0,3.0,3.0,,8.0,"Las condiciones del banco, no Media Markt",8.0,6.0,8.0,9.0,5.0,9.0,8.0,8.0,8.0,8.0,7.0,7.0,7.0,8.0,8.0,8.0,5.0,2.0,3.0,2.0,3.0,3.0,2
58,6,1,12,3,0,0,0,0,0,1,0,4,126.0,5.0,1.0,,7.0,En el tipo de interes,6.0,4.0,5.0,4.0,3.0,5.0,6.0,8.0,3.0,9.0,8.0,7.0,9.0,5.0,6.0,4.0,7.0,3.0,3.0,3.0,4.0,3.0,1
58,6,1,17,5,0,1,1,0,0,0,0,5,374.0,3.0,3.0,,8.0,ampliar couta de financiacion,10.0,7.0,10.0,11.0,9.0,9.0,9.0,11.0,11.0,9.0,9.0,11.0,9.0,9.0,9.0,11.0,10.0,1.0,1.0,1.0,2.0,1.0,5
58,6,1,17,5,1,1,0,0,0,0,0,5,348.0,1.0,6.0,,8.0,bajando sus comisiones,8.0,6.0,8.0,9.0,8.0,9.0,9.0,8.0,9.0,8.0,9.0,8.0,8.0,9.0,9.0,9.0,8.0,2.0,2.0,2.0,2.0,3.0,1
58,6,1,9,5,0,0,0,1,0,0,0,4,52.0,1.0,1.0,,9.0,Bien,9.0,5.0,9.0,10.0,6.0,10.0,10.0,10.0,10.0,10.0,10.0,10.0,10.0,10.0,10.0,10.0,9.0,3.0,3.0,3.0,3.0,4.0,5
58,6,2,15,2,0,1,0,0,0,0,0,4,258.0,1.0,3.0,,10.0,Se me informó con detalle de las condiciones y características del producto,10.0,7.0,10.0,9.0,12.0,9.0,11.0,11.0,10.0,8.0,9.0,11.0,11.0,9.0,8.0,8.0,7.0,1.0,3.0,1.0,2.0,3.0,3
58,6,2,12,3,0,0,1,0,0,0,0,4,373.0,3.0,3.0,,10.0,Q lo puedes pagar en tres meses,7.0,4.0,8.0,8.0,8.0,9.0,8.0,5.0,5.0,4.0,4.0,3.0,4.0,5.0,6.0,8.0,9.0,3.0,4.0,4.0,4.0,2.0,1
58,6,2,3,1,0,1,0,0,0,0,0,5,126.0,2.0,6.0,,10.0,"La rapidez, atención y calidad",10.0,7.0,10.0,9.0,11.0,11.0,11.0,11.0,10.0,11.0,9.0,11.0,11.0,11.0,11.0,11.0,8.0,1.0,1.0,1.0,1.0,2.0,3
58,6,2,3,1,1,1,0,0,0,0,0,5,52.0,1.0,6.0,,9.0,Rapidez y facilidad en las transacciones,9.0,6.0,9.0,10.0,8.0,10.0,10.0,9.0,9.0,9.0,9.0,9.0,10.0,9.0,9.0,10.0,8.0,1.0,2.0,1.0,2.0,2.0,3
58,6,2,15,2,1,1,0,0,0,0,0,5,52.0,1.0,4.0,,8.0,"Pie so que los interested son muy altos, esto es un aspecto que deberían mejorar",8.0,6.0,8.0,7.0,7.0,10.0,9.0,7.0,7.0,7.0,8.0,6.0,7.0,8.0,7.0,8.0,7.0,2.0,3.0,3.0,3.0,3.0,1
58,6,2,10,4,1,0,0,0,0,0,0,5,348.0,1.0,5.0,,8.0,"Estoy contenta, en este momento no considero que tenga que cambiar nada",8.0,7.0,8.0,9.0,6.0,9.0,9.0,8.0,6.0,9.0,6.0,8.0,8.0,9.0,6.0,9.0,5.0,3.0,2.0,3.0,3.0,4.0,2
58,6,1,14,2,0,0,1,0,0,0,0,4,277.0,3.0,3.0,,10.0,BUEN SERVICIO Y FACILIDADES DE PAGO,10.0,6.0,9.0,9.0,10.0,10.0,10.0,9.0,10.0,8.0,7.0,9.0,8.0,11.0,7.0,9.0,8.0,1.0,2.0,2.0,1.0,3.0,3
58,6,1,10,4,1,0,0,0,0,0,0,4,126.0,5.0,1.0,,9.0,Fiable,9.0,6.0,9.0,9.0,9.0,10.0,9.0,9.0,9.0,8.0,7.0,6.0,8.0,8.0,10.0,9.0,9.0,2.0,2.0,2.0,2.0,2.0,3
58,6,2,16,2,1,0,0,0,0,0,0,4,222.0,1.0,6.0,,7.0,Tasa de interés más baja,7.0,5.0,7.0,8.0,8.0,8.0,9.0,9.0,7.0,9.0,7.0,9.0,8.0,7.0,8.0,8.0,7.0,3.0,3.0,3.0,3.0,4.0,1
58,6,2,15,2,1,0,1,0,0,0,0,5,78.0,5.0,2.0,,8.0,"Está todo bien,en nada",9.0,7.0,9.0,10.0,6.0,9.0,11.0,9.0,9.0,10.0,9.0,9.0,9.0,8.0,8.0,10.0,7.0,2.0,4.0,3.0,3.0,3.0,3
58,6,1,9,5,0,0,0,0,0,1,0,4,353.0,5.0,1.0,,10.0,La sencillez y eficacia,10.0,7.0,10.0,10.0,12.0,10.0,10.0,10.0,10.0,11.0,9.0,10.0,10.0,10.0,11.0,11.0,9.0,1.0,2.0,1.0,2.0,2.0,5
58,6,2,12,3,0,1,0,0,0,0,0,4,52.0,1.0,5.0,,7.0,Mejor atención,7.0,6.0,7.0,7.0,6.0,6.0,8.0,8.0,8.0,8.0,6.0,8.0,9.0,8.0,8.0,9.0,7.0,3.0,3.0,3.0,3.0,3.0,1
58,6,2,9,5,1,1,0,0,0,0,0,5,374.0,3.0,5.0,,8.0,mas facil uso en la pagina,8.0,6.0,8.0,9.0,9.0,6.0,9.0,9.0,8.0,7.0,8.0,5.0,6.0,8.0,8.0,8.0,8.0,2.0,3.0,2.0,3.0,3.0,1
58,6,2,17,5,1,1,0,0,0,0,0,5,346.0,1.0,4.0,,9.0,Facil   Local   En línea,9.0,6.0,9.0,9.0,6.0,10.0,10.0,9.0,9.0,9.0,6.0,10.0,10.0,9.0,8.0,10.0,7.0,2.0,2.0,2.0,3.0,3.0,1
58,6,2,12,3,1,0,0,0,1,0,0,5,370.0,3.0,4.0,,8.0,Los intereses,5.0,2.0,6.0,6.0,8.0,8.0,8.0,9.0,7.0,9.0,8.0,7.0,8.0,5.0,5.0,6.0,8.0,2.0,3.0,2.0,3.0,3.0,1
58,6,2,11,1,0,1,0,0,0,0,0,4,230.0,1.0,6.0,,9.0,"Siempre han sido sinceros, puntuales y cumplidores",10.0,7.0,10.0,10.0,6.0,9.0,10.0,10.0,8.0,7.0,7.0,9.0,8.0,9.0,10.0,10.0,8.0,1.0,2.0,2.0,2.0,2.0,3
58,6,1,9,5,1,0,0,0,0,0,0,4,348.0,1.0,6.0,,9.0,Me atendieron muy bien y me ayudaron con el trámite del préstamo,10.0,7.0,10.0,11.0,10.0,11.0,11.0,11.0,11.0,11.0,10.0,11.0,11.0,11.0,10.0,10.0,9.0,1.0,2.0,2.0,3.0,2.0,3
58,6,1,5,7,1,0,1,1,0,0,0,5,469.0,5.0,2.0,,8.0,No lo se,8.0,5.0,8.0,8.0,8.0,8.0,9.0,8.0,6.0,6.0,6.0,8.0,8.0,8.0,8.0,9.0,5.0,3.0,3.0,2.0,3.0,4.0,2
58,6,1,11,1,1,1,0,1,0,0,0,5,346.0,1.0,3.0,,8.0,ofreciendo más intereses por el ahorro,8.0,5.0,8.0,3.0,3.0,6.0,9.0,6.0,3.0,3.0,3.0,6.0,6.0,6.0,6.0,3.0,2.0,4.0,4.0,4.0,4.0,4.0,1
58,6,1,17,5,0,1,0,0,0,0,0,4,135.0,2.0,3.0,,7.0,En los intereses,7.0,6.0,7.0,8.0,3.0,7.0,9.0,8.0,7.0,7.0,6.0,8.0,7.0,7.0,8.0,8.0,7.0,2.0,3.0,3.0,4.0,4.0,1
58,6,1,9,5,1,1,0,0,0,0,0,5,348.0,1.0,3.0,,9.0,Buenos profesionales y gestiones rápidas,9.0,6.0,9.0,10.0,10.0,11.0,11.0,11.0,11.0,11.0,9.0,11.0,11.0,11.0,10.0,10.0,10.0,1.0,2.0,1.0,2.0,1.0,5
58,6,2,15,2,1,0,0,1,0,0,0,5,392.0,4.0,1.0,,8.0,Muy bien,8.0,6.0,8.0,6.0,9.0,6.0,11.0,6.0,1.0,6.0,5.0,6.0,8.0,6.0,6.0,3.0,5.0,3.0,3.0,2.0,4.0,4.0,1
58,6,1,17,5,1,1,0,1,0,0,0,5,412.0,4.0,1.0,,10.0,El proceso fue sencillo y claro,10.0,7.0,10.0,11.0,10.0,11.0,11.0,11.0,11.0,10.0,11.0,11.0,11.0,10.0,11.0,11.0,10.0,1.0,1.0,1.0,1.0,2.0,3
59,6,2,1,6,1,0,0,0,0,0,0,4,78.0,2.0,4.0,,7.0,No lo se,7.0,5.0,7.0,6.0,6.0,6.0,6.0,6.0,6.0,6.0,6.0,6.0,6.0,6.0,6.0,6.0,7.0,3.0,3.0,3.0,3.0,3.0,2
59,6,1,9,5,0,1,0,0,0,0,0,5,348.0,1.0,4.0,,10.0,sin intereses,10.0,7.0,10.0,11.0,6.0,11.0,11.0,10.0,11.0,11.0,10.0,11.0,11.0,11.0,10.0,10.0,10.0,1.0,3.0,1.0,1.0,2.0,5
59,6,1,5,7,0,1,0,0,0,0,0,4,76.0,1.0,3.0,,10.0,Que es una buena forma de pagar a credito.,10.0,7.0,10.0,9.0,8.0,11.0,11.0,10.0,11.0,10.0,10.0,9.0,11.0,11.0,10.0,10.0,9.0,1.0,1.0,1.0,1.0,1.0,5
59,6,2,1,6,0,0,0,1,0,0,0,4,52.0,5.0,2.0,,8.0,En los intereses,7.0,5.0,7.0,9.0,9.0,8.0,9.0,9.0,9.0,8.0,8.0,9.0,9.0,7.0,9.0,8.0,7.0,2.0,2.0,2.0,2.0,2.0,2
59,6,2,12,3,1,1,0,1,0,0,0,5,392.0,4.0,2.0,,10.0,Bajos intereses rápidos sencillez y buena atención al cliente,10.0,7.0,10.0,11.0,11.0,11.0,11.0,11.0,10.0,10.0,10.0,11.0,11.0,11.0,11.0,11.0,10.0,1.0,1.0,1.0,2.0,1.0,3
59,6,1,7,4,1,1,1,1,0,0,0,5,995.0,5.0,1.0,,8.0,En acordarse de rebajar el interes,6.0,6.0,6.0,7.0,7.0,6.0,6.0,7.0,7.0,6.0,5.0,7.0,6.0,6.0,7.0,8.0,6.0,2.0,2.0,2.0,2.0,3.0,1
59,6,1,12,3,1,1,0,1,0,0,0,5,78.0,5.0,1.0,,7.0,En la claridad de las condiciones,7.0,5.0,7.0,7.0,8.0,7.0,9.0,7.0,6.0,8.0,6.0,8.0,8.0,7.0,7.0,9.0,6.0,2.0,3.0,3.0,4.0,4.0,1
59,6,1,1,6,1,1,1,0,0,0,0,5,397.0,1.0,5.0,,9.0,El T.A.E era el más competitivo y además es mi banco de cabecera por lo que no hubo problema para solicitarlo via web,9.0,7.0,9.0,6.0,3.0,10.0,10.0,9.0,6.0,6.0,6.0,9.0,10.0,10.0,9.0,3.0,5.0,2.0,3.0,3.0,3.0,4.0,1
59,6,1,1,6,1,0,1,0,0,0,0,5,373.0,3.0,3.0,,10.0,Es comida de usar y me encanta la forma de pago,10.0,7.0,10.0,11.0,11.0,11.0,11.0,11.0,11.0,11.0,11.0,11.0,11.0,11.0,11.0,11.0,10.0,1.0,1.0,1.0,1.0,1.0,5
59,6,1,3,1,1,1,0,0,0,0,0,5,373.0,3.0,3.0,,10.0,la flexibilidad.,10.0,7.0,10.0,11.0,6.0,10.0,11.0,6.0,10.0,6.0,6.0,10.0,10.0,9.0,6.0,11.0,5.0,1.0,2.0,2.0,2.0,2.0,3
59,6,1,4,5,1,0,0,0,0,0,0,4,230.0,1.0,1.0,,9.0,"Cero comisiones, plataforma ágil y servicio muy decente",9.0,6.0,9.0,9.0,9.0,9.0,10.0,9.0,9.0,8.0,8.0,10.0,9.0,8.0,8.0,8.0,7.0,3.0,2.0,3.0,2.0,3.0,1
59,6,1,10,4,0,0,1,0,0,0,0,4,375.0,3.0,3.0,,9.0,Es fácil y cómoda de usar y solicitar,9.0,6.0,9.0,2.0,6.0,2.0,2.0,10.0,10.0,10.0,10.0,10.0,10.0,10.0,10.0,10.0,9.0,1.0,1.0,1.0,1.0,1.0,3
59,6,2,14,2,1,1,1,0,0,0,0,5,208.0,3.0,3.0,,9.0,Rapidez,9.0,7.0,9.0,10.0,6.0,10.0,10.0,10.0,10.0,10.0,9.0,9.0,10.0,10.0,10.0,10.0,8.0,1.0,2.0,2.0,2.0,2.0,1
59,6,2,15,2,1,0,0,0,0,0,0,5,52.0,1.0,4.0,,7.0,Mejor precio,7.0,6.0,7.0,7.0,6.0,6.0,10.0,6.0,3.0,7.0,5.0,5.0,6.0,4.0,8.0,7.0,7.0,3.0,3.0,3.0,3.0,3.0,1
59,6,2,1,6,1,0,0,0,0,0,0,4,135.0,2.0,4.0,,5.0,Intereses abusivo,5.0,5.0,5.0,7.0,6.0,6.0,8.0,6.0,7.0,6.0,6.0,7.0,5.0,6.0,7.0,6.0,6.0,3.0,2.0,2.0,2.0,2.0,2
59,6,2,17,5,1,1,1,1,0,0,0,5,370.0,3.0,3.0,,6.0,Es más caro,6.0,6.0,7.0,8.0,8.0,7.0,7.0,4.0,7.0,6.0,4.0,6.0,4.0,8.0,10.0,7.0,6.0,2.0,2.0,1.0,3.0,2.0,2
59,6,1,9,5,0,1,0,0,0,0,0,5,369.0,3.0,7.0,Gasolina,7.0,Mas servicios,7.0,4.0,7.0,5.0,5.0,4.0,5.0,4.0,2.0,1.0,4.0,4.0,2.0,3.0,4.0,4.0,1.0,4.0,4.0,4.0,4.0,4.0,0
59,6,2,8,4,1,0,0,0,0,0,0,4,126.0,2.0,3.0,,7.0,Cobrar menos intereses,7.0,6.0,7.0,8.0,6.0,7.0,8.0,7.0,5.0,5.0,7.0,4.0,4.0,6.0,7.0,6.0,7.0,3.0,3.0,4.0,4.0,4.0,1
59,6,2,17,5,0,0,0,0,0,1,0,4,412.0,4.0,1.0,,9.0,se me explicaron claramente las condiciones,9.0,6.0,9.0,10.0,12.0,10.0,10.0,10.0,7.0,8.0,8.0,11.0,11.0,9.0,9.0,11.0,6.0,1.0,4.0,1.0,4.0,4.0,5
59,6,2,1,6,1,0,0,0,0,0,0,5,346.0,1.0,6.0,,7.0,Bajar tipo interès,9.0,7.0,9.0,10.0,6.0,8.0,10.0,10.0,9.0,7.0,9.0,10.0,10.0,10.0,10.0,10.0,9.0,3.0,3.0,3.0,2.0,3.0,5
59,6,1,8,4,0,1,0,0,0,0,0,5,348.0,1.0,3.0,,10.0,Facilidades para todo,10.0,6.0,10.0,11.0,8.0,11.0,10.0,11.0,11.0,11.0,11.0,11.0,11.0,10.0,11.0,11.0,10.0,3.0,3.0,3.0,2.0,4.0,3
59,6,1,1,6,1,1,0,1,0,0,0,5,475.0,4.0,1.0,,10.0,Buenos precios y mejor cobertura,10.0,7.0,10.0,11.0,11.0,11.0,11.0,11.0,11.0,11.0,11.0,11.0,11.0,11.0,11.0,11.0,10.0,1.0,1.0,1.0,1.0,1.0,3
59,6,1,7,4,1,0,0,0,0,0,0,4,348.0,1.0,6.0,,5.0,Los bancos no piensan en sus clientes,5.0,4.0,1.0,1.0,1.0,1.0,11.0,1.0,1.0,1.0,5.0,5.0,6.0,3.0,1.0,6.0,0.0,4.0,4.0,4.0,4.0,4.0,0
59,6,1,12,3,1,1,0,0,0,0,0,5,230.0,1.0,5.0,,10.0,"Rapidez, fiabilidad y seguridad",10.0,7.0,10.0,11.0,4.0,10.0,10.0,10.0,10.0,9.0,8.0,11.0,10.0,11.0,9.0,10.0,8.0,1.0,2.0,1.0,2.0,2.0,3
60,6,1,9,5,0,1,0,0,0,0,0,5,348.0,1.0,4.0,,10.0,Prestamo personal,10.0,7.0,10.0,11.0,9.0,9.0,11.0,11.0,11.0,11.0,11.0,11.0,11.0,11.0,11.0,11.0,10.0,1.0,1.0,1.0,1.0,1.0,5
60,6,2,12,3,0,1,0,0,0,0,0,4,381.0,3.0,5.0,,8.0,Dar descuento por cantidad de compras,8.0,6.0,9.0,9.0,9.0,9.0,9.0,9.0,9.0,9.0,7.0,8.0,9.0,9.0,9.0,9.0,8.0,2.0,3.0,2.0,1.0,2.0,1
60,6,1,9,5,1,0,0,0,0,0,0,4,52.0,1.0,6.0,,6.0,El más fiable,7.0,5.0,7.0,9.0,9.0,9.0,9.0,9.0,9.0,9.0,7.0,7.0,8.0,5.0,6.0,6.0,7.0,3.0,3.0,3.0,3.0,3.0,2
60,6,1,1,6,0,0,1,0,0,0,0,4,372.0,3.0,3.0,,10.0,Que para la aprobación del crédito es relativamente rápido y eficiente,10.0,7.0,10.0,11.0,12.0,12.0,11.0,11.0,11.0,11.0,10.0,10.0,11.0,10.0,7.0,11.0,10.0,2.0,3.0,2.0,3.0,2.0,5
60,6,2,1,6,0,0,0,1,0,0,0,4,78.0,5.0,1.0,,8.0,En bajar el tipo de interés,7.0,5.0,8.0,7.0,8.0,8.0,9.0,7.0,7.0,8.0,8.0,7.0,7.0,8.0,8.0,10.0,8.0,2.0,3.0,3.0,3.0,3.0,2
60,6,2,7,4,0,0,0,1,0,0,0,4,52.0,5.0,1.0,,10.0,Su atención agradable las condiciones de pago,10.0,7.0,10.0,11.0,11.0,11.0,11.0,11.0,11.0,11.0,11.0,11.0,11.0,11.0,11.0,11.0,10.0,1.0,1.0,1.0,1.0,1.0,5
60,6,2,4,5,1,0,0,0,0,0,0,4,76.0,1.0,2.0,,10.0,El tipo de interés no es alto,10.0,7.0,9.0,10.0,12.0,12.0,10.0,10.0,9.0,10.0,10.0,11.0,11.0,9.0,10.0,10.0,9.0,3.0,3.0,3.0,3.0,3.0,5
60,6,1,6,1,0,1,0,0,0,0,0,5,44.0,2.0,3.0,,7.0,esta bien asi,8.0,6.0,8.0,9.0,9.0,9.0,9.0,8.0,8.0,8.0,8.0,8.0,8.0,9.0,9.0,9.0,8.0,2.0,2.0,2.0,2.0,2.0,3
60,6,1,14,2,0,0,1,0,0,0,0,4,382.0,3.0,3.0,,5.0,No me gustan las tarjetas aunque son necesarias,5.0,4.0,5.0,6.0,6.0,6.0,6.0,6.0,6.0,6.0,6.0,6.0,7.0,6.0,6.0,6.0,5.0,3.0,3.0,3.0,3.0,3.0,1
60,6,2,14,2,1,0,0,1,0,0,0,5,76.0,1.0,2.0,,10.0,La atención personal de mi gestor para facilitar los pasos,10.0,7.0,10.0,11.0,11.0,11.0,11.0,9.0,6.0,7.0,9.0,9.0,11.0,10.0,7.0,6.0,9.0,1.0,2.0,2.0,2.0,1.0,3
60,6,2,16,2,0,0,0,0,0,1,0,4,353.0,5.0,1.0,,8.0,En cobrar menos comisiones,9.0,6.0,8.0,6.0,6.0,6.0,11.0,6.0,2.0,9.0,7.0,7.0,8.0,6.0,6.0,6.0,8.0,4.0,4.0,4.0,4.0,4.0,1
60,6,2,15,2,0,1,0,0,0,0,0,4,52.0,1.0,3.0,,8.0,No se me ocurre nada en este momento,7.0,6.0,8.0,5.0,6.0,6.0,7.0,6.0,6.0,7.0,6.0,7.0,7.0,7.0,7.0,6.0,6.0,2.0,3.0,3.0,3.0,2.0,1
60,6,2,15,2,0,0,1,0,0,0,0,4,223.0,3.0,3.0,,10.0,Fiabilidad y acumular puntos Avios para los viajes,10.0,7.0,10.0,10.0,11.0,4.0,11.0,10.0,9.0,5.0,6.0,10.0,11.0,10.0,9.0,10.0,6.0,1.0,3.0,2.0,2.0,3.0,3
60,6,2,11,1,0,1,1,0,0,0,0,5,372.0,3.0,3.0,,10.0,"Fue muy sencillo de obtener, sencillo para abonar, una tasa de interés razonable.",10.0,7.0,10.0,9.0,9.0,11.0,9.0,9.0,10.0,10.0,10.0,10.0,9.0,10.0,10.0,10.0,8.0,1.0,2.0,2.0,3.0,3.0,3
60,6,1,13,6,0,0,0,0,0,1,0,4,412.0,4.0,1.0,,10.0,"Facilidad para comprar el vehículo, descuentos especiales por financiar con ellos",10.0,7.0,10.0,10.0,10.0,10.0,10.0,10.0,9.0,10.0,11.0,11.0,11.0,11.0,11.0,11.0,10.0,1.0,1.0,1.0,1.0,1.0,3
60,6,1,11,1,1,0,0,1,0,0,0,5,475.0,4.0,1.0,,9.0,Muy buenas condiciones del prestamo,9.0,6.0,9.0,10.0,9.0,11.0,10.0,10.0,8.0,9.0,9.0,10.0,9.0,9.0,10.0,9.0,9.0,2.0,3.0,2.0,2.0,2.0,3
60,6,2,12,3,1,0,0,0,0,0,0,4,348.0,1.0,5.0,,2.0,Obligan a contratar un seguro y tienen comisiones  de apertura,2.0,2.0,1.0,2.0,6.0,2.0,9.0,1.0,1.0,9.0,2.0,9.0,11.0,3.0,3.0,6.0,7.0,3.0,4.0,3.0,3.0,3.0,0
60,6,2,9,5,0,1,0,0,0,1,0,5,469.0,5.0,1.0,,8.0,En meno intere,8.0,2.0,8.0,8.0,9.0,7.0,8.0,10.0,9.0,9.0,7.0,8.0,9.0,9.0,9.0,9.0,8.0,2.0,3.0,3.0,3.0,2.0,2
61,6,1,1,6,0,1,0,0,0,0,0,4,370.0,3.0,6.0,,10.0,Muy buena para pagos a fin de mes,10.0,7.0,10.0,11.0,11.0,11.0,11.0,11.0,11.0,11.0,11.0,11.0,11.0,11.0,11.0,11.0,10.0,2.0,2.0,2.0,2.0,3.0,3
61,6,1,15,2,1,0,0,1,0,0,0,5,258.0,1.0,1.0,,9.0,Bajos intereses y poco papeleo,9.0,6.0,9.0,10.0,9.0,9.0,11.0,9.0,9.0,10.0,7.0,9.0,10.0,10.0,9.0,10.0,8.0,1.0,1.0,2.0,2.0,2.0,3
61,6,2,1,6,0,1,0,0,0,0,0,4,397.0,1.0,5.0,,7.0,En los intereses,6.0,6.0,7.0,9.0,8.0,6.0,6.0,6.0,6.0,7.0,6.0,6.0,8.0,6.0,6.0,7.0,6.0,3.0,3.0,3.0,2.0,3.0,2
61,6,1,15,2,1,0,0,0,0,0,0,5,346.0,1.0,6.0,,6.0,por su tipo de interes,7.0,5.0,7.0,12.0,12.0,7.0,7.0,6.0,6.0,6.0,6.0,6.0,7.0,7.0,6.0,8.0,6.0,3.0,4.0,3.0,4.0,3.0,1
61,6,2,14,2,1,0,0,0,0,1,0,5,337.0,4.0,1.0,,5.0,yo recomendaría,7.0,7.0,8.0,9.0,9.0,9.0,11.0,9.0,8.0,9.0,9.0,9.0,11.0,9.0,9.0,9.0,8.0,2.0,2.0,2.0,2.0,2.0,3
61,6,2,15,2,0,0,1,0,0,0,0,4,993.0,3.0,6.0,,8.0,No lo se,8.0,7.0,8.0,9.0,6.0,9.0,11.0,9.0,10.0,6.0,4.0,6.0,9.0,8.0,6.0,10.0,5.0,2.0,3.0,4.0,4.0,4.0,3
61,6,1,1,6,1,0,0,0,0,0,0,5,52.0,1.0,2.0,,8.0,Creo que funciona bien como esta,8.0,6.0,8.0,8.0,8.0,8.0,10.0,9.0,8.0,8.0,7.0,7.0,8.0,8.0,9.0,8.0,8.0,2.0,2.0,2.0,3.0,3.0,1
61,6,1,15,2,0,1,0,0,0,0,0,4,53.0,2.0,1.0,,5.0,Sus intereses abusivis,4.0,4.0,3.0,4.0,5.0,4.0,5.0,5.0,4.0,4.0,3.0,4.0,5.0,4.0,5.0,4.0,4.0,3.0,3.0,3.0,3.0,3.0,0
61,6,1,1,6,0,1,1,1,0,0,0,5,412.0,4.0,2.0,,9.0,Condiciones económicas y requisitos muy básico,9.0,6.0,9.0,10.0,9.0,10.0,10.0,10.0,8.0,7.0,7.0,10.0,10.0,9.0,9.0,6.0,7.0,1.0,2.0,2.0,2.0,2.0,5
61,6,2,1,6,1,1,0,0,0,0,0,5,70.0,3.0,3.0,,10.0,Si trato e intereses,10.0,7.0,10.0,11.0,10.0,11.0,11.0,11.0,11.0,11.0,11.0,11.0,11.0,11.0,11.0,10.0,10.0,1.0,1.0,1.0,1.0,1.0,5
61,6,2,7,4,1,0,0,0,0,0,0,5,230.0,1.0,3.0,,10.0,Que todo lo haces tú por el movil,10.0,7.0,10.0,12.0,11.0,11.0,11.0,11.0,11.0,11.0,11.0,11.0,11.0,11.0,11.0,11.0,10.0,2.0,3.0,2.0,2.0,2.0,3
61,6,1,11,1,1,0,0,1,0,0,0,5,392.0,4.0,1.0,,9.0,Rapidez y buena cobertura prestados,9.0,6.0,8.0,9.0,10.0,11.0,9.0,9.0,8.0,9.0,9.0,9.0,10.0,9.0,10.0,9.0,9.0,1.0,2.0,1.0,2.0,2.0,3
62,6,2,9,5,0,1,0,0,0,0,0,4,76.0,1.0,3.0,,8.0,intereses mas bajos,8.0,6.0,8.0,8.0,8.0,9.0,9.0,9.0,8.0,8.0,8.0,9.0,9.0,8.0,8.0,9.0,8.0,3.0,3.0,2.0,3.0,3.0,1
62,6,2,15,2,1,0,0,0,0,0,0,4,991.0,1.0,4.0,,10.0,La atención personal,10.0,6.0,9.0,10.0,10.0,9.0,10.0,9.0,9.0,10.0,8.0,8.0,9.0,6.0,9.0,9.0,9.0,2.0,1.0,2.0,2.0,1.0,3
62,6,1,8,4,0,0,0,1,0,0,0,4,78.0,5.0,1.0,,5.0,son iguales todos,5.0,4.0,5.0,5.0,6.0,6.0,6.0,5.0,6.0,6.0,6.0,6.0,5.0,5.0,5.0,5.0,4.0,4.0,4.0,4.0,4.0,4.0,1
62,6,1,15,2,1,0,0,0,0,0,0,4,348.0,1.0,4.0,,9.0,Facilidad,9.0,7.0,9.0,11.0,11.0,11.0,11.0,11.0,11.0,11.0,11.0,11.0,11.0,11.0,11.0,11.0,10.0,1.0,1.0,1.0,1.0,1.0,3
62,6,2,7,4,0,1,1,0,0,0,0,5,373.0,3.0,3.0,,10.0,Puedo pagar en tres mese sin intereses,10.0,7.0,10.0,10.0,6.0,10.0,11.0,7.0,6.0,8.0,8.0,8.0,10.0,9.0,9.0,9.0,6.0,2.0,2.0,2.0,2.0,2.0,1
62,6,1,6,1,0,0,0,1,0,0,0,4,353.0,2.0,1.0,,9.0,Buena tasa de interes,9.0,6.0,9.0,9.0,8.0,9.0,10.0,10.0,10.0,9.0,10.0,10.0,9.0,9.0,9.0,10.0,9.0,2.0,2.0,1.0,2.0,2.0,3
62,6,2,4,5,0,0,0,1,0,0,0,4,994.0,4.0,1.0,,9.0,Confianza,9.0,2.0,9.0,10.0,9.0,10.0,11.0,8.0,9.0,9.0,7.0,6.0,6.0,8.0,8.0,9.0,8.0,2.0,2.0,2.0,3.0,2.0,5
62,6,1,4,5,1,1,0,0,0,0,0,5,78.0,2.0,6.0,,10.0,Celeridad y transparencia,10.0,7.0,10.0,10.0,8.0,6.0,11.0,8.0,9.0,6.0,3.0,7.0,6.0,7.0,6.0,9.0,10.0,2.0,2.0,2.0,3.0,3.0,1
62,6,2,14,2,1,0,0,0,0,1,0,5,348.0,1.0,7.0,,10.0,"Atención, claridad, amabilidad y rapidez.",10.0,7.0,10.0,11.0,5.0,11.0,11.0,11.0,10.0,11.0,11.0,11.0,11.0,11.0,11.0,11.0,10.0,1.0,2.0,1.0,1.0,2.0,3
62,6,2,15,2,1,1,0,0,0,0,0,5,258.0,1.0,7.0,Me la otorgò el banco sin solicitarla,5.0,Sus intereses son muy altos,4.0,4.0,4.0,5.0,5.0,5.0,6.0,3.0,4.0,6.0,3.0,4.0,4.0,4.0,5.0,4.0,5.0,4.0,3.0,4.0,3.0,4.0,1
62,6,1,8,4,0,0,0,1,0,0,0,4,126.0,5.0,1.0,,5.0,pagas mas de lo debido,5.0,4.0,5.0,6.0,12.0,3.0,12.0,6.0,5.0,5.0,3.0,5.0,6.0,2.0,4.0,5.0,5.0,3.0,4.0,3.0,3.0,4.0,0
62,6,1,10,4,0,1,0,0,0,0,0,5,53.0,2.0,6.0,,7.0,No se esta bien pa mi,7.0,5.0,7.0,7.0,8.0,8.0,8.0,9.0,8.0,8.0,7.0,8.0,9.0,8.0,9.0,8.0,7.0,1.0,2.0,1.0,3.0,2.0,2
62,6,1,17,5,0,0,1,0,0,1,0,5,392.0,4.0,1.0,,8.0,"Me parece que todo esta bien, nada que mejorar",10.0,7.0,10.0,11.0,8.0,9.0,9.0,11.0,9.0,11.0,11.0,11.0,11.0,11.0,9.0,7.0,9.0,2.0,2.0,2.0,2.0,2.0,5
62,6,1,12,3,1,0,0,1,0,0,0,5,337.0,4.0,1.0,,7.0,Interés,7.0,4.0,7.0,12.0,12.0,12.0,12.0,7.0,7.0,6.0,6.0,7.0,7.0,7.0,7.0,7.0,7.0,2.0,3.0,3.0,3.0,2.0,1
63,6,2,1,6,1,1,0,0,0,0,0,5,52.0,1.0,6.0,,10.0,Facilidad   sin tanto papeleo,10.0,7.0,10.0,11.0,8.0,11.0,11.0,11.0,11.0,11.0,10.0,11.0,11.0,11.0,11.0,11.0,10.0,1.0,1.0,1.0,1.0,1.0,5
63,6,1,1,6,1,1,0,0,0,1,0,5,78.0,5.0,1.0,,9.0,Muy responsable,8.0,7.0,9.0,8.0,8.0,7.0,9.0,10.0,10.0,10.0,8.0,7.0,9.0,8.0,9.0,4.0,9.0,2.0,2.0,1.0,1.0,1.0,3
63,6,1,12,3,1,0,0,0,0,0,0,4,126.0,5.0,1.0,,10.0,Rápida y eficiente,10.0,7.0,10.0,11.0,11.0,11.0,11.0,11.0,11.0,11.0,11.0,11.0,11.0,11.0,11.0,11.0,10.0,1.0,1.0,1.0,1.0,1.0,3
63,6,2,1,6,0,1,0,0,1,1,0,5,467.0,5.0,2.0,,8.0,Es cómodo y fácil,8.0,6.0,8.0,8.0,9.0,8.0,9.0,8.0,10.0,9.0,8.0,8.0,9.0,8.0,8.0,8.0,8.0,2.0,2.0,3.0,3.0,3.0,5
63,6,1,15,2,0,0,1,0,0,0,0,4,993.0,3.0,7.0,Financiar la compra de un coche,8.0,No lo sé,9.0,7.0,9.0,12.0,12.0,12.0,9.0,6.0,6.0,6.0,6.0,6.0,6.0,6.0,6.0,6.0,5.0,4.0,4.0,4.0,4.0,4.0,1
63,6,1,15,2,1,0,0,0,0,0,0,4,991.0,1.0,4.0,,6.0,podía ser mejor,7.0,7.0,7.0,6.0,6.0,7.0,6.0,7.0,6.0,6.0,6.0,6.0,6.0,8.0,7.0,7.0,5.0,3.0,3.0,3.0,3.0,3.0,1
63,6,1,1,6,0,0,0,1,0,0,0,5,78.0,5.0,1.0,,9.0,Excelente,9.0,7.0,9.0,11.0,10.0,10.0,11.0,9.0,9.0,10.0,8.0,7.0,9.0,9.0,5.0,10.0,9.0,1.0,1.0,1.0,1.0,1.0,3
63,6,2,6,1,0,1,0,0,0,0,0,4,52.0,1.0,3.0,,7.0,Menos intereses,8.0,3.0,7.0,7.0,6.0,6.0,7.0,7.0,8.0,7.0,6.0,5.0,6.0,7.0,7.0,8.0,8.0,3.0,3.0,3.0,2.0,3.0,1
63,6,1,4,5,1,1,0,0,0,0,0,5,76.0,1.0,6.0,,6.0,No tengo ningún motivo,7.0,5.0,7.0,6.0,5.0,2.0,8.0,6.0,5.0,7.0,6.0,6.0,7.0,6.0,6.0,6.0,5.0,3.0,3.0,3.0,3.0,3.0,2
63,6,2,10,4,1,1,0,1,0,0,0,5,78.0,5.0,2.0,,8.0,Bajada de intereses,8.0,5.0,8.0,9.0,6.0,9.0,10.0,7.0,6.0,9.0,6.0,9.0,9.0,7.0,6.0,9.0,8.0,2.0,3.0,3.0,3.0,3.0,3
63,6,2,10,4,0,1,0,0,0,0,0,4,78.0,2.0,3.0,,8.0,"no he tenido problemas con ello, por eso creo que no es necesario mejorar en nada",9.0,7.0,9.0,10.0,6.0,6.0,10.0,9.0,8.0,8.0,6.0,10.0,10.0,9.0,10.0,10.0,5.0,2.0,3.0,2.0,2.0,3.0,3
63,6,2,15,2,0,1,0,0,0,0,0,4,370.0,3.0,3.0,,7.0,"Creo que como está ahora, está bien.  No cambiaría nada",8.0,6.0,7.0,8.0,8.0,9.0,9.0,8.0,7.0,8.0,8.0,8.0,8.0,8.0,8.0,8.0,7.0,2.0,2.0,3.0,2.0,3.0,1
63,6,2,15,2,1,0,0,0,0,0,0,4,52.0,1.0,1.0,,8.0,Más rápida la resolución de la solicitud,7.0,4.0,7.0,4.0,3.0,9.0,11.0,6.0,5.0,8.0,6.0,8.0,9.0,5.0,6.0,6.0,7.0,3.0,3.0,2.0,4.0,2.0,1
63,6,2,15,2,0,1,1,0,0,0,0,5,43.0,1.0,6.0,,8.0,MEJORE TRABAJADORES,8.0,6.0,8.0,7.0,12.0,8.0,10.0,8.0,7.0,10.0,6.0,9.0,10.0,8.0,8.0,8.0,6.0,2.0,3.0,2.0,3.0,3.0,3
63,6,2,15,2,0,0,1,0,0,0,0,4,146.0,3.0,6.0,,9.0,buena atencion,8.0,7.0,10.0,9.0,12.0,10.0,10.0,11.0,6.0,6.0,7.0,8.0,6.0,6.0,6.0,7.0,8.0,2.0,3.0,2.0,4.0,4.0,3
63,6,1,17,5,1,1,0,0,0,0,0,5,348.0,1.0,6.0,,8.0,mas facilidades para reunificar prestamos,8.0,6.0,8.0,9.0,7.0,7.0,11.0,8.0,6.0,8.0,5.0,6.0,8.0,9.0,9.0,9.0,6.0,3.0,3.0,3.0,3.0,3.0,1
63,6,2,1,6,1,0,0,0,0,0,0,4,346.0,1.0,3.0,,10.0,"Confianza, seguridad, rapidez, sencillo, cómodo",10.0,7.0,10.0,11.0,11.0,11.0,11.0,11.0,11.0,11.0,11.0,11.0,11.0,11.0,11.0,11.0,10.0,1.0,1.0,1.0,2.0,1.0,3
63,6,1,1,6,1,0,0,0,0,0,0,4,126.0,5.0,1.0,,9.0,Muchas facilidades de pago,9.0,7.0,10.0,10.0,9.0,10.0,10.0,9.0,10.0,9.0,7.0,8.0,9.0,9.0,10.0,10.0,9.0,1.0,1.0,1.0,1.0,1.0,5
63,6,1,1,6,1,0,1,0,0,0,0,5,370.0,3.0,3.0,,7.0,mejores intereses que son caros,7.0,6.0,7.0,9.0,7.0,8.0,9.0,9.0,8.0,9.0,8.0,10.0,9.0,9.0,9.0,10.0,7.0,1.0,2.0,2.0,2.0,2.0,2
63,6,2,12,3,0,1,1,0,0,0,0,5,369.0,3.0,3.0,,10.0,Es muy fácil de gestionar y me suelen dar financiación sin interese,10.0,7.0,10.0,11.0,3.0,9.0,11.0,9.0,10.0,9.0,5.0,10.0,11.0,10.0,11.0,6.0,7.0,1.0,4.0,2.0,4.0,3.0,1
63,6,1,8,4,0,1,0,0,0,0,0,4,230.0,1.0,6.0,,10.0,Son asequibles,10.0,6.0,10.0,8.0,9.0,9.0,10.0,9.0,10.0,10.0,9.0,10.0,10.0,9.0,10.0,10.0,9.0,1.0,2.0,2.0,2.0,3.0,3
63,6,1,9,5,1,1,0,0,1,1,0,5,475.0,4.0,1.0,,10.0,Servicio excelente,10.0,7.0,10.0,11.0,11.0,11.0,11.0,11.0,11.0,11.0,11.0,10.0,11.0,11.0,11.0,11.0,10.0,1.0,1.0,1.0,1.0,1.0,3
63,6,1,4,5,1,1,0,0,0,1,0,5,392.0,4.0,1.0,,10.0,Servicio técnico,10.0,7.0,10.0,11.0,9.0,10.0,11.0,11.0,11.0,9.0,9.0,11.0,11.0,10.0,11.0,11.0,8.0,2.0,1.0,2.0,2.0,3.0,3
63,6,1,17,5,0,0,0,0,0,1,0,4,469.0,5.0,2.0,,0.0,Usura,0.0,1.0,0.0,1.0,1.0,1.0,6.0,1.0,1.0,1.0,1.0,1.0,1.0,1.0,1.0,1.0,0.0,4.0,4.0,4.0,4.0,4.0,0
63,6,2,13,6,1,0,0,0,0,0,0,4,126.0,2.0,4.0,,8.0,"la rapidez y la comodidad, al poder hacerlo por internet",8.0,6.0,8.0,8.0,6.0,8.0,9.0,8.0,5.0,8.0,9.0,11.0,10.0,9.0,10.0,11.0,8.0,3.0,3.0,3.0,3.0,3.0,1
64,6,1,11,1,0,1,0,0,0,0,0,4,230.0,1.0,7.0,Me la ofreció el banco al abrir la cuenta sin más,9.0,Sin comisiones por mantenimiento y renovación.,10.0,7.0,10.0,9.0,9.0,10.0,10.0,9.0,10.0,10.0,9.0,9.0,10.0,8.0,9.0,10.0,9.0,2.0,2.0,2.0,2.0,2.0,3
64,6,1,13,6,1,1,0,1,0,0,0,5,52.0,5.0,1.0,,9.0,Sin problema,9.0,7.0,9.0,9.0,9.0,10.0,10.0,9.0,10.0,9.0,7.0,10.0,10.0,9.0,9.0,9.0,7.0,2.0,2.0,3.0,2.0,2.0,5
64,6,2,4,5,0,0,0,0,0,1,0,4,994.0,4.0,1.0,,8.0,No se,9.0,7.0,9.0,10.0,10.0,10.0,10.0,9.0,10.0,9.0,9.0,8.0,10.0,8.0,9.0,9.0,8.0,2.0,2.0,2.0,2.0,2.0,5
64,6,1,14,2,0,0,1,0,0,0,0,4,375.0,3.0,3.0,,10.0,Rapidez y comodidad,9.0,7.0,10.0,11.0,9.0,11.0,11.0,10.0,10.0,10.0,9.0,9.0,11.0,9.0,10.0,11.0,7.0,2.0,3.0,1.0,3.0,3.0,3
64,6,2,15,2,0,0,0,1,0,0,0,4,53.0,2.0,1.0,,10.0,Como soy cliente de bbva fue todo sencillo y con un interes muy bueno,10.0,7.0,10.0,9.0,1.0,10.0,11.0,10.0,8.0,10.0,10.0,10.0,10.0,11.0,11.0,11.0,10.0,2.0,2.0,2.0,2.0,2.0,3
64,6,1,17,5,1,0,0,0,0,0,0,4,55.0,1.0,3.0,,7.0,mas  flesible con las fechas,7.0,5.0,7.0,8.0,8.0,8.0,9.0,9.0,7.0,8.0,8.0,9.0,8.0,8.0,8.0,7.0,7.0,2.0,2.0,3.0,3.0,2.0,1
64,6,1,2,2,0,1,0,0,0,0,0,4,52.0,1.0,6.0,,6.0,"Mas que el banco, la tarjeta tiene sus inconvenientes",7.0,5.0,7.0,7.0,6.0,8.0,9.0,8.0,6.0,6.0,5.0,7.0,8.0,7.0,6.0,7.0,5.0,3.0,3.0,3.0,4.0,3.0,1
64,6,1,3,1,0,1,0,0,0,0,0,4,85.0,2.0,3.0,,8.0,Con no tener que pagar por el uso de la tarjeta,8.0,6.0,8.0,10.0,10.0,9.0,10.0,8.0,8.0,9.0,7.0,8.0,8.0,8.0,8.0,8.0,7.0,3.0,3.0,3.0,3.0,3.0,3
64,6,1,12,3,0,1,0,1,0,0,0,5,475.0,4.0,1.0,,8.0,INCLUIR LAS REVISIONES DE MANTENIMIENTO EN EL CREDITO,7.0,5.0,7.0,8.0,7.0,9.0,7.0,7.0,7.0,7.0,8.0,10.0,9.0,8.0,7.0,7.0,7.0,3.0,3.0,3.0,4.0,3.0,1
65,7,1,1,6,1,0,0,0,0,0,0,4,52.0,1.0,5.0,,10.0,rapidez en conceder el crédito,10.0,7.0,10.0,11.0,11.0,11.0,11.0,11.0,11.0,11.0,11.0,11.0,11.0,11.0,11.0,11.0,10.0,1.0,1.0,1.0,1.0,1.0,3
65,7,1,7,4,1,1,0,0,0,0,0,5,370.0,3.0,3.0,,7.0,En las comisiones que cobra por el crédito.,7.0,5.0,5.0,9.0,4.0,6.0,9.0,8.0,6.0,11.0,8.0,8.0,6.0,6.0,8.0,8.0,5.0,2.0,3.0,2.0,3.0,2.0,1
65,7,1,12,3,1,1,0,0,0,0,0,5,76.0,1.0,5.0,,10.0,trato personalizado. a mes vencido o pagar a plazos,10.0,7.0,10.0,11.0,10.0,10.0,11.0,11.0,10.0,11.0,9.0,11.0,11.0,10.0,11.0,10.0,9.0,2.0,1.0,1.0,1.0,2.0,3
65,7,1,9,5,0,1,1,0,0,0,0,5,373.0,3.0,3.0,,9.0,"Facilidad de pago, recompensas fidelización.",9.0,7.0,9.0,10.0,10.0,10.0,10.0,10.0,10.0,10.0,10.0,10.0,10.0,10.0,10.0,10.0,9.0,1.0,1.0,1.0,1.0,1.0,5
65,7,1,9,5,1,0,0,0,0,0,0,4,135.0,2.0,7.0,dentista,6.0,"no deja de ser una financiera que por necesidad la utilizas, pero no me siento comodo",6.0,5.0,6.0,7.0,6.0,7.0,9.0,7.0,7.0,7.0,6.0,7.0,8.0,7.0,8.0,9.0,6.0,2.0,3.0,2.0,3.0,3.0,2
65,7,1,3,1,1,0,0,0,0,0,0,5,5.0,1.0,2.0,,7.0,Piden algunas condiciones  como seguro y pagado por adelantado,6.0,4.0,6.0,4.0,4.0,4.0,9.0,3.0,1.0,2.0,3.0,2.0,1.0,2.0,4.0,2.0,2.0,3.0,4.0,3.0,4.0,4.0,1
65,7,2,11,1,0,0,0,1,0,0,0,4,5.0,1.0,1.0,,5.0,Posiblemente por el tipo de interes,7.0,4.0,7.0,8.0,7.0,6.0,7.0,8.0,9.0,9.0,8.0,8.0,10.0,6.0,8.0,8.0,5.0,3.0,3.0,3.0,2.0,3.0,1
65,7,1,1,6,0,0,0,1,0,0,0,4,230.0,1.0,1.0,,8.0,Más creditos,8.0,6.0,10.0,11.0,8.0,11.0,11.0,10.0,10.0,9.0,10.0,11.0,9.0,9.0,11.0,9.0,8.0,2.0,2.0,2.0,2.0,2.0,5
65,7,1,1,6,1,0,0,0,0,0,0,4,76.0,1.0,5.0,,9.0,Buenas condiciones financieras,9.0,6.0,9.0,9.0,9.0,7.0,10.0,8.0,7.0,8.0,6.0,8.0,10.0,9.0,8.0,9.0,7.0,2.0,3.0,2.0,2.0,2.0,5
65,7,1,15,2,0,1,0,0,0,0,0,4,258.0,1.0,6.0,,10.0,ninguno especial,10.0,7.0,10.0,11.0,11.0,11.0,11.0,11.0,11.0,11.0,11.0,11.0,11.0,11.0,11.0,11.0,10.0,1.0,1.0,1.0,1.0,1.0,3
65,7,1,1,6,1,1,1,0,0,0,0,5,126.0,5.0,2.0,,8.0,la tasa de interes,8.0,5.0,8.0,8.0,8.0,8.0,8.0,6.0,6.0,6.0,6.0,7.0,8.0,7.0,7.0,7.0,6.0,2.0,4.0,4.0,3.0,4.0,2
65,7,1,15,2,0,1,0,0,0,0,0,5,991.0,1.0,6.0,,8.0,Más claridad en sus productos,8.0,5.0,8.0,8.0,6.0,8.0,9.0,9.0,9.0,9.0,6.0,7.0,9.0,6.0,6.0,6.0,8.0,3.0,3.0,3.0,3.0,3.0,3
65,7,2,12,3,1,0,1,0,0,0,0,5,52.0,5.0,7.0,Reforma hogar,9.0,Buena atención y condiciones buenas,9.0,6.0,10.0,9.0,9.0,10.0,11.0,10.0,8.0,9.0,9.0,8.0,11.0,7.0,8.0,9.0,8.0,2.0,3.0,2.0,2.0,3.0,3
65,7,1,3,1,1,0,0,0,0,0,0,4,230.0,1.0,5.0,,10.0,No tuve necesidad de garantia,10.0,7.0,10.0,10.0,10.0,10.0,10.0,10.0,10.0,10.0,10.0,9.0,10.0,8.0,11.0,11.0,10.0,1.0,1.0,2.0,2.0,2.0,3
65,7,1,1,6,0,0,0,1,0,0,0,4,230.0,1.0,1.0,,10.0,Buena atención,10.0,6.0,9.0,8.0,7.0,9.0,11.0,11.0,10.0,9.0,6.0,7.0,8.0,6.0,9.0,8.0,7.0,2.0,2.0,2.0,2.0,2.0,5
65,7,1,1,6,0,1,0,0,0,0,0,5,52.0,1.0,3.0,,8.0,Más contacto directo con personal del banco,7.0,6.0,7.0,9.0,7.0,7.0,10.0,7.0,7.0,8.0,8.0,8.0,9.0,8.0,8.0,8.0,7.0,2.0,2.0,3.0,3.0,3.0,1
65,7,2,7,4,1,0,0,0,0,0,0,4,43.0,1.0,1.0,,9.0,Rapidez y atención personal,9.0,7.0,9.0,10.0,10.0,9.0,11.0,9.0,8.0,9.0,10.0,10.0,10.0,10.0,8.0,10.0,8.0,2.0,3.0,2.0,2.0,3.0,3
65,7,2,12,3,0,1,1,0,0,0,0,5,369.0,3.0,3.0,,9.0,Fue rapido la emición de credito y la tarjeta,9.0,6.0,9.0,8.0,6.0,10.0,6.0,10.0,9.0,9.0,9.0,8.0,10.0,10.0,10.0,10.0,9.0,2.0,2.0,2.0,2.0,2.0,1
65,7,2,3,1,1,0,0,1,0,0,0,5,52.0,5.0,1.0,,9.0,Rspidez,9.0,7.0,9.0,11.0,10.0,3.0,2.0,7.0,6.0,4.0,4.0,10.0,11.0,5.0,4.0,6.0,7.0,2.0,3.0,3.0,3.0,4.0,1
65,7,2,5,7,0,1,0,0,0,0,0,4,76.0,1.0,7.0,Me la ofrecieron,8.0,De momento va bien,8.0,6.0,8.0,7.0,7.0,8.0,8.0,7.0,6.0,8.0,8.0,9.0,8.0,7.0,7.0,6.0,7.0,3.0,4.0,3.0,3.0,4.0,2
65,7,2,12,3,0,1,0,0,0,0,0,5,381.0,3.0,3.0,,6.0,En general porque lo mejor es comprar cuando se tiene el dinero para la compra,6.0,5.0,7.0,6.0,4.0,7.0,12.0,6.0,1.0,6.0,3.0,7.0,8.0,5.0,4.0,6.0,7.0,3.0,3.0,3.0,3.0,4.0,1
65,7,1,3,1,1,1,0,0,0,0,0,5,407.0,3.0,7.0,PARA HACER PAGOS RECURRENTES,9.0,PORCENTAJES DE REINTEGROS POR USO TARJETA,9.0,6.0,9.0,12.0,8.0,8.0,10.0,9.0,8.0,8.0,9.0,9.0,9.0,8.0,10.0,8.0,7.0,3.0,3.0,3.0,3.0,3.0,3
65,7,2,1,6,0,1,0,0,0,0,0,4,346.0,1.0,6.0,,4.0,todos los bancos son iguales,4.0,3.0,3.0,1.0,12.0,1.0,10.0,5.0,3.0,6.0,6.0,6.0,3.0,3.0,1.0,5.0,4.0,4.0,4.0,4.0,4.0,4.0,0
65,7,2,7,4,0,1,0,0,0,0,0,5,76.0,1.0,3.0,,10.0,Muy  bueno,10.0,7.0,10.0,11.0,11.0,11.0,11.0,11.0,11.0,11.0,11.0,11.0,11.0,11.0,11.0,11.0,10.0,1.0,1.0,1.0,1.0,1.0,3
65,7,1,1,6,0,0,0,0,0,1,0,4,76.0,1.0,1.0,,8.0,Ofrecer depósitos con buena remuneración,8.0,7.0,8.0,9.0,5.0,9.0,10.0,9.0,7.0,7.0,9.0,8.0,9.0,9.0,8.0,9.0,6.0,3.0,3.0,2.0,3.0,3.0,5
65,7,2,15,2,0,1,0,0,0,0,0,4,146.0,3.0,3.0,,10.0,Que tenia ventajas para compras,10.0,6.0,10.0,6.0,6.0,11.0,11.0,6.0,11.0,6.0,1.0,11.0,11.0,6.0,11.0,11.0,5.0,3.0,3.0,3.0,4.0,3.0,3
65,7,1,12,3,0,1,0,0,0,0,0,5,76.0,1.0,4.0,,2.0,CADA VEZ COBRAN MAS,2.0,2.0,1.0,2.0,1.0,3.0,7.0,3.0,2.0,5.0,2.0,2.0,3.0,2.0,3.0,4.0,4.0,4.0,4.0,4.0,4.0,4.0,0
65,7,2,6,1,1,0,0,0,0,0,0,5,85.0,2.0,6.0,,6.0,Por sus altos intereses,5.0,4.0,5.0,6.0,6.0,6.0,6.0,6.0,6.0,6.0,6.0,6.0,6.0,6.0,6.0,6.0,5.0,3.0,3.0,4.0,4.0,3.0,1
65,7,2,1,6,1,0,0,0,0,0,0,4,76.0,1.0,5.0,,8.0,MEJORA  DEL PRECIO DEL PRESTAMO,9.0,6.0,9.0,9.0,9.0,9.0,10.0,9.0,8.0,8.0,7.0,10.0,10.0,9.0,9.0,9.0,7.0,2.0,3.0,2.0,3.0,2.0,5
65,7,1,5,7,1,1,0,0,0,0,0,5,76.0,1.0,2.0,,10.0,Rapidez en el tramite,10.0,7.0,10.0,11.0,5.0,5.0,11.0,11.0,11.0,11.0,11.0,1.0,11.0,11.0,9.0,9.0,10.0,1.0,1.0,1.0,1.0,2.0,5
65,7,2,12,3,1,1,0,0,0,0,0,5,346.0,1.0,5.0,,10.0,Excelente atencion,10.0,7.0,10.0,11.0,12.0,10.0,11.0,9.0,10.0,10.0,9.0,10.0,10.0,9.0,10.0,11.0,10.0,2.0,2.0,2.0,2.0,1.0,3
65,7,2,12,3,1,0,1,1,0,0,0,5,353.0,5.0,1.0,,7.0,Mejorar el interés a pagar,8.0,6.0,8.0,8.0,8.0,6.0,9.0,6.0,9.0,8.0,8.0,5.0,7.0,8.0,5.0,9.0,7.0,3.0,3.0,3.0,3.0,4.0,1
65,7,1,1,6,0,0,0,1,0,1,0,5,353.0,5.0,2.0,,10.0,Comodidad y agilidad,10.0,7.0,10.0,11.0,1.0,11.0,11.0,11.0,11.0,11.0,11.0,10.0,11.0,11.0,11.0,11.0,10.0,1.0,1.0,1.0,1.0,1.0,5
65,7,2,12,3,1,0,0,0,0,0,0,4,993.0,3.0,3.0,,10.0,"Productos de excelente calidad, que venden los productos electrodomésticos, precios accesibles",10.0,7.0,10.0,11.0,8.0,11.0,11.0,11.0,11.0,11.0,11.0,11.0,11.0,11.0,11.0,11.0,10.0,1.0,1.0,1.0,1.0,1.0,3
65,7,2,13,6,1,0,0,0,0,0,0,4,991.0,1.0,4.0,,7.0,Todo bien,8.0,5.0,8.0,10.0,8.0,7.0,10.0,8.0,7.0,6.0,6.0,9.0,10.0,9.0,9.0,8.0,7.0,3.0,3.0,3.0,3.0,3.0,2
65,7,1,12,3,0,1,0,0,0,0,0,4,52.0,1.0,3.0,,7.0,Poner los intereses más baratos,7.0,5.0,7.0,7.0,7.0,7.0,9.0,7.0,8.0,8.0,7.0,8.0,8.0,4.0,6.0,5.0,7.0,2.0,2.0,2.0,2.0,2.0,1
65,7,1,11,1,0,1,0,0,0,0,0,4,346.0,1.0,6.0,,8.0,en los tipos,8.0,7.0,10.0,10.0,10.0,10.0,10.0,10.0,10.0,10.0,10.0,10.0,10.0,10.0,10.0,10.0,9.0,1.0,1.0,1.0,1.0,1.0,3
66,7,2,12,3,1,1,0,0,0,0,0,5,369.0,3.0,6.0,,7.0,No se,8.0,5.0,8.0,6.0,3.0,7.0,8.0,7.0,5.0,6.0,4.0,6.0,7.0,6.0,6.0,8.0,5.0,3.0,4.0,4.0,4.0,4.0,1
66,7,1,9,5,0,1,0,0,0,1,0,5,337.0,4.0,1.0,,9.0,Todo perfecto,9.0,7.0,9.0,9.0,12.0,10.0,11.0,10.0,10.0,10.0,9.0,9.0,10.0,11.0,10.0,11.0,9.0,2.0,2.0,1.0,3.0,3.0,5
66,7,1,17,5,0,1,0,0,0,0,0,5,230.0,1.0,5.0,,5.0,Holandés,4.0,4.0,4.0,5.0,6.0,5.0,8.0,4.0,4.0,5.0,5.0,6.0,5.0,5.0,5.0,5.0,4.0,3.0,4.0,3.0,3.0,4.0,1
66,7,1,9,5,0,0,0,1,0,0,0,4,337.0,4.0,1.0,,10.0,Por que sus créditos son muy ventajosos,10.0,7.0,10.0,11.0,12.0,11.0,11.0,11.0,11.0,11.0,11.0,11.0,11.0,11.0,11.0,11.0,8.0,2.0,2.0,1.0,2.0,1.0,5
66,7,2,11,1,0,1,0,0,0,0,0,5,208.0,3.0,3.0,,5.0,por comisiones,5.0,6.0,5.0,1.0,6.0,11.0,12.0,2.0,3.0,1.0,7.0,9.0,3.0,5.0,4.0,1.0,6.0,1.0,2.0,1.0,4.0,3.0,1
66,7,1,9,5,1,1,1,0,0,0,0,5,78.0,5.0,7.0,Ipad,9.0,Fue fácil y sin intereses,8.0,6.0,8.0,6.0,6.0,8.0,6.0,6.0,6.0,6.0,6.0,6.0,9.0,8.0,8.0,8.0,8.0,3.0,3.0,3.0,3.0,4.0,1
66,7,2,12,3,0,1,0,0,0,0,0,4,52.0,1.0,6.0,,10.0,Tengo mucha confianza en la entidad,10.0,7.0,10.0,10.0,10.0,11.0,10.0,10.0,10.0,10.0,11.0,10.0,10.0,10.0,10.0,10.0,10.0,1.0,1.0,1.0,1.0,1.0,3
66,7,1,1,6,0,1,0,0,0,0,0,4,161.0,1.0,3.0,,8.0,"Trabaja bastante bien, quizás alguna sucursal más",9.0,6.0,9.0,9.0,10.0,9.0,9.0,10.0,8.0,9.0,9.0,11.0,11.0,9.0,9.0,8.0,8.0,2.0,3.0,2.0,2.0,3.0,5
66,7,1,1,6,0,0,0,1,0,0,0,4,353.0,5.0,2.0,,9.0,Arguno,9.0,5.0,9.0,10.0,2.0,7.0,10.0,10.0,5.0,10.0,8.0,10.0,7.0,8.0,10.0,9.0,10.0,1.0,2.0,1.0,2.0,2.0,5
66,7,1,5,7,1,0,0,0,0,0,0,5,52.0,5.0,1.0,,10.0,Todo rápido amable,10.0,7.0,10.0,11.0,11.0,11.0,11.0,11.0,11.0,11.0,11.0,11.0,11.0,11.0,11.0,11.0,10.0,1.0,1.0,1.0,1.0,1.0,3
66,7,2,9,5,0,1,0,1,0,0,0,5,412.0,4.0,1.0,,9.0,Fueron muy rapidos y resolutivos,9.0,6.0,9.0,10.0,8.0,10.0,10.0,9.0,10.0,10.0,9.0,9.0,10.0,10.0,9.0,9.0,8.0,2.0,2.0,1.0,2.0,1.0,5
66,7,1,12,3,0,1,0,0,0,0,0,4,346.0,1.0,3.0,,8.0,Esta bastante bien,8.0,5.0,8.0,5.0,5.0,8.0,9.0,9.0,2.0,3.0,1.0,8.0,1.0,2.0,4.0,2.0,5.0,3.0,3.0,4.0,4.0,4.0,1
66,7,2,6,1,0,1,0,0,0,0,0,4,283.0,3.0,3.0,,7.0,Productos,8.0,4.0,5.0,9.0,8.0,9.0,10.0,8.0,9.0,9.0,9.0,9.0,10.0,8.0,9.0,9.0,6.0,3.0,3.0,3.0,4.0,3.0,1
66,7,1,12,3,0,1,0,1,0,0,0,5,76.0,1.0,3.0,,9.0,"ATENCIÓN AL CLIENTE, PRONTITUD EN EL PRÉSTAMO, CLARIDAD EN EL PAPELEO",9.0,7.0,10.0,10.0,12.0,10.0,10.0,10.0,10.0,8.0,8.0,10.0,10.0,10.0,10.0,10.0,8.0,2.0,2.0,2.0,2.0,2.0,3
66,7,2,12,3,1,1,0,1,0,0,0,5,52.0,1.0,1.0,,10.0,Excelente atención     Prontitud en respuesta,10.0,7.0,10.0,11.0,11.0,11.0,11.0,11.0,11.0,11.0,11.0,11.0,11.0,11.0,11.0,11.0,10.0,1.0,1.0,1.0,1.0,1.0,3
66,7,2,12,3,1,0,0,0,0,0,0,5,353.0,2.0,4.0,,10.0,Facilidad,9.0,7.0,9.0,10.0,11.0,10.0,11.0,10.0,10.0,10.0,9.0,10.0,9.0,10.0,11.0,11.0,9.0,1.0,1.0,1.0,2.0,2.0,3
66,7,1,5,7,1,1,1,1,1,0,0,5,52.0,5.0,1.0,,10.0,Buenos créditos Algo más barato.,10.0,7.0,10.0,11.0,10.0,11.0,8.0,8.0,7.0,7.0,7.0,6.0,8.0,9.0,8.0,9.0,9.0,3.0,4.0,4.0,3.0,4.0,5
66,7,2,1,6,0,1,0,0,0,0,0,5,85.0,2.0,3.0,,3.0,por mala calidad,3.0,3.0,3.0,4.0,3.0,4.0,3.0,3.0,3.0,3.0,3.0,3.0,4.0,4.0,3.0,4.0,3.0,4.0,4.0,4.0,4.0,4.0,0
66,7,1,1,6,1,1,0,0,0,0,0,5,5.0,1.0,4.0,,2.0,sus altos intereses y su poca trasparencia,0.0,1.0,0.0,1.0,2.0,1.0,12.0,1.0,1.0,1.0,1.0,1.0,1.0,1.0,1.0,1.0,0.0,4.0,4.0,4.0,4.0,4.0,0
66,7,1,5,7,1,1,0,0,0,0,0,5,370.0,3.0,3.0,,4.0,Intento dejar de comprar en el carrefour,6.0,5.0,5.0,12.0,5.0,12.0,6.0,6.0,6.0,8.0,4.0,8.0,8.0,5.0,5.0,5.0,5.0,3.0,3.0,4.0,4.0,4.0,2
66,7,1,5,7,0,1,0,0,0,0,0,5,382.0,3.0,3.0,,7.0,Está bien,8.0,5.0,7.0,5.0,6.0,4.0,5.0,7.0,7.0,6.0,6.0,6.0,7.0,6.0,7.0,5.0,7.0,3.0,3.0,3.0,3.0,3.0,2
66,7,1,1,6,0,1,0,0,0,0,0,4,991.0,1.0,6.0,,10.0,Su facilidad para el trámite   Facilidad de financiamiento   Facilidad de pago,10.0,7.0,10.0,11.0,2.0,11.0,11.0,11.0,11.0,11.0,11.0,11.0,11.0,11.0,11.0,10.0,10.0,1.0,1.0,1.0,2.0,1.0,5
66,7,2,1,6,0,1,0,0,0,0,0,4,10.0,3.0,3.0,,5.0,que estan perdiendo mucha gente por tener cajas de autopago y no pienso pagar asi en ninguna,2.0,2.0,3.0,2.0,2.0,6.0,6.0,1.0,2.0,1.0,1.0,1.0,1.0,1.0,1.0,4.0,1.0,4.0,4.0,4.0,4.0,4.0,0
66,7,2,12,3,0,1,0,0,0,0,0,4,52.0,1.0,6.0,,10.0,Tengo confianza con la entidad,10.0,7.0,10.0,11.0,11.0,10.0,11.0,11.0,11.0,11.0,11.0,11.0,11.0,11.0,11.0,11.0,10.0,1.0,1.0,1.0,1.0,1.0,3
66,7,1,12,3,1,1,1,0,0,1,0,5,343.0,3.0,5.0,,10.0,Transparencia,10.0,6.0,10.0,11.0,11.0,11.0,11.0,11.0,11.0,11.0,11.0,11.0,11.0,11.0,11.0,11.0,10.0,1.0,2.0,1.0,2.0,1.0,3
67,7,2,7,4,1,0,0,0,0,0,0,4,76.0,1.0,6.0,,8.0,bajar el interés,8.0,6.0,8.0,8.0,12.0,9.0,10.0,8.0,8.0,9.0,9.0,9.0,9.0,8.0,8.0,8.0,7.0,3.0,4.0,3.0,3.0,4.0,3
67,7,1,6,1,0,1,0,0,0,1,0,5,353.0,5.0,1.0,,7.0,cobrar menos intereses,7.0,7.0,8.0,9.0,12.0,8.0,11.0,9.0,8.0,6.0,6.0,9.0,9.0,8.0,9.0,8.0,8.0,2.0,2.0,2.0,3.0,3.0,3
67,7,1,12,3,0,1,0,0,0,0,0,5,227.0,3.0,3.0,,6.0,Los intereses altos,6.0,4.0,6.0,6.0,6.0,7.0,7.0,6.0,7.0,6.0,7.0,7.0,4.0,8.0,7.0,6.0,6.0,4.0,4.0,4.0,4.0,4.0,1
67,7,1,1,6,1,0,0,0,0,0,0,4,370.0,3.0,5.0,,6.0,Si si lo recomendaría para mí ha sido posible hacer unas reformas en casa y estoy con el tratamiento muy contento,7.0,5.0,6.0,7.0,7.0,7.0,7.0,6.0,6.0,6.0,6.0,6.0,6.0,6.0,7.0,7.0,6.0,2.0,2.0,2.0,2.0,2.0,2
67,7,1,1,6,1,0,0,0,0,0,0,4,418.0,2.0,7.0,Vacaciones,10.0,"La amabilidad, la rapidez y la claridad para obtener un crédito.",10.0,7.0,10.0,11.0,12.0,11.0,11.0,11.0,11.0,11.0,11.0,11.0,11.0,11.0,11.0,10.0,10.0,1.0,1.0,1.0,2.0,1.0,5
67,7,2,11,1,1,1,0,0,0,0,0,5,52.0,1.0,6.0,,8.0,La bajada en el cobro de comisiones en general,7.0,5.0,7.0,7.0,6.0,8.0,8.0,7.0,6.0,8.0,6.0,7.0,9.0,8.0,8.0,6.0,6.0,2.0,3.0,3.0,3.0,3.0,1
67,7,2,12,3,1,1,0,0,0,0,0,5,78.0,2.0,4.0,,6.0,"No he podido refinanciar la deuda , me he quedado varada para el pago",6.0,6.0,7.0,7.0,4.0,8.0,11.0,8.0,7.0,10.0,8.0,10.0,10.0,7.0,8.0,7.0,7.0,3.0,3.0,3.0,3.0,3.0,3
67,7,1,7,4,1,0,0,0,0,0,0,4,222.0,1.0,7.0,Para ayudar a mi empresa,8.0,"Más tiempo de apertura de la caja, sobre todo, para las personas mayores",8.0,6.0,8.0,9.0,7.0,9.0,9.0,9.0,9.0,9.0,9.0,9.0,9.0,8.0,9.0,9.0,8.0,2.0,2.0,2.0,3.0,2.0,3
67,7,2,12,3,1,1,0,0,1,0,0,5,53.0,2.0,,,8.0,Para mi no necesita mejorar no tuve problemas,8.0,6.0,8.0,9.0,9.0,9.0,9.0,9.0,9.0,9.0,9.0,9.0,8.0,8.0,8.0,8.0,8.0,2.0,2.0,2.0,2.0,2.0,3
67,7,2,12,3,0,0,1,0,1,0,0,5,371.0,3.0,3.0,,7.0,Creo que está bien,8.0,6.0,8.0,9.0,8.0,9.0,9.0,8.0,8.0,9.0,9.0,8.0,9.0,9.0,9.0,9.0,7.0,2.0,2.0,2.0,2.0,2.0,3
67,7,2,1,6,1,0,0,0,0,0,0,5,126.0,5.0,7.0,Placas solares,9.0,Rapidez,9.0,6.0,9.0,8.0,7.0,8.0,8.0,9.0,7.0,8.0,9.0,9.0,9.0,8.0,9.0,9.0,9.0,2.0,2.0,3.0,2.0,3.0,5
67,7,1,5,7,1,0,0,0,0,0,0,4,76.0,1.0,3.0,,7.0,Todo bien,9.0,6.0,8.0,6.0,6.0,6.0,6.0,6.0,6.0,6.0,6.0,6.0,6.0,6.0,6.0,6.0,6.0,3.0,3.0,3.0,3.0,3.0,2
67,7,2,13,6,1,0,0,0,0,0,0,4,230.0,1.0,3.0,,9.0,ES MUY ATENTO Y COMPETENTE,9.0,6.0,9.0,11.0,10.0,10.0,10.0,11.0,11.0,11.0,11.0,11.0,10.0,10.0,10.0,10.0,9.0,1.0,1.0,1.0,1.0,1.0,3
67,7,1,3,1,0,1,0,0,0,0,0,5,346.0,1.0,4.0,,8.0,Seguir igual,8.0,5.0,7.0,8.0,7.0,8.0,9.0,8.0,6.0,7.0,5.0,7.0,8.0,7.0,9.0,7.0,8.0,2.0,2.0,2.0,2.0,2.0,1
67,7,1,7,4,1,1,1,0,1,0,0,5,353.0,2.0,,,8.0,Más información sobre el estado de su préstamo.,9.0,6.0,9.0,9.0,8.0,9.0,9.0,9.0,7.0,7.0,6.0,8.0,8.0,8.0,9.0,9.0,7.0,2.0,3.0,2.0,3.0,3.0,3
67,7,1,7,4,0,1,0,0,0,0,0,4,346.0,1.0,3.0,,5.0,Ninguna en especial,6.0,5.0,6.0,6.0,3.0,6.0,8.0,4.0,4.0,5.0,5.0,6.0,7.0,6.0,6.0,6.0,4.0,3.0,3.0,3.0,3.0,4.0,1
67,7,2,9,5,0,1,0,0,0,0,0,4,52.0,1.0,3.0,,7.0,Por ahora ninguno,9.0,6.0,8.0,8.0,8.0,9.0,10.0,10.0,9.0,9.0,8.0,9.0,9.0,8.0,9.0,7.0,8.0,2.0,2.0,2.0,2.0,2.0,1
67,7,1,5,7,0,0,0,1,0,0,0,4,78.0,5.0,1.0,,9.0,La sencillez de abrir la consulta,10.0,7.0,10.0,10.0,10.0,11.0,11.0,11.0,10.0,10.0,11.0,11.0,11.0,11.0,11.0,10.0,10.0,1.0,1.0,1.0,2.0,2.0,3
67,7,1,12,3,1,1,0,0,1,0,0,5,314.0,1.0,,,10.0,"todo, es un excelente banco",10.0,7.0,10.0,11.0,11.0,11.0,11.0,11.0,11.0,11.0,9.0,11.0,11.0,10.0,11.0,7.0,10.0,1.0,2.0,1.0,1.0,1.0,3
67,7,2,7,4,1,0,0,0,0,0,0,4,76.0,1.0,6.0,,8.0,ofreces intereses más bajos,8.0,6.0,8.0,9.0,12.0,9.0,10.0,8.0,8.0,9.0,9.0,9.0,9.0,8.0,7.0,7.0,8.0,3.0,3.0,3.0,4.0,3.0,3
67,7,2,1,6,1,1,0,0,0,0,0,5,348.0,1.0,4.0,,4.0,Nada especial   No suelo recomendar nada,5.0,5.0,5.0,6.0,6.0,6.0,10.0,6.0,6.0,6.0,6.0,6.0,6.0,7.0,6.0,7.0,5.0,3.0,3.0,3.0,3.0,4.0,2
67,7,1,7,4,0,1,0,1,1,0,0,5,469.0,5.0,1.0,,9.0,facilidades de pago,9.0,5.0,10.0,10.0,9.0,9.0,11.0,11.0,10.0,10.0,9.0,9.0,10.0,9.0,10.0,10.0,8.0,3.0,1.0,2.0,2.0,2.0,3
67,7,1,1,6,1,0,0,1,0,0,0,5,52.0,1.0,2.0,,10.0,Comodidad y tipos de interés.,10.0,7.0,10.0,11.0,9.0,11.0,11.0,11.0,11.0,11.0,10.0,11.0,11.0,10.0,10.0,11.0,10.0,1.0,2.0,1.0,2.0,2.0,3
67,7,1,1,6,1,0,0,0,0,1,0,5,392.0,4.0,1.0,,10.0,Me lo propuso Toyota y fueron facilidades.,10.0,7.0,10.0,11.0,12.0,11.0,11.0,11.0,8.0,11.0,11.0,11.0,11.0,11.0,11.0,11.0,8.0,1.0,1.0,2.0,2.0,2.0,5
67,7,2,1,6,0,0,0,1,0,0,0,4,994.0,4.0,1.0,,5.0,expensive,5.0,5.0,7.0,6.0,6.0,6.0,6.0,5.0,6.0,6.0,5.0,6.0,8.0,6.0,6.0,6.0,5.0,3.0,4.0,3.0,3.0,4.0,2
67,7,2,5,7,1,1,1,0,0,1,0,5,353.0,5.0,1.0,,9.0,Porque me lo pusieron muy fácil y me respondieron en el mismo día.,9.0,6.0,9.0,10.0,9.0,10.0,10.0,9.0,10.0,10.0,9.0,9.0,9.0,10.0,10.0,9.0,7.0,2.0,1.0,1.0,2.0,1.0,5
67,7,1,12,3,1,0,0,0,0,0,0,4,222.0,1.0,6.0,,2.0,Que ha suprimido la sicurcal en el pueblo en el que vivo. Y nos toca desplazarnos a otros municipios.,5.0,6.0,5.0,6.0,2.0,5.0,6.0,3.0,2.0,6.0,6.0,6.0,7.0,2.0,4.0,6.0,5.0,3.0,4.0,4.0,4.0,4.0,1
67,7,1,3,1,0,1,0,0,0,0,0,5,314.0,1.0,7.0,Compras,8.0,Limites mas altos,6.0,5.0,7.0,6.0,7.0,6.0,8.0,7.0,6.0,6.0,6.0,6.0,7.0,9.0,6.0,6.0,5.0,4.0,4.0,3.0,4.0,4.0,1
67,7,2,12,3,1,0,0,0,0,0,0,5,53.0,2.0,6.0,,8.0,Yo creo que esta bien como funciona,8.0,6.0,8.0,9.0,10.0,9.0,9.0,9.0,9.0,9.0,9.0,9.0,9.0,9.0,9.0,9.0,8.0,2.0,2.0,2.0,2.0,2.0,3
67,7,1,6,1,0,1,0,1,0,0,0,5,52.0,5.0,2.0,,10.0,"Son muy correctos, eficientes y claros",10.0,7.0,10.0,11.0,11.0,11.0,11.0,11.0,11.0,11.0,10.0,11.0,11.0,11.0,11.0,11.0,10.0,1.0,1.0,1.0,2.0,2.0,3
67,7,2,12,3,1,0,0,0,0,0,0,4,76.0,1.0,4.0,,9.0,"Fue cómodo, fácil y el interés bajo",9.0,6.0,9.0,9.0,7.0,10.0,10.0,10.0,10.0,8.0,8.0,10.0,10.0,10.0,10.0,10.0,8.0,3.0,3.0,2.0,3.0,3.0,3
67,7,1,12,3,1,0,0,1,1,0,0,5,52.0,1.0,,,6.0,Ninguna,7.0,4.0,6.0,6.0,4.0,6.0,10.0,4.0,4.0,6.0,4.0,6.0,9.0,9.0,5.0,6.0,5.0,1.0,3.0,2.0,3.0,3.0,1
67,7,1,1,6,1,0,0,1,0,0,0,5,126.0,2.0,1.0,,6.0,iNTERESES ALTO,6.0,5.0,7.0,9.0,9.0,9.0,9.0,8.0,6.0,7.0,8.0,8.0,8.0,7.0,6.0,7.0,7.0,2.0,3.0,4.0,4.0,4.0,2
67,7,1,7,4,1,0,0,0,0,0,0,4,126.0,2.0,5.0,,8.0,En conceder prestamos a intereses más competitivos,8.0,6.0,8.0,9.0,9.0,9.0,9.0,10.0,9.0,9.0,9.0,10.0,10.0,9.0,9.0,10.0,8.0,3.0,3.0,3.0,3.0,3.0,3
68,7,2,12,3,1,0,0,0,0,0,0,4,348.0,1.0,5.0,,8.0,menos intereses,8.0,5.0,7.0,9.0,9.0,7.0,9.0,8.0,8.0,8.0,8.0,7.0,7.0,8.0,8.0,8.0,6.0,4.0,4.0,4.0,4.0,4.0,1
68,7,1,6,1,0,1,0,0,0,0,0,4,53.0,2.0,2.0,,10.0,Atención y Servicios...,10.0,7.0,10.0,11.0,6.0,11.0,11.0,11.0,11.0,11.0,11.0,11.0,11.0,11.0,11.0,11.0,10.0,1.0,1.0,1.0,1.0,1.0,3
68,7,2,1,6,0,1,0,0,0,0,0,4,344.0,1.0,3.0,,9.0,Es práctico y fácil de usar.,9.0,6.0,9.0,6.0,12.0,6.0,6.0,9.0,6.0,6.0,6.0,9.0,9.0,9.0,9.0,9.0,5.0,3.0,2.0,2.0,4.0,3.0,2
68,7,1,2,2,1,0,1,0,0,0,0,5,126.0,5.0,7.0,ninguno de ellos,7.0,bajar el tipo de interes,7.0,5.0,7.0,8.0,12.0,6.0,12.0,8.0,6.0,6.0,4.0,6.0,6.0,8.0,7.0,8.0,5.0,3.0,4.0,3.0,4.0,4.0,1
68,7,2,1,6,0,1,0,1,0,0,0,5,78.0,5.0,1.0,,10.0,Trámites fáciles y sencillos,10.0,6.0,10.0,11.0,7.0,11.0,11.0,11.0,11.0,11.0,11.0,11.0,11.0,11.0,11.0,11.0,10.0,3.0,4.0,3.0,3.0,3.0,5
68,7,1,16,2,0,1,0,0,0,0,0,5,52.0,1.0,6.0,,9.0,"Las tarjetas fueron ofrecidas por él propio banco , sin ningún gasto y el trato es excelente .",10.0,6.0,9.0,11.0,11.0,11.0,11.0,11.0,10.0,9.0,9.0,10.0,10.0,10.0,10.0,11.0,9.0,1.0,2.0,1.0,1.0,2.0,3
68,7,1,9,5,1,0,0,0,0,0,0,4,78.0,5.0,7.0,Para un dentista,7.0,No se como mejorarlo,7.0,6.0,8.0,9.0,8.0,10.0,11.0,8.0,6.0,8.0,6.0,8.0,9.0,7.0,6.0,8.0,7.0,1.0,1.0,1.0,4.0,2.0,5
68,7,1,1,6,1,0,1,0,0,0,0,5,373.0,3.0,3.0,,10.0,La facilidad de las gestiones y el porcentaje de interés (0%),10.0,7.0,10.0,9.0,8.0,9.0,11.0,8.0,9.0,9.0,9.0,9.0,8.0,9.0,10.0,10.0,9.0,1.0,1.0,2.0,2.0,2.0,5
68,7,1,1,6,1,0,0,0,0,0,0,5,348.0,1.0,5.0,,9.0,Fue fácil pedirlo y el interés era muy competitivo.,9.0,6.0,9.0,10.0,10.0,10.0,11.0,9.0,9.0,10.0,9.0,10.0,10.0,9.0,10.0,9.0,8.0,2.0,3.0,1.0,2.0,2.0,5
68,7,2,12,3,1,0,0,0,0,0,0,4,230.0,1.0,5.0,,10.0,Atencion al cliente y facilidades para gestionarlo,10.0,7.0,10.0,11.0,10.0,11.0,11.0,11.0,11.0,9.0,8.0,11.0,11.0,10.0,10.0,11.0,10.0,2.0,2.0,3.0,1.0,3.0,3
68,7,2,1,6,0,0,0,0,1,0,0,4,53.0,2.0,,,7.0,Atención física al cliente,6.0,3.0,7.0,12.0,8.0,6.0,7.0,9.0,10.0,10.0,8.0,9.0,9.0,4.0,7.0,6.0,8.0,3.0,3.0,4.0,3.0,3.0,2
68,7,1,5,7,0,1,1,0,0,0,0,5,227.0,3.0,3.0,,8.0,okey,8.0,6.0,8.0,9.0,9.0,9.0,9.0,9.0,9.0,9.0,9.0,9.0,9.0,9.0,8.0,9.0,7.0,2.0,2.0,2.0,2.0,2.0,5
68,7,1,4,5,0,1,0,0,0,0,0,4,76.0,1.0,3.0,,7.0,no sabria decir,7.0,6.0,7.0,8.0,7.0,8.0,9.0,8.0,6.0,7.0,6.0,9.0,8.0,9.0,7.0,7.0,7.0,2.0,1.0,2.0,2.0,2.0,1
68,7,2,7,4,0,1,0,0,0,0,0,4,348.0,1.0,3.0,,8.0,Más rapidez en las solicitudes,8.0,4.0,8.0,8.0,10.0,9.0,11.0,8.0,7.0,9.0,7.0,9.0,9.0,8.0,7.0,8.0,9.0,3.0,3.0,2.0,2.0,3.0,1
68,7,2,1,6,1,0,0,0,0,0,0,4,52.0,1.0,7.0,Para financiar tratamiento dental,10.0,Siempre llegaron los cobros exactos en la fecha fijada,10.0,7.0,10.0,10.0,9.0,10.0,11.0,9.0,9.0,9.0,9.0,11.0,11.0,11.0,6.0,11.0,7.0,1.0,2.0,2.0,2.0,2.0,3
68,7,2,7,4,0,1,0,0,0,0,0,4,348.0,1.0,3.0,,7.0,Rapidez de contratación,8.0,6.0,8.0,8.0,3.0,8.0,10.0,8.0,8.0,8.0,6.0,7.0,7.0,9.0,10.0,9.0,8.0,2.0,3.0,3.0,2.0,3.0,3
68,7,1,1,6,1,0,0,0,0,0,0,4,126.0,5.0,7.0,Bici,6.0,Tiene intereses altos,7.0,5.0,8.0,6.0,8.0,9.0,9.0,9.0,7.0,8.0,7.0,6.0,10.0,8.0,6.0,5.0,6.0,2.0,3.0,4.0,3.0,4.0,2
68,7,2,7,4,1,0,0,0,0,0,0,4,230.0,1.0,5.0,,7.0,Bajar los intereses o ampliar el tiempo de amortizacion,7.0,5.0,7.0,8.0,8.0,7.0,9.0,9.0,8.0,8.0,7.0,9.0,9.0,9.0,8.0,8.0,7.0,1.0,2.0,2.0,1.0,2.0,3
68,7,1,13,6,0,0,0,1,0,0,0,4,353.0,5.0,1.0,,9.0,Su facilidad e contrato y condiciones,9.0,6.0,8.0,11.0,10.0,11.0,11.0,10.0,9.0,9.0,10.0,10.0,10.0,7.0,9.0,8.0,8.0,1.0,2.0,3.0,1.0,3.0,5
68,7,1,13,6,1,0,0,0,0,0,0,4,43.0,1.0,6.0,,9.0,Bajo interés y rapidez,9.0,6.0,10.0,10.0,9.0,10.0,10.0,8.0,9.0,8.0,8.0,9.0,9.0,7.0,8.0,9.0,7.0,2.0,3.0,2.0,3.0,3.0,5
68,7,1,9,5,1,1,0,0,1,1,0,5,994.0,4.0,1.0,,8.0,"Podría mejorar en la comunicación de todo lo que es el funcionamiento del préstamo de Lissing: Correos electrónicos,SMS, Teléfono, ...",7.0,5.0,7.0,8.0,6.0,7.0,8.0,6.0,7.0,6.0,6.0,8.0,7.0,8.0,7.0,8.0,5.0,2.0,2.0,2.0,2.0,3.0,2
68,7,1,12,3,1,0,0,1,0,0,0,5,467.0,5.0,2.0,,7.0,Rapidez.,7.0,6.0,7.0,8.0,8.0,8.0,8.0,7.0,6.0,7.0,8.0,8.0,8.0,8.0,7.0,8.0,6.0,3.0,4.0,3.0,3.0,4.0,1
68,7,1,9,5,1,1,0,0,0,0,0,5,85.0,2.0,6.0,,8.0,Bajar la tasa de interés anual,5.0,6.0,5.0,7.0,9.0,6.0,8.0,8.0,6.0,6.0,6.0,6.0,6.0,6.0,7.0,8.0,4.0,3.0,3.0,2.0,3.0,3.0,2
68,7,2,9,5,1,0,0,0,0,0,0,4,126.0,2.0,5.0,,10.0,Me atendieron y explicaron todo muy bien,10.0,7.0,10.0,11.0,7.0,11.0,11.0,10.0,8.0,9.0,10.0,11.0,11.0,10.0,10.0,11.0,10.0,2.0,2.0,1.0,3.0,1.0,3
69,7,1,9,5,0,1,0,1,0,0,0,5,126.0,5.0,1.0,,9.0,rapidez,9.0,7.0,9.0,10.0,10.0,10.0,11.0,11.0,10.0,9.0,9.0,11.0,11.0,10.0,10.0,11.0,8.0,2.0,1.0,2.0,2.0,2.0,5
69,7,2,1,6,0,0,1,0,0,0,0,5,993.0,3.0,3.0,,10.0,SERIEDAD,10.0,7.0,10.0,11.0,12.0,11.0,11.0,11.0,11.0,11.0,10.0,11.0,11.0,11.0,11.0,11.0,10.0,1.0,1.0,1.0,1.0,1.0,5
69,7,1,8,4,1,0,0,0,0,0,0,4,348.0,1.0,6.0,,7.0,No tengo nada que recomendarle,7.0,5.0,7.0,7.0,6.0,6.0,7.0,7.0,6.0,6.0,6.0,6.0,7.0,8.0,6.0,6.0,5.0,2.0,3.0,3.0,3.0,3.0,1
69,7,2,12,3,0,1,0,0,0,0,0,4,78.0,2.0,5.0,,10.0,"Satisfacción,  logré el objetivo en el momento que lo necesite.",10.0,6.0,10.0,11.0,10.0,11.0,11.0,11.0,11.0,11.0,11.0,11.0,11.0,11.0,6.0,11.0,10.0,1.0,2.0,1.0,2.0,2.0,3
69,7,1,1,6,1,1,0,0,0,0,0,5,78.0,2.0,5.0,,9.0,"fue rápida la tramitación y fácil, y durante el tiempo de pago ha sido muy fácil gestionarlo",9.0,6.0,9.0,10.0,12.0,8.0,10.0,10.0,7.0,10.0,6.0,10.0,10.0,10.0,10.0,10.0,9.0,2.0,2.0,3.0,3.0,3.0,5
69,7,1,17,5,1,0,0,1,1,0,0,5,994.0,4.0,1.0,,7.0,Intereses más bajos,7.0,5.0,7.0,8.0,7.0,8.0,9.0,8.0,9.0,9.0,8.0,8.0,10.0,9.0,7.0,7.0,7.0,2.0,3.0,3.0,2.0,2.0,2
69,7,1,12,3,0,1,0,1,0,0,0,5,70.0,3.0,5.0,,0.0,"Es una tarjeta Revolving, abusiva con los intereses.",0.0,1.0,4.0,3.0,12.0,4.0,12.0,3.0,4.0,4.0,4.0,4.0,6.0,5.0,5.0,5.0,5.0,4.0,4.0,4.0,4.0,4.0,0
69,7,1,12,3,1,0,0,0,1,0,0,5,418.0,2.0,,,5.0,No me gusta la forma de trabajar el crédito,4.0,2.0,4.0,4.0,6.0,5.0,8.0,3.0,5.0,4.0,4.0,6.0,6.0,6.0,4.0,6.0,4.0,4.0,4.0,4.0,4.0,4.0,0
69,7,1,9,5,1,0,0,1,0,0,0,5,52.0,1.0,7.0,,10.0,La fácilidad y profesionalidad,10.0,7.0,10.0,11.0,3.0,7.0,11.0,11.0,7.0,10.0,6.0,10.0,11.0,11.0,11.0,9.0,9.0,3.0,2.0,1.0,2.0,2.0,5
69,7,2,7,4,1,0,0,0,0,0,0,4,52.0,1.0,6.0,,10.0,Lo rapido de la solicitud del prestamo,10.0,7.0,10.0,11.0,11.0,11.0,11.0,11.0,11.0,11.0,10.0,11.0,11.0,11.0,11.0,11.0,10.0,1.0,1.0,1.0,1.0,1.0,3
69,7,2,14,2,0,1,0,0,0,0,0,4,76.0,1.0,3.0,,10.0,No me cobran por las tarjetas,10.0,6.0,10.0,9.0,10.0,10.0,10.0,9.0,9.0,9.0,8.0,8.0,9.0,8.0,8.0,9.0,10.0,3.0,3.0,3.0,3.0,3.0,3
69,7,1,15,2,0,1,1,0,0,0,0,5,374.0,3.0,7.0,Para ser socio del Club Fnac,6.0,"Un 6 es que sí. Lo haría por sus descuentos y/o reembolsos. Pero no muy efusivamente porque las tarjetas de crédito revolving son peligrosas, con intereses abusivos...",6.0,5.0,7.0,6.0,1.0,1.0,12.0,6.0,5.0,1.0,1.0,6.0,10.0,6.0,2.0,6.0,0.0,3.0,3.0,3.0,4.0,4.0,1
69,7,2,5,7,1,1,0,0,0,0,0,5,43.0,1.0,6.0,,8.0,Bajar los intereses un poco. Tener beneficios adicionales.,8.0,6.0,10.0,9.0,10.0,9.0,11.0,11.0,9.0,7.0,6.0,11.0,11.0,11.0,9.0,9.0,8.0,1.0,2.0,2.0,3.0,3.0,5
69,7,2,11,1,0,0,1,0,0,0,0,4,378.0,3.0,3.0,,10.0,los descuentos,10.0,7.0,10.0,11.0,6.0,11.0,11.0,11.0,11.0,10.0,11.0,11.0,11.0,11.0,11.0,11.0,10.0,1.0,1.0,1.0,1.0,1.0,3
69,7,1,1,6,1,1,0,0,0,0,0,5,418.0,2.0,3.0,,7.0,una vez no te desean como cliente tratan de hacer que devuelvas lo prestado del tirón y como es natural después de años ampliando capital del préstamo porque a ellos les interesaba también se adquiere una deuda importante que hay que pagar poco a poc,6.0,5.0,6.0,5.0,3.0,7.0,9.0,3.0,2.0,7.0,7.0,8.0,8.0,5.0,5.0,7.0,6.0,4.0,3.0,4.0,3.0,3.0,2
69,7,1,15,2,0,0,1,0,0,0,0,4,993.0,3.0,5.0,,9.0,Todavia no lo tengo instakado,9.0,6.0,9.0,10.0,10.0,11.0,10.0,10.0,10.0,10.0,9.0,10.0,11.0,10.0,10.0,10.0,9.0,1.0,1.0,1.0,1.0,3.0,3
69,7,1,2,2,1,0,0,0,0,0,0,4,222.0,1.0,3.0,,9.0,fue muy sencillo en la app,9.0,7.0,9.0,10.0,8.0,9.0,10.0,9.0,7.0,10.0,3.0,10.0,10.0,9.0,6.0,9.0,7.0,2.0,3.0,3.0,3.0,4.0,3
69,7,1,4,5,0,0,1,0,0,0,0,4,296.0,3.0,5.0,,8.0,La rapidez de la concesión,8.0,5.0,8.0,11.0,9.0,9.0,11.0,10.0,10.0,10.0,10.0,9.0,10.0,10.0,10.0,10.0,9.0,3.0,3.0,2.0,3.0,3.0,5
69,7,1,2,2,1,0,0,0,0,0,0,4,126.0,5.0,7.0,Iphone,7.0,Menos intereses,7.0,6.0,7.0,8.0,7.0,8.0,8.0,8.0,8.0,7.0,7.0,8.0,8.0,8.0,8.0,8.0,7.0,1.0,3.0,2.0,3.0,2.0,1
69,7,1,15,2,0,0,1,0,0,0,0,5,343.0,3.0,7.0,Para la gasolina,8.0,Más gasolineras,9.0,6.0,9.0,9.0,4.0,6.0,9.0,9.0,7.0,8.0,8.0,11.0,11.0,5.0,5.0,7.0,5.0,3.0,3.0,2.0,4.0,3.0,3
70,7,1,9,5,1,0,0,0,0,0,0,4,76.0,1.0,6.0,,7.0,En no mirar tanto para su negocio,7.0,5.0,6.0,12.0,2.0,3.0,10.0,4.0,3.0,6.0,6.0,6.0,5.0,5.0,4.0,4.0,5.0,3.0,3.0,4.0,3.0,3.0,2
70,7,2,2,2,0,0,0,1,0,0,0,4,52.0,5.0,1.0,,10.0,El  pteci,10.0,7.0,10.0,8.0,9.0,8.0,9.0,9.0,10.0,10.0,10.0,6.0,9.0,9.0,9.0,10.0,10.0,1.0,1.0,1.0,1.0,1.0,3
70,7,2,5,7,1,0,0,1,0,0,0,5,52.0,1.0,1.0,,9.0,"Buena atención, respuesta oportuna, proceso agil.",9.0,6.0,9.0,8.0,12.0,10.0,9.0,10.0,10.0,10.0,10.0,10.0,10.0,10.0,10.0,10.0,9.0,2.0,2.0,1.0,2.0,2.0,5
70,7,1,12,3,0,1,0,0,0,0,0,4,52.0,1.0,7.0,Para nada en concreto.,10.0,Funciona bien y no he tenido problemas hasta el momento.,10.0,7.0,10.0,11.0,10.0,10.0,11.0,11.0,11.0,9.0,8.0,11.0,11.0,11.0,10.0,11.0,6.0,1.0,2.0,2.0,2.0,3.0,3
70,7,2,15,2,1,0,1,0,0,0,0,5,381.0,3.0,5.0,,9.0,Facilidad para pagar un cuarto de baño nuevo cómodamente sin utilizar ahorro,9.0,7.0,10.0,11.0,12.0,11.0,11.0,10.0,10.0,10.0,10.0,10.0,10.0,10.0,11.0,10.0,10.0,1.0,1.0,1.0,1.0,1.0,3
70,7,1,1,6,1,0,0,0,0,0,0,4,348.0,1.0,6.0,,8.0,Creo que todo funciona bien,9.0,6.0,9.0,10.0,9.0,10.0,10.0,10.0,10.0,10.0,10.0,10.0,10.0,10.0,10.0,10.0,9.0,2.0,2.0,3.0,2.0,2.0,5
70,7,1,12,3,0,1,0,0,0,1,0,5,382.0,3.0,6.0,,6.0,Es comida de Óscar pero no acabt nunca,7.0,5.0,7.0,8.0,4.0,8.0,8.0,6.0,6.0,6.0,5.0,7.0,8.0,5.0,7.0,8.0,4.0,3.0,2.0,3.0,3.0,3.0,1
70,7,2,1,6,1,0,0,0,0,0,0,4,76.0,1.0,1.0,,10.0,"cuando me solicito el credito para comprar el coche nuevo el banco me ofrecio dinero sin comiciones  ,  era muy rapido  , cuotas mensuales comodas",10.0,7.0,10.0,11.0,11.0,11.0,11.0,11.0,11.0,11.0,11.0,11.0,11.0,11.0,11.0,11.0,10.0,1.0,1.0,1.0,1.0,1.0,3
70,7,2,6,1,0,1,0,0,0,0,0,5,33.0,1.0,3.0,,9.0,Que tengo un asesor que me ayuda,9.0,2.0,9.0,10.0,9.0,9.0,10.0,9.0,9.0,9.0,9.0,9.0,9.0,10.0,9.0,8.0,9.0,2.0,2.0,2.0,2.0,1.0,3
70,7,1,12,3,0,1,0,0,0,0,0,4,52.0,1.0,5.0,,10.0,Que el proceso fue sencillo y rápido.,10.0,7.0,10.0,11.0,11.0,11.0,11.0,11.0,11.0,10.0,9.0,11.0,11.0,11.0,11.0,11.0,9.0,1.0,2.0,2.0,2.0,3.0,3
70,7,1,1,6,1,0,0,0,0,0,0,4,76.0,1.0,7.0,AYUDA COMPRA PISO DE UNA HIJA,0.0,NUNCA RECOMIENDO NADA A NADIE.,9.0,6.0,9.0,9.0,6.0,10.0,10.0,10.0,6.0,7.0,6.0,10.0,10.0,10.0,10.0,10.0,6.0,2.0,1.0,1.0,2.0,4.0,2
70,7,2,1,6,1,0,0,0,0,0,0,4,52.0,1.0,6.0,,6.0,Intereses altos,8.0,4.0,8.0,7.0,6.0,7.0,12.0,6.0,6.0,6.0,5.0,9.0,7.0,7.0,6.0,7.0,5.0,3.0,3.0,3.0,3.0,3.0,2
70,7,2,15,2,0,0,1,0,0,0,0,4,381.0,3.0,5.0,,10.0,La comodidad de pago,9.0,7.0,9.0,11.0,11.0,11.0,11.0,10.0,11.0,11.0,6.0,6.0,11.0,11.0,11.0,10.0,10.0,1.0,2.0,1.0,1.0,1.0,3
71,7,1,12,3,0,1,0,1,0,0,0,5,230.0,1.0,3.0,,10.0,no tiene comisiones,10.0,7.0,10.0,11.0,11.0,11.0,11.0,11.0,11.0,11.0,11.0,11.0,11.0,11.0,11.0,11.0,10.0,2.0,2.0,3.0,2.0,2.0,3
71,7,1,15,2,0,0,1,0,0,0,0,4,382.0,3.0,3.0,,9.0,"La comodidad de pagar en 36 meses el pago de un televisor , sin darme cuenta y por un pequeño interés.co. seguro incluido.",9.0,7.0,9.0,11.0,10.0,11.0,10.0,10.0,10.0,10.0,10.0,10.0,10.0,10.0,10.0,10.0,9.0,1.0,1.0,1.0,2.0,2.0,3
71,7,1,10,4,1,1,0,0,0,0,0,5,230.0,1.0,5.0,,9.0,Sencillez en los trámites.,9.0,6.0,9.0,10.0,10.0,10.0,10.0,10.0,10.0,10.0,10.0,10.0,10.0,10.0,10.0,10.0,9.0,2.0,2.0,2.0,2.0,2.0,3
71,7,1,5,7,0,1,0,0,0,0,0,4,76.0,1.0,6.0,,7.0,está bien,7.0,5.0,7.0,6.0,12.0,7.0,9.0,7.0,6.0,8.0,7.0,8.0,9.0,7.0,7.0,6.0,7.0,3.0,3.0,3.0,3.0,3.0,2
71,7,1,12,3,0,1,0,0,0,0,0,5,344.0,1.0,3.0,,7.0,Yo creo que no hay nada que mejorar,8.0,6.0,8.0,8.0,9.0,8.0,9.0,9.0,8.0,8.0,7.0,9.0,9.0,8.0,8.0,6.0,6.0,3.0,3.0,2.0,3.0,2.0,1
71,7,1,13,6,1,0,0,0,0,0,0,4,52.0,1.0,6.0,,10.0,Es mi banco de confianza,10.0,6.0,9.0,10.0,10.0,10.0,10.0,10.0,9.0,10.0,9.0,10.0,10.0,10.0,10.0,10.0,9.0,2.0,2.0,2.0,2.0,2.0,5
71,7,2,5,7,0,1,1,0,0,0,0,5,373.0,3.0,3.0,,9.0,"Sus bajos costes. Tales como: 0 intereses,  0 comisiones y muy cómodo de utilizar",9.0,7.0,9.0,9.0,6.0,8.0,8.0,8.0,8.0,8.0,7.0,9.0,8.0,9.0,7.0,9.0,8.0,1.0,1.0,1.0,2.0,2.0,5
71,7,1,5,7,0,1,1,0,0,0,0,5,369.0,3.0,3.0,,10.0,Rapidez de atención y aprobación,10.0,7.0,10.0,11.0,11.0,11.0,11.0,11.0,11.0,11.0,11.0,11.0,11.0,11.0,11.0,11.0,10.0,1.0,1.0,1.0,1.0,1.0,5
71,7,1,7,4,0,1,0,0,0,1,0,5,373.0,3.0,3.0,,9.0,RAPIDEZ DE TRAMITACION. BUENA UTILIDAD COMO TARJETA FISICA COMO POR LA APP DEL CORTE INGLES,9.0,6.0,9.0,9.0,6.0,9.0,10.0,10.0,8.0,9.0,9.0,10.0,10.0,10.0,9.0,9.0,8.0,2.0,2.0,1.0,2.0,1.0,3
71,7,1,5,7,1,1,0,1,0,0,0,5,337.0,4.0,1.0,,7.0,Attender mas rapido a los clientes,6.0,4.0,5.0,6.0,12.0,7.0,12.0,3.0,1.0,2.0,2.0,3.0,6.0,4.0,4.0,4.0,1.0,4.0,4.0,4.0,4.0,4.0,0
71,7,1,12,3,1,0,0,0,0,0,0,4,126.0,2.0,5.0,,9.0,Rapidez en la gestion,9.0,7.0,9.0,8.0,7.0,10.0,10.0,10.0,9.0,8.0,9.0,10.0,10.0,10.0,8.0,10.0,9.0,2.0,3.0,2.0,2.0,3.0,3
72,7,1,1,6,1,1,0,0,0,0,0,5,311.0,2.0,5.0,,10.0,La rapidez y el tipo de interés,10.0,1.0,10.0,11.0,10.0,11.0,11.0,10.0,11.0,10.0,10.0,10.0,10.0,10.0,11.0,11.0,10.0,1.0,1.0,1.0,2.0,1.0,5
72,7,1,1,6,0,1,0,0,0,0,0,4,373.0,3.0,3.0,,9.0,Facilidad al ser cliente,9.0,6.0,9.0,10.0,10.0,8.0,10.0,10.0,9.0,10.0,10.0,10.0,10.0,10.0,10.0,9.0,9.0,2.0,2.0,2.0,3.0,2.0,5
72,7,2,4,5,1,0,0,0,0,0,0,4,52.0,1.0,2.0,,10.0,"Apoyo y facilidad total, eficiente en la gestión de crédito.",10.0,7.0,10.0,11.0,11.0,11.0,11.0,11.0,11.0,11.0,11.0,11.0,11.0,11.0,11.0,11.0,10.0,1.0,1.0,1.0,1.0,1.0,3
72,7,1,3,1,1,1,0,0,0,0,0,5,76.0,1.0,3.0,,9.0,Nunca tuve problemas,10.0,6.0,10.0,6.0,6.0,6.0,11.0,6.0,6.0,6.0,6.0,11.0,11.0,7.0,7.0,8.0,5.0,3.0,4.0,3.0,4.0,4.0,3
72,7,2,12,3,0,1,0,0,0,0,0,4,348.0,1.0,5.0,,10.0,LA FACILIDAD DE CONSEGUIRLA,10.0,7.0,10.0,11.0,11.0,11.0,11.0,11.0,11.0,11.0,11.0,11.0,11.0,11.0,11.0,11.0,10.0,1.0,1.0,1.0,1.0,1.0,3
72,7,2,12,3,1,0,1,0,0,0,0,5,283.0,3.0,3.0,,10.0,Da buen servicio,10.0,1.0,10.0,11.0,11.0,11.0,11.0,11.0,10.0,10.0,10.0,10.0,10.0,10.0,10.0,10.0,10.0,1.0,1.0,1.0,1.0,1.0,3
72,7,1,12,3,1,1,0,0,0,0,0,5,348.0,1.0,6.0,,8.0,es muy completo,8.0,6.0,8.0,9.0,8.0,8.0,10.0,9.0,8.0,8.0,7.0,9.0,9.0,9.0,8.0,9.0,8.0,2.0,2.0,2.0,3.0,3.0,3
72,7,1,12,3,0,1,0,0,0,0,0,4,378.0,3.0,3.0,,10.0,Los beneficios que lleva,10.0,7.0,10.0,11.0,11.0,11.0,11.0,9.0,11.0,11.0,10.0,11.0,11.0,11.0,11.0,11.0,10.0,2.0,2.0,1.0,1.0,1.0,3
72,7,1,1,6,1,0,0,0,0,0,0,4,995.0,5.0,7.0,para financiar arreglo dental,5.0,es la primera vez y no tengo opinión,10.0,7.0,5.0,11.0,12.0,11.0,11.0,11.0,10.0,9.0,6.0,6.0,6.0,6.0,11.0,11.0,5.0,3.0,2.0,3.0,3.0,2.0,1
72,7,1,12,3,1,1,1,0,0,1,0,5,412.0,4.0,2.0,,5.0,Es un interés caro,6.0,5.0,6.0,6.0,6.0,6.0,6.0,6.0,7.0,6.0,6.0,6.0,6.0,6.0,7.0,6.0,5.0,3.0,4.0,4.0,4.0,4.0,1
73,7,1,12,3,1,1,0,0,0,0,0,5,52.0,1.0,1.0,,9.0,La atención del personal fue muy amigable y concisa,9.0,6.0,9.0,8.0,7.0,9.0,10.0,7.0,7.0,7.0,6.0,9.0,8.0,9.0,8.0,8.0,8.0,2.0,3.0,2.0,3.0,2.0,3
73,7,2,12,3,0,1,1,0,0,0,0,5,370.0,3.0,5.0,,10.0,Tiene buenas valoraciones y a mí me va muy bien,10.0,7.0,10.0,11.0,11.0,11.0,10.0,11.0,11.0,11.0,11.0,11.0,10.0,11.0,11.0,11.0,10.0,1.0,1.0,1.0,2.0,2.0,3
73,7,1,1,6,1,0,0,0,0,0,0,4,76.0,1.0,5.0,,9.0,Me lo concedieron rápido,8.0,5.0,9.0,9.0,9.0,9.0,9.0,9.0,8.0,8.0,9.0,9.0,10.0,10.0,10.0,10.0,9.0,2.0,3.0,2.0,3.0,3.0,5
73,7,2,4,5,0,1,0,0,0,0,0,5,161.0,1.0,7.0,Mi lo dieren por tener un producto con ellos,10.0,Buenos productos y asesoramiento,10.0,7.0,9.0,11.0,12.0,11.0,11.0,11.0,11.0,11.0,6.0,11.0,11.0,11.0,11.0,11.0,6.0,1.0,1.0,1.0,1.0,1.0,5
73,7,2,3,1,0,0,0,1,0,0,0,4,126.0,5.0,1.0,,10.0,"El préstamo se realizó en el concesionario para 5 años ,pero se podía abonar completamente a los 24 meses , lo hice y me devolvieron dinero por lo no consumido",10.0,7.0,10.0,10.0,8.0,10.0,10.0,9.0,9.0,8.0,9.0,10.0,10.0,8.0,10.0,9.0,10.0,2.0,2.0,2.0,2.0,2.0,3
73,7,1,5,7,0,1,0,0,0,0,0,4,76.0,1.0,6.0,,5.0,Me están asando a intereses,7.0,5.0,7.0,8.0,9.0,7.0,8.0,4.0,7.0,8.0,5.0,8.0,8.0,8.0,6.0,4.0,5.0,3.0,4.0,2.0,4.0,3.0,2
73,7,2,12,3,0,0,1,0,0,0,0,4,381.0,3.0,5.0,,10.0,Muchas tranquilidad,10.0,7.0,10.0,11.0,9.0,11.0,11.0,11.0,11.0,11.0,11.0,11.0,11.0,11.0,11.0,11.0,10.0,1.0,2.0,1.0,2.0,1.0,3
73,7,1,12,3,1,1,0,0,1,0,0,5,53.0,2.0,,,10.0,"Atención, rapidez,",10.0,7.0,10.0,10.0,11.0,11.0,11.0,11.0,11.0,11.0,11.0,11.0,11.0,11.0,11.0,11.0,10.0,1.0,2.0,1.0,1.0,2.0,3
73,7,2,12,3,0,1,0,0,0,0,0,4,348.0,1.0,5.0,,10.0,Agilidad en el tramite,10.0,7.0,10.0,10.0,9.0,10.0,11.0,10.0,9.0,9.0,9.0,11.0,11.0,10.0,9.0,9.0,8.0,2.0,3.0,2.0,3.0,3.0,3
74,7,1,15,2,1,0,0,0,0,0,0,4,135.0,2.0,2.0,,9.0,cumple con todo,9.0,6.0,9.0,9.0,9.0,9.0,10.0,9.0,9.0,8.0,9.0,9.0,9.0,8.0,8.0,8.0,8.0,3.0,2.0,2.0,3.0,2.0,3
74,7,2,12,3,1,0,0,0,0,0,0,4,76.0,1.0,5.0,,8.0,en cobr menos intereses,8.0,4.0,7.0,8.0,12.0,8.0,9.0,2.0,1.0,6.0,4.0,6.0,6.0,8.0,8.0,8.0,7.0,4.0,4.0,4.0,4.0,4.0,1
74,7,2,12,3,1,0,0,0,0,0,0,5,52.0,1.0,6.0,,10.0,Lo práctico,10.0,7.0,10.0,11.0,11.0,10.0,11.0,11.0,11.0,11.0,11.0,11.0,11.0,11.0,11.0,11.0,10.0,1.0,1.0,1.0,1.0,1.0,3
74,7,1,1,6,0,0,0,0,1,0,0,4,992.0,2.0,,,8.0,MENOS INTERESES,7.0,5.0,7.0,8.0,8.0,8.0,9.0,8.0,8.0,6.0,6.0,8.0,8.0,8.0,7.0,6.0,6.0,3.0,3.0,3.0,3.0,3.0,2
74,7,1,1,6,1,0,0,0,1,1,0,5,126.0,5.0,2.0,,7.0,intereses mas bajos,7.0,5.0,7.0,7.0,8.0,7.0,8.0,7.0,7.0,8.0,7.0,8.0,7.0,8.0,7.0,8.0,6.0,2.0,2.0,3.0,3.0,4.0,2
74,7,1,15,2,0,0,1,0,0,0,0,5,373.0,3.0,3.0,,9.0,"Honestos, profesionalidad",9.0,7.0,9.0,10.0,12.0,10.0,10.0,10.0,10.0,10.0,10.0,10.0,10.0,10.0,10.0,10.0,9.0,1.0,2.0,1.0,1.0,1.0,3
74,7,2,12,3,1,0,0,0,0,0,0,4,52.0,1.0,5.0,,8.0,Que tuviera menos intereses,8.0,4.0,8.0,6.0,6.0,6.0,7.0,6.0,9.0,6.0,6.0,6.0,6.0,7.0,9.0,9.0,5.0,2.0,2.0,3.0,3.0,4.0,1
75,7,1,9,5,0,1,0,0,1,0,0,5,374.0,3.0,3.0,,8.0,Rapidez en su obtención y operativa,8.0,6.0,8.0,10.0,10.0,10.0,10.0,9.0,9.0,9.0,10.0,10.0,10.0,9.0,9.0,9.0,5.0,3.0,3.0,2.0,3.0,3.0,5
75,7,1,10,4,1,1,0,0,0,0,0,5,126.0,5.0,7.0,Audifonos,10.0,La facilidad y la rapidez,10.0,7.0,10.0,11.0,11.0,11.0,11.0,11.0,11.0,11.0,11.0,11.0,11.0,11.0,11.0,11.0,10.0,1.0,1.0,1.0,1.0,1.0,3
75,7,1,7,4,1,1,0,0,0,0,0,5,418.0,2.0,6.0,,0.0,Intereses muy elevados,0.0,7.0,0.0,11.0,11.0,1.0,11.0,11.0,1.0,11.0,6.0,11.0,11.0,11.0,11.0,11.0,5.0,3.0,1.0,2.0,1.0,2.0,0
75,7,2,15,2,0,1,1,0,0,0,0,5,5.0,1.0,3.0,,8.0,Últimamente me está defraudando porque sus condiciones se han vuelto más duras,6.0,3.0,6.0,5.0,12.0,9.0,9.0,6.0,4.0,6.0,6.0,5.0,9.0,6.0,4.0,5.0,6.0,3.0,4.0,4.0,2.0,3.0,1
75,7,2,2,2,0,1,1,0,0,0,0,5,43.0,1.0,7.0,Me la dieron al abrir cuenta allí,7.0,Han avanzado la fecha de pago de la tarjeta que la retrasen de nuevo,5.0,5.0,6.0,4.0,2.0,3.0,8.0,6.0,3.0,4.0,3.0,6.0,4.0,5.0,3.0,3.0,4.0,4.0,4.0,3.0,4.0,4.0,1
76,7,1,17,5,1,0,0,0,0,0,0,4,76.0,1.0,6.0,,10.0,"Buena atención, rapidez en la respuesta",10.0,7.0,10.0,10.0,11.0,5.0,11.0,11.0,11.0,11.0,5.0,10.0,11.0,9.0,10.0,11.0,10.0,1.0,1.0,1.0,1.0,1.0,3
76,7,2,1,6,0,1,0,0,0,0,0,4,230.0,1.0,6.0,,10.0,Muy buena atención al cliente,10.0,7.0,10.0,11.0,12.0,11.0,11.0,11.0,11.0,11.0,6.0,11.0,11.0,11.0,11.0,11.0,10.0,2.0,2.0,2.0,2.0,2.0,5
76,7,1,12,3,0,0,1,0,0,0,0,4,993.0,3.0,3.0,,9.0,Facilidad,10.0,7.0,10.0,11.0,12.0,11.0,11.0,11.0,9.0,11.0,11.0,11.0,11.0,11.0,11.0,9.0,10.0,1.0,1.0,3.0,2.0,2.0,3
77,7,1,10,4,0,1,0,0,0,0,0,4,44.0,2.0,3.0,,0.0,Es una tarjeta revolving con unos ibtereses desorbitados,5.0,4.0,5.0,1.0,1.0,1.0,2.0,5.0,4.0,6.0,1.0,1.0,4.0,4.0,4.0,2.0,5.0,4.0,4.0,4.0,4.0,4.0,0
77,7,1,10,4,1,1,0,0,0,0,0,5,373.0,3.0,3.0,,10.0,te dan faciliddes de pago a plazos,10.0,6.0,9.0,10.0,10.0,10.0,10.0,10.0,11.0,11.0,10.0,10.0,10.0,10.0,10.0,10.0,9.0,2.0,2.0,2.0,2.0,2.0,3
77,7,2,1,6,1,1,0,0,0,0,0,5,346.0,1.0,6.0,,2.0,Porque cobra intereses muy altos no acabas nunca de pagarlo,1.0,1.0,1.0,1.0,1.0,1.0,9.0,2.0,1.0,8.0,6.0,10.0,9.0,2.0,1.0,1.0,5.0,4.0,4.0,4.0,4.0,4.0,0
78,7,1,1,6,1,1,1,1,0,0,0,5,337.0,4.0,1.0,,10.0,Es una Financiera muy ágil.,10.0,7.0,10.0,11.0,10.0,11.0,11.0,11.0,9.0,9.0,11.0,11.0,11.0,11.0,10.0,11.0,10.0,1.0,2.0,1.0,2.0,2.0,3
80,7,2,1,6,0,1,0,0,0,0,0,4,52.0,1.0,1.0,,10.0,Atención y servicio rapido,10.0,7.0,10.0,11.0,11.0,11.0,11.0,11.0,11.0,11.0,11.0,11.0,11.0,11.0,11.0,11.0,10.0,1.0,2.0,2.0,1.0,1.0,3
81,7,1,12,3,1,0,0,0,0,0,0,4,5.0,1.0,6.0,,10.0,La atención al cliente y la aprobación en un tiempo específico,9.0,7.0,10.0,11.0,10.0,11.0,11.0,10.0,10.0,11.0,8.0,11.0,11.0,11.0,10.0,11.0,10.0,3.0,1.0,2.0,2.0,1.0,3
82,7,2,4,5,1,0,0,0,0,0,0,4,348.0,1.0,2.0,,9.0,Largo plazo para pagar el préstamo,7.0,5.0,7.0,10.0,8.0,7.0,10.0,10.0,9.0,6.0,8.0,11.0,11.0,9.0,7.0,6.0,8.0,2.0,3.0,2.0,4.0,3.0,5
83,7,2,2,2,0,1,0,0,1,0,0,5,370.0,3.0,3.0,,6.0,Ñolose,4.0,3.0,6.0,5.0,7.0,1.0,8.0,8.0,5.0,6.0,5.0,7.0,6.0,4.0,8.0,5.0,6.0,2.0,2.0,1.0,1.0,1.0,1
83,7,1,12,3,0,0,0,1,0,0,0,4,392.0,4.0,1.0,,8.0,Todo va funcionando,8.0,6.0,8.0,8.0,7.0,8.0,9.0,7.0,8.0,8.0,8.0,7.0,7.0,8.0,7.0,8.0,8.0,2.0,2.0,2.0,3.0,2.0,3
